* This is the BiomeMobWeight report file that is output every time the server starts.,,,,,,,
*,,,,,,,
* Spawn Balance Utility (SBU) will use this file ONLY if it is renamed to BiomeMobWeight.csv.,,,,,,,
* If you remove all lines for a Biome,the default values will be used,,,,,,
* So for an 'empty' biome,leave one line with a CREATURE or the AMBIENT line with bats.,,,,,,
* Lines starting with '*' are comments and ignored,,,,,,,
* When this file is read,SBU writes summary information to the log file.,,,,,,
*,,,,,,,
1,private,biomeswevegone:allium_shrubland,MONSTER,minecraft:spider,10,4,4
2,private,biomeswevegone:allium_shrubland,MONSTER,minecraft:zombie,10,4,4
3,private,biomeswevegone:allium_shrubland,MONSTER,minecraft:zombie_villager,5,1,1
4,private,biomeswevegone:allium_shrubland,MONSTER,minecraft:skeleton,10,4,4
5,private,biomeswevegone:allium_shrubland,MONSTER,minecraft:creeper,10,4,4
6,private,biomeswevegone:allium_shrubland,MONSTER,minecraft:slime,10,4,4
7,private,biomeswevegone:allium_shrubland,MONSTER,minecraft:enderman,5,1,4
8,private,biomeswevegone:allium_shrubland,MONSTER,minecraft:witch,5,1,1
9,private,biomeswevegone:allium_shrubland,MONSTER,irons_spellbooks:necromancer,18,1,1
10,private,biomeswevegone:allium_shrubland,CREATURE,biomeswevegone:oddion,18,2,8
11,private,biomeswevegone:allium_shrubland,CREATURE,minecraft:sheep,12,4,4
12,private,biomeswevegone:allium_shrubland,CREATURE,minecraft:pig,10,4,4
13,private,biomeswevegone:allium_shrubland,CREATURE,minecraft:chicken,10,4,4
14,private,biomeswevegone:allium_shrubland,CREATURE,minecraft:cow,8,4,4
15,private,biomeswevegone:allium_shrubland,CREATURE,minecraft:horse,5,2,6
16,private,biomeswevegone:allium_shrubland,CREATURE,minecraft:donkey,5,1,3
17,private,biomeswevegone:allium_shrubland,CREATURE,ars_nouveau:drygmy,5,1,2
18,private,biomeswevegone:allium_shrubland,CREATURE,ars_nouveau:gift_starby,5,1,1
19,private,biomeswevegone:allium_shrubland,CREATURE,ars_nouveau:starbuncle,5,1,2
20,private,biomeswevegone:allium_shrubland,CREATURE,ars_nouveau:whirlisprig,5,1,2
21,private,biomeswevegone:allium_shrubland,AMBIENT,minecraft:bat,10,8,8
22,private,biomeswevegone:allium_shrubland,UNDERGROUND_WATER_CREATURE,minecraft:glow_squid,10,4,6
23,private,biomeswevegone:amaranth_grassland,MONSTER,minecraft:spider,10,4,4
24,private,biomeswevegone:amaranth_grassland,MONSTER,minecraft:zombie,10,4,4
25,private,biomeswevegone:amaranth_grassland,MONSTER,minecraft:zombie_villager,5,1,1
26,private,biomeswevegone:amaranth_grassland,MONSTER,minecraft:skeleton,10,4,4
27,private,biomeswevegone:amaranth_grassland,MONSTER,minecraft:creeper,10,4,4
28,private,biomeswevegone:amaranth_grassland,MONSTER,minecraft:slime,10,4,4
29,private,biomeswevegone:amaranth_grassland,MONSTER,minecraft:enderman,5,1,4
30,private,biomeswevegone:amaranth_grassland,MONSTER,minecraft:witch,5,1,1
31,private,biomeswevegone:amaranth_grassland,MONSTER,irons_spellbooks:necromancer,18,1,1
32,private,biomeswevegone:amaranth_grassland,CREATURE,minecraft:sheep,12,4,4
33,private,biomeswevegone:amaranth_grassland,CREATURE,minecraft:pig,10,4,4
34,private,biomeswevegone:amaranth_grassland,CREATURE,minecraft:chicken,10,4,4
35,private,biomeswevegone:amaranth_grassland,CREATURE,minecraft:cow,8,4,4
36,private,biomeswevegone:amaranth_grassland,CREATURE,minecraft:horse,5,2,6
37,private,biomeswevegone:amaranth_grassland,CREATURE,minecraft:donkey,5,1,3
38,private,biomeswevegone:amaranth_grassland,CREATURE,ars_nouveau:drygmy,5,1,2
39,private,biomeswevegone:amaranth_grassland,CREATURE,ars_nouveau:gift_starby,5,1,1
40,private,biomeswevegone:amaranth_grassland,CREATURE,ars_nouveau:starbuncle,5,1,2
41,private,biomeswevegone:amaranth_grassland,CREATURE,ars_nouveau:whirlisprig,5,1,2
42,private,biomeswevegone:amaranth_grassland,AMBIENT,minecraft:bat,10,8,8
43,private,biomeswevegone:amaranth_grassland,UNDERGROUND_WATER_CREATURE,minecraft:glow_squid,10,4,6
44,private,far_end:amethyst_forest,MONSTER,minecraft:enderman,5,4,4
45,private,stellarity:amethyst_forest,MONSTER,minecraft:enderman,5,4,4
46,savanna,biomeswevegone:araucaria_savanna,MONSTER,minecraft:spider,10,4,4
47,savanna,biomeswevegone:araucaria_savanna,MONSTER,minecraft:zombie,10,4,4
48,savanna,biomeswevegone:araucaria_savanna,MONSTER,minecraft:zombie_villager,5,1,1
49,savanna,biomeswevegone:araucaria_savanna,MONSTER,minecraft:skeleton,10,4,4
50,savanna,biomeswevegone:araucaria_savanna,MONSTER,minecraft:creeper,10,4,4
51,savanna,biomeswevegone:araucaria_savanna,MONSTER,minecraft:slime,10,4,4
52,savanna,biomeswevegone:araucaria_savanna,MONSTER,minecraft:enderman,5,1,4
53,savanna,biomeswevegone:araucaria_savanna,MONSTER,minecraft:witch,5,1,1
54,savanna,biomeswevegone:araucaria_savanna,MONSTER,cataclysm:koboleton,15,2,3
55,savanna,biomeswevegone:araucaria_savanna,MONSTER,irons_spellbooks:necromancer,18,1,1
56,savanna,biomeswevegone:araucaria_savanna,CREATURE,minecraft:sheep,12,4,4
57,savanna,biomeswevegone:araucaria_savanna,CREATURE,minecraft:pig,10,4,4
58,savanna,biomeswevegone:araucaria_savanna,CREATURE,minecraft:chicken,10,4,4
59,savanna,biomeswevegone:araucaria_savanna,CREATURE,minecraft:cow,8,4,4
60,savanna,biomeswevegone:araucaria_savanna,CREATURE,minecraft:horse,5,2,6
61,savanna,biomeswevegone:araucaria_savanna,CREATURE,minecraft:donkey,5,1,3
62,savanna,biomeswevegone:araucaria_savanna,CREATURE,minecraft:llama,5,3,4
63,savanna,biomeswevegone:araucaria_savanna,CREATURE,minecraft:armadillo,10,2,3
64,savanna,biomeswevegone:araucaria_savanna,CREATURE,ars_nouveau:drygmy,5,1,2
65,savanna,biomeswevegone:araucaria_savanna,CREATURE,ars_nouveau:gift_starby,5,1,1
66,savanna,biomeswevegone:araucaria_savanna,CREATURE,ars_nouveau:starbuncle,5,1,2
67,savanna,biomeswevegone:araucaria_savanna,CREATURE,ars_nouveau:whirlisprig,5,1,2
68,savanna,biomeswevegone:araucaria_savanna,AMBIENT,minecraft:bat,10,8,8
69,savanna,biomeswevegone:araucaria_savanna,UNDERGROUND_WATER_CREATURE,minecraft:glow_squid,10,4,6
70,forest,ars_nouveau:archwood_forest,MONSTER,minecraft:spider,10,4,4
71,forest,ars_nouveau:archwood_forest,MONSTER,minecraft:zombie,10,4,4
72,forest,ars_nouveau:archwood_forest,MONSTER,minecraft:zombie_villager,5,1,1
73,forest,ars_nouveau:archwood_forest,MONSTER,minecraft:skeleton,10,4,4
74,forest,ars_nouveau:archwood_forest,MONSTER,minecraft:creeper,10,4,4
75,forest,ars_nouveau:archwood_forest,MONSTER,minecraft:slime,10,4,4
76,forest,ars_nouveau:archwood_forest,MONSTER,minecraft:enderman,5,1,4
77,forest,ars_nouveau:archwood_forest,MONSTER,minecraft:witch,5,1,1
78,forest,ars_nouveau:archwood_forest,MONSTER,irons_spellbooks:necromancer,18,1,1
79,forest,ars_nouveau:archwood_forest,MONSTER,alshanex_familiars:druid_pet,5,1,1
80,forest,ars_nouveau:archwood_forest,MONSTER,alshanex_familiars:hunter_pet,5,2,3
81,forest,ars_nouveau:archwood_forest,CREATURE,ars_nouveau:starbuncle,5,3,5
82,forest,ars_nouveau:archwood_forest,CREATURE,ars_nouveau:drygmy,5,1,3
83,forest,ars_nouveau:archwood_forest,CREATURE,ars_nouveau:whirlisprig,5,1,3
84,forest,ars_nouveau:archwood_forest,CREATURE,ars_nouveau:blazing_weald_walker,5,1,1
85,forest,ars_nouveau:archwood_forest,CREATURE,ars_nouveau:cascading_weald_walker,5,1,1
86,forest,ars_nouveau:archwood_forest,CREATURE,ars_nouveau:flourishing_weald_walker,5,1,1
87,forest,ars_nouveau:archwood_forest,CREATURE,ars_nouveau:vexing_weald_walker,5,1,1
88,forest,ars_nouveau:archwood_forest,CREATURE,minecraft:wolf,5,4,4
89,forest,ars_nouveau:archwood_forest,CREATURE,minecraft:sheep,12,4,4
90,forest,ars_nouveau:archwood_forest,CREATURE,minecraft:pig,10,4,4
91,forest,ars_nouveau:archwood_forest,CREATURE,minecraft:chicken,10,4,4
92,forest,ars_nouveau:archwood_forest,CREATURE,minecraft:cow,8,4,4
93,forest,ars_nouveau:archwood_forest,CREATURE,ars_nouveau:drygmy,5,1,2
94,forest,ars_nouveau:archwood_forest,CREATURE,ars_nouveau:gift_starby,5,1,1
95,forest,ars_nouveau:archwood_forest,CREATURE,ars_nouveau:starbuncle,5,1,2
96,forest,ars_nouveau:archwood_forest,CREATURE,ars_nouveau:whirlisprig,5,1,2
97,forest,ars_nouveau:archwood_forest,AMBIENT,minecraft:bat,10,8,8
98,forest,ars_nouveau:archwood_forest,UNDERGROUND_WATER_CREATURE,minecraft:glow_squid,10,4,6
99,forest,ars_nouveau:archwood_forest,WATER_CREATURE,ars_elemental:siren_entity,5,1,3
100,private,far_end:ashfall_delta,MONSTER,minecraft:skeleton,11,2,2
101,private,stellarity:ashfall_deltas,MONSTER,minecraft:skeleton,11,2,2
102,forest,biomeswevegone:aspen_boreal,MONSTER,minecraft:spider,10,4,4
103,forest,biomeswevegone:aspen_boreal,MONSTER,minecraft:zombie,10,4,4
104,forest,biomeswevegone:aspen_boreal,MONSTER,minecraft:zombie_villager,5,1,1
105,forest,biomeswevegone:aspen_boreal,MONSTER,minecraft:skeleton,50,4,4
106,forest,biomeswevegone:aspen_boreal,MONSTER,minecraft:creeper,50,4,4
107,forest,biomeswevegone:aspen_boreal,MONSTER,minecraft:slime,50,4,4
108,forest,biomeswevegone:aspen_boreal,MONSTER,minecraft:enderman,5,1,4
109,forest,biomeswevegone:aspen_boreal,MONSTER,minecraft:witch,5,1,1
110,forest,biomeswevegone:aspen_boreal,MONSTER,irons_spellbooks:necromancer,18,1,1
111,forest,biomeswevegone:aspen_boreal,MONSTER,alshanex_familiars:druid_pet,5,1,1
112,forest,biomeswevegone:aspen_boreal,MONSTER,alshanex_familiars:hunter_pet,5,2,3
113,forest,biomeswevegone:aspen_boreal,CREATURE,minecraft:sheep,12,4,4
114,forest,biomeswevegone:aspen_boreal,CREATURE,minecraft:pig,10,4,4
115,forest,biomeswevegone:aspen_boreal,CREATURE,minecraft:chicken,10,4,4
116,forest,biomeswevegone:aspen_boreal,CREATURE,minecraft:cow,8,4,4
117,forest,biomeswevegone:aspen_boreal,CREATURE,minecraft:wolf,8,4,4
118,forest,biomeswevegone:aspen_boreal,CREATURE,minecraft:rabbit,5,2,3
119,forest,biomeswevegone:aspen_boreal,CREATURE,minecraft:fox,8,2,4
120,forest,biomeswevegone:aspen_boreal,CREATURE,ars_nouveau:drygmy,5,1,2
121,forest,biomeswevegone:aspen_boreal,CREATURE,ars_nouveau:gift_starby,5,1,1
122,forest,biomeswevegone:aspen_boreal,CREATURE,ars_nouveau:starbuncle,5,1,2
123,forest,biomeswevegone:aspen_boreal,CREATURE,ars_nouveau:whirlisprig,5,1,2
124,forest,biomeswevegone:aspen_boreal,AMBIENT,minecraft:bat,10,8,8
125,forest,biomeswevegone:aspen_boreal,UNDERGROUND_WATER_CREATURE,minecraft:glow_squid,10,4,6
126,private,biomeswevegone:atacama_outback,MONSTER,minecraft:spider,10,4,4
127,private,biomeswevegone:atacama_outback,MONSTER,minecraft:zombie,19,4,4
128,private,biomeswevegone:atacama_outback,MONSTER,minecraft:zombie_villager,5,1,1
129,private,biomeswevegone:atacama_outback,MONSTER,minecraft:skeleton,10,4,4
130,private,biomeswevegone:atacama_outback,MONSTER,minecraft:creeper,10,4,4
131,private,biomeswevegone:atacama_outback,MONSTER,minecraft:slime,10,4,4
132,private,biomeswevegone:atacama_outback,MONSTER,minecraft:enderman,5,1,4
133,private,biomeswevegone:atacama_outback,MONSTER,minecraft:witch,5,1,1
134,private,biomeswevegone:atacama_outback,MONSTER,minecraft:husk,50,4,4
135,private,biomeswevegone:atacama_outback,MONSTER,irons_spellbooks:necromancer,18,1,1
136,private,biomeswevegone:atacama_outback,CREATURE,minecraft:rabbit,5,2,3
137,private,biomeswevegone:atacama_outback,CREATURE,ars_nouveau:drygmy,5,1,2
138,private,biomeswevegone:atacama_outback,CREATURE,ars_nouveau:gift_starby,5,1,1
139,private,biomeswevegone:atacama_outback,CREATURE,ars_nouveau:starbuncle,5,1,2
140,private,biomeswevegone:atacama_outback,CREATURE,ars_nouveau:whirlisprig,5,1,2
141,private,biomeswevegone:atacama_outback,AMBIENT,minecraft:bat,10,8,8
142,private,biomeswevegone:atacama_outback,UNDERGROUND_WATER_CREATURE,minecraft:glow_squid,10,4,6
143,badlands,minecraft:badlands,MONSTER,minecraft:spider,10,4,4
144,badlands,minecraft:badlands,MONSTER,minecraft:zombie,10,4,4
145,badlands,minecraft:badlands,MONSTER,minecraft:zombie_villager,5,1,1
146,badlands,minecraft:badlands,MONSTER,minecraft:skeleton,10,4,4
147,badlands,minecraft:badlands,MONSTER,minecraft:creeper,10,4,4
148,badlands,minecraft:badlands,MONSTER,minecraft:slime,10,4,4
149,badlands,minecraft:badlands,MONSTER,minecraft:enderman,5,1,4
150,badlands,minecraft:badlands,MONSTER,minecraft:witch,5,1,1
151,badlands,minecraft:badlands,MONSTER,cataclysm:koboleton,15,2,3
152,badlands,minecraft:badlands,MONSTER,irons_spellbooks:necromancer,18,1,1
153,badlands,minecraft:badlands,MONSTER,knightquest:ghosty,18,1,1
154,badlands,minecraft:badlands,CREATURE,minecraft:armadillo,6,1,2
155,badlands,minecraft:badlands,CREATURE,ars_nouveau:drygmy,5,1,2
156,badlands,minecraft:badlands,CREATURE,ars_nouveau:gift_starby,5,1,1
157,badlands,minecraft:badlands,CREATURE,ars_nouveau:starbuncle,5,1,2
158,badlands,minecraft:badlands,CREATURE,ars_nouveau:whirlisprig,5,1,2
159,badlands,minecraft:badlands,AMBIENT,minecraft:bat,10,8,8
135,badlands,minecraft:badlands,UNDERGROUND_WATER_CREATURE,minecraft:glow_squid,10,4,6
161,jungle,minecraft:bamboo_jungle,MONSTER,minecraft:spider,10,4,4
162,jungle,minecraft:bamboo_jungle,MONSTER,minecraft:zombie,10,4,4
163,jungle,minecraft:bamboo_jungle,MONSTER,minecraft:zombie_villager,5,1,1
164,jungle,minecraft:bamboo_jungle,MONSTER,minecraft:skeleton,10,4,4
130,jungle,minecraft:bamboo_jungle,MONSTER,minecraft:creeper,10,4,4
166,jungle,minecraft:bamboo_jungle,MONSTER,minecraft:slime,10,4,4
167,jungle,minecraft:bamboo_jungle,MONSTER,minecraft:enderman,5,1,4
168,jungle,minecraft:bamboo_jungle,MONSTER,minecraft:witch,5,1,1
169,jungle,minecraft:bamboo_jungle,MONSTER,minecraft:ocelot,5,1,1
135,jungle,minecraft:bamboo_jungle,MONSTER,irons_spellbooks:necromancer,18,1,1
171,jungle,minecraft:bamboo_jungle,MONSTER,alshanex_familiars:hunter_pet,5,2,3
172,jungle,minecraft:bamboo_jungle,CREATURE,minecraft:sheep,12,4,4
173,jungle,minecraft:bamboo_jungle,CREATURE,minecraft:pig,10,4,4
174,jungle,minecraft:bamboo_jungle,CREATURE,minecraft:chicken,10,4,4
125,jungle,minecraft:bamboo_jungle,CREATURE,minecraft:cow,8,4,4
176,jungle,minecraft:bamboo_jungle,CREATURE,minecraft:chicken,10,4,4
177,jungle,minecraft:bamboo_jungle,CREATURE,minecraft:parrot,10,1,2
178,jungle,minecraft:bamboo_jungle,CREATURE,minecraft:panda,15,1,2
179,jungle,minecraft:bamboo_jungle,CREATURE,ars_nouveau:drygmy,5,1,2
150,jungle,minecraft:bamboo_jungle,CREATURE,ars_nouveau:gift_starby,5,1,1
181,jungle,minecraft:bamboo_jungle,CREATURE,ars_nouveau:starbuncle,5,1,2
182,jungle,minecraft:bamboo_jungle,CREATURE,ars_nouveau:whirlisprig,5,1,2
183,jungle,minecraft:bamboo_jungle,AMBIENT,minecraft:bat,10,8,8
184,jungle,minecraft:bamboo_jungle,UNDERGROUND_WATER_CREATURE,minecraft:glow_squid,10,4,6
125,savanna,biomeswevegone:baobab_savanna,MONSTER,minecraft:spider,10,4,4
186,savanna,biomeswevegone:baobab_savanna,MONSTER,minecraft:zombie,10,4,4
187,savanna,biomeswevegone:baobab_savanna,MONSTER,minecraft:zombie_villager,5,1,1
188,savanna,biomeswevegone:baobab_savanna,MONSTER,minecraft:skeleton,10,4,4
189,savanna,biomeswevegone:baobab_savanna,MONSTER,minecraft:creeper,10,4,4
135,savanna,biomeswevegone:baobab_savanna,MONSTER,minecraft:slime,10,4,4
191,savanna,biomeswevegone:baobab_savanna,MONSTER,minecraft:enderman,5,1,4
192,savanna,biomeswevegone:baobab_savanna,MONSTER,minecraft:witch,5,1,1
193,savanna,biomeswevegone:baobab_savanna,MONSTER,cataclysm:koboleton,15,2,3
194,savanna,biomeswevegone:baobab_savanna,MONSTER,irons_spellbooks:necromancer,18,1,1
195,savanna,biomeswevegone:baobab_savanna,CREATURE,minecraft:sheep,12,4,4
196,savanna,biomeswevegone:baobab_savanna,CREATURE,minecraft:pig,10,4,4
197,savanna,biomeswevegone:baobab_savanna,CREATURE,minecraft:chicken,10,4,4
198,savanna,biomeswevegone:baobab_savanna,CREATURE,minecraft:cow,8,4,4
199,savanna,biomeswevegone:baobab_savanna,CREATURE,minecraft:horse,5,2,6
200,savanna,biomeswevegone:baobab_savanna,CREATURE,minecraft:donkey,5,1,1
201,savanna,biomeswevegone:baobab_savanna,CREATURE,minecraft:llama,5,3,4
202,savanna,biomeswevegone:baobab_savanna,CREATURE,minecraft:armadillo,10,2,3
203,savanna,biomeswevegone:baobab_savanna,CREATURE,ars_nouveau:drygmy,5,1,2
204,savanna,biomeswevegone:baobab_savanna,CREATURE,ars_nouveau:gift_starby,5,1,1
205,savanna,biomeswevegone:baobab_savanna,CREATURE,ars_nouveau:starbuncle,5,1,2
206,savanna,biomeswevegone:baobab_savanna,CREATURE,ars_nouveau:whirlisprig,5,1,2
207,savanna,biomeswevegone:baobab_savanna,AMBIENT,minecraft:bat,10,8,8
208,savanna,biomeswevegone:baobab_savanna,UNDERGROUND_WATER_CREATURE,minecraft:glow_squid,10,4,6
209,beach,biomeswevegone:basalt_barrera,MONSTER,minecraft:spider,10,4,4
210,beach,biomeswevegone:basalt_barrera,MONSTER,minecraft:zombie,10,4,4
211,beach,biomeswevegone:basalt_barrera,MONSTER,minecraft:zombie_villager,5,1,1
212,beach,biomeswevegone:basalt_barrera,MONSTER,minecraft:skeleton,10,4,4
213,beach,biomeswevegone:basalt_barrera,MONSTER,minecraft:creeper,10,4,4
214,beach,biomeswevegone:basalt_barrera,MONSTER,minecraft:slime,10,4,4
215,beach,biomeswevegone:basalt_barrera,MONSTER,minecraft:enderman,5,1,4
216,beach,biomeswevegone:basalt_barrera,MONSTER,minecraft:witch,5,1,1
217,beach,biomeswevegone:basalt_barrera,MONSTER,irons_spellbooks:necromancer,18,1,1
218,beach,biomeswevegone:basalt_barrera,CREATURE,ars_nouveau:alakarkinos,5,1,1
219,beach,biomeswevegone:basalt_barrera,CREATURE,ars_nouveau:drygmy,5,1,2
220,beach,biomeswevegone:basalt_barrera,CREATURE,ars_nouveau:gift_starby,5,1,1
221,beach,biomeswevegone:basalt_barrera,CREATURE,ars_nouveau:starbuncle,5,1,2
222,beach,biomeswevegone:basalt_barrera,CREATURE,ars_nouveau:whirlisprig,5,1,2
223,beach,biomeswevegone:basalt_barrera,AMBIENT,minecraft:bat,10,8,8
224,beach,biomeswevegone:basalt_barrera,UNDERGROUND_WATER_CREATURE,minecraft:glow_squid,10,4,6
225,nether,minecraft:basalt_deltas,MONSTER,minecraft:ghast,10,1,1
226,nether,minecraft:basalt_deltas,MONSTER,minecraft:magma_cube,10,2,5
227,nether,minecraft:basalt_deltas,MONSTER,alshanex_familiars:scorcher_pet,5,1,1
228,nether,minecraft:basalt_deltas,MONSTER,minecraft:zombified_piglin,5,1,4
229,nether,minecraft:basalt_deltas,CREATURE,minecraft:strider,10,1,2
230,nether,minecraft:basalt_deltas,WATER_AMBIENT,netherdepthsupgrade:bonefish,8,1,5
231,nether,minecraft:basalt_deltas,WATER_AMBIENT,netherdepthsupgrade:fortressgrouper,5,1,2
232,nether,minecraft:basalt_deltas,WATER_AMBIENT,netherdepthsupgrade:glowdine,8,4,6
233,nether,minecraft:basalt_deltas,WATER_AMBIENT,netherdepthsupgrade:magmacubefish,10,2,4
234,nether,minecraft:basalt_deltas,WATER_AMBIENT,netherdepthsupgrade:obsidianfish,15,1,5
235,nether,minecraft:basalt_deltas,WATER_AMBIENT,netherdepthsupgrade:searing_cod,10,3,6
236,swamp,biomeswevegone:bayou,MONSTER,minecraft:spider,10,4,4
237,swamp,biomeswevegone:bayou,MONSTER,minecraft:zombie,10,4,4
238,swamp,biomeswevegone:bayou,MONSTER,minecraft:zombie_villager,5,1,1
239,swamp,biomeswevegone:bayou,MONSTER,minecraft:skeleton,10,4,4
240,swamp,biomeswevegone:bayou,MONSTER,minecraft:creeper,10,4,4
241,swamp,biomeswevegone:bayou,MONSTER,minecraft:slime,10,4,4
242,swamp,biomeswevegone:bayou,MONSTER,minecraft:enderman,5,1,4
243,swamp,biomeswevegone:bayou,MONSTER,minecraft:witch,5,1,1
244,swamp,biomeswevegone:bayou,MONSTER,minecraft:slime,5,1,1
245,swamp,biomeswevegone:bayou,MONSTER,irons_spellbooks:necromancer,18,1,1
246,swamp,biomeswevegone:bayou,MONSTER,wetland_whimsy:swamp_spider,25,1,2
247,swamp,biomeswevegone:bayou,CREATURE,minecraft:frog,10,2,5
248,swamp,biomeswevegone:bayou,CREATURE,ars_nouveau:drygmy,5,1,2
249,swamp,biomeswevegone:bayou,CREATURE,ars_nouveau:gift_starby,5,1,1
250,swamp,biomeswevegone:bayou,CREATURE,ars_nouveau:starbuncle,5,1,2
251,swamp,biomeswevegone:bayou,CREATURE,ars_nouveau:whirlisprig,5,1,2
252,swamp,biomeswevegone:bayou,AMBIENT,minecraft:bat,10,8,8
253,swamp,biomeswevegone:bayou,UNDERGROUND_WATER_CREATURE,minecraft:glow_squid,10,4,6
254,swamp,biomeswevegone:bayou,WATER_AMBIENT,minecraft:tropical_fish,10,8,8
255,beach,minecraft:beach,MONSTER,minecraft:spider,10,4,4
256,beach,minecraft:beach,MONSTER,minecraft:zombie,10,4,4
257,beach,minecraft:beach,MONSTER,minecraft:zombie_villager,5,1,1
258,beach,minecraft:beach,MONSTER,minecraft:skeleton,10,4,4
259,beach,minecraft:beach,MONSTER,minecraft:creeper,10,4,4
235,beach,minecraft:beach,MONSTER,minecraft:slime,10,4,4
261,beach,minecraft:beach,MONSTER,minecraft:enderman,5,1,4
262,beach,minecraft:beach,MONSTER,minecraft:witch,5,1,1
263,beach,minecraft:beach,MONSTER,irons_spellbooks:necromancer,18,1,1
264,beach,minecraft:beach,MONSTER,knightquest:swampman,15,1,1
230,beach,minecraft:beach,CREATURE,minecraft:turtle,5,2,5
266,beach,minecraft:beach,CREATURE,ars_nouveau:alakarkinos,5,1,1
267,beach,minecraft:beach,CREATURE,ars_nouveau:drygmy,5,1,2
268,beach,minecraft:beach,CREATURE,ars_nouveau:gift_starby,5,1,1
269,beach,minecraft:beach,CREATURE,ars_nouveau:starbuncle,5,1,2
235,beach,minecraft:beach,CREATURE,ars_nouveau:whirlisprig,5,1,2
271,beach,minecraft:beach,AMBIENT,minecraft:bat,10,8,8
272,beach,minecraft:beach,UNDERGROUND_WATER_CREATURE,minecraft:glow_squid,10,4,6
273,forest,minecraft:birch_forest,MONSTER,minecraft:spider,10,4,4
274,forest,minecraft:birch_forest,MONSTER,minecraft:zombie,10,4,4
225,forest,minecraft:birch_forest,MONSTER,minecraft:zombie_villager,5,1,1
276,forest,minecraft:birch_forest,MONSTER,minecraft:skeleton,10,4,4
277,forest,minecraft:birch_forest,MONSTER,minecraft:creeper,10,4,4
278,forest,minecraft:birch_forest,MONSTER,minecraft:slime,10,4,4
279,forest,minecraft:birch_forest,MONSTER,minecraft:enderman,5,1,4
250,forest,minecraft:birch_forest,MONSTER,minecraft:witch,5,1,1
281,forest,minecraft:birch_forest,MONSTER,irons_spellbooks:necromancer,18,1,1
282,forest,minecraft:birch_forest,MONSTER,alshanex_familiars:druid_pet,5,1,1
283,forest,minecraft:birch_forest,MONSTER,alshanex_familiars:hunter_pet,5,2,3
284,forest,minecraft:birch_forest,CREATURE,minecraft:sheep,12,4,4
225,forest,minecraft:birch_forest,CREATURE,minecraft:pig,10,4,4
286,forest,minecraft:birch_forest,CREATURE,minecraft:chicken,10,4,4
287,forest,minecraft:birch_forest,CREATURE,minecraft:cow,8,4,4
288,forest,minecraft:birch_forest,CREATURE,ars_nouveau:drygmy,5,1,2
289,forest,minecraft:birch_forest,CREATURE,ars_nouveau:gift_starby,5,1,1
235,forest,minecraft:birch_forest,CREATURE,ars_nouveau:starbuncle,5,1,2
291,forest,minecraft:birch_forest,CREATURE,ars_nouveau:whirlisprig,5,1,2
292,forest,minecraft:birch_forest,AMBIENT,minecraft:bat,10,8,8
293,forest,minecraft:birch_forest,UNDERGROUND_WATER_CREATURE,minecraft:glow_squid,10,4,6
294,forest,biomeswevegone:black_forest,MONSTER,minecraft:spider,10,4,4
295,forest,biomeswevegone:black_forest,MONSTER,minecraft:zombie,10,4,4
296,forest,biomeswevegone:black_forest,MONSTER,minecraft:zombie_villager,25,1,1
297,forest,biomeswevegone:black_forest,MONSTER,minecraft:skeleton,10,4,4
298,forest,biomeswevegone:black_forest,MONSTER,minecraft:creeper,10,4,4
299,forest,biomeswevegone:black_forest,MONSTER,minecraft:slime,10,4,4
300,forest,biomeswevegone:black_forest,MONSTER,minecraft:enderman,5,1,4
301,forest,biomeswevegone:black_forest,MONSTER,minecraft:witch,5,1,1
302,forest,biomeswevegone:black_forest,MONSTER,irons_spellbooks:necromancer,18,1,1
303,forest,biomeswevegone:black_forest,MONSTER,alshanex_familiars:druid_pet,5,1,1
304,forest,biomeswevegone:black_forest,MONSTER,alshanex_familiars:hunter_pet,5,2,3
305,forest,biomeswevegone:black_forest,CREATURE,minecraft:sheep,12,4,4
306,forest,biomeswevegone:black_forest,CREATURE,minecraft:pig,10,4,4
307,forest,biomeswevegone:black_forest,CREATURE,minecraft:chicken,10,4,4
308,forest,biomeswevegone:black_forest,CREATURE,minecraft:cow,8,4,4
309,forest,biomeswevegone:black_forest,CREATURE,minecraft:wolf,8,4,4
310,forest,biomeswevegone:black_forest,CREATURE,minecraft:rabbit,5,2,3
311,forest,biomeswevegone:black_forest,CREATURE,minecraft:fox,8,2,4
312,forest,biomeswevegone:black_forest,CREATURE,ars_nouveau:drygmy,5,1,2
313,forest,biomeswevegone:black_forest,CREATURE,ars_nouveau:gift_starby,5,1,1
314,forest,biomeswevegone:black_forest,CREATURE,ars_nouveau:starbuncle,5,1,2
315,forest,biomeswevegone:black_forest,CREATURE,ars_nouveau:whirlisprig,5,1,2
316,forest,biomeswevegone:black_forest,AMBIENT,minecraft:bat,10,8,8
317,forest,ars_elemental:blazing_forest,MONSTER,minecraft:spider,10,4,4
318,forest,ars_elemental:blazing_forest,MONSTER,minecraft:husk,10,2,4
319,forest,ars_elemental:blazing_forest,MONSTER,minecraft:zombie,10,4,4
320,forest,ars_elemental:blazing_forest,MONSTER,minecraft:zombie_villager,5,1,1
321,forest,ars_elemental:blazing_forest,MONSTER,minecraft:skeleton,10,4,4
322,forest,ars_elemental:blazing_forest,MONSTER,minecraft:creeper,10,4,4
323,forest,ars_elemental:blazing_forest,MONSTER,minecraft:slime,10,4,4
324,forest,ars_elemental:blazing_forest,MONSTER,minecraft:enderman,5,1,4
325,forest,ars_elemental:blazing_forest,MONSTER,minecraft:witch,5,1,1
326,forest,ars_elemental:blazing_forest,MONSTER,ars_elemental:fire_mage,5,1,3
327,forest,ars_elemental:blazing_forest,MONSTER,irons_spellbooks:necromancer,18,1,1
328,forest,ars_elemental:blazing_forest,MONSTER,alshanex_familiars:druid_pet,5,1,1
329,forest,ars_elemental:blazing_forest,MONSTER,alshanex_familiars:hunter_pet,5,2,3
330,forest,ars_elemental:blazing_forest,CREATURE,ars_nouveau:starbuncle,5,3,5
331,forest,ars_elemental:blazing_forest,CREATURE,ars_nouveau:drygmy,5,1,3
332,forest,ars_elemental:blazing_forest,CREATURE,ars_nouveau:whirlisprig,5,1,3
333,forest,ars_elemental:blazing_forest,CREATURE,minecraft:sheep,12,4,4
334,forest,ars_elemental:blazing_forest,CREATURE,minecraft:pig,10,4,4
335,forest,ars_elemental:blazing_forest,CREATURE,minecraft:chicken,10,4,4
336,forest,ars_elemental:blazing_forest,CREATURE,minecraft:cow,8,4,4
337,forest,ars_elemental:blazing_forest,CREATURE,minecraft:rabbit,6,2,3
338,forest,ars_elemental:blazing_forest,CREATURE,ars_nouveau:blazing_weald_walker,10,1,3
339,forest,ars_elemental:blazing_forest,CREATURE,minecraft:armadillo,6,1,2
340,forest,ars_elemental:blazing_forest,CREATURE,ars_nouveau:drygmy,5,1,2
341,forest,ars_elemental:blazing_forest,CREATURE,ars_nouveau:gift_starby,5,1,1
342,forest,ars_elemental:blazing_forest,CREATURE,ars_nouveau:starbuncle,5,1,2
343,forest,ars_elemental:blazing_forest,CREATURE,ars_nouveau:whirlisprig,5,1,2
344,forest,ars_elemental:blazing_forest,AMBIENT,minecraft:bat,10,8,8
345,forest,ars_elemental:blazing_forest,UNDERGROUND_WATER_CREATURE,minecraft:glow_squid,10,4,6
346,forest,ars_elemental:blazing_forest,WATER_CREATURE,ars_elemental:siren_entity,5,1,3
347,forest,biomeswevegone:canadian_shield,MONSTER,minecraft:spider,10,4,4
348,forest,biomeswevegone:canadian_shield,MONSTER,minecraft:zombie,10,4,4
349,forest,biomeswevegone:canadian_shield,MONSTER,minecraft:zombie_villager,5,1,1
350,forest,biomeswevegone:canadian_shield,MONSTER,minecraft:skeleton,10,4,4
351,forest,biomeswevegone:canadian_shield,MONSTER,minecraft:creeper,10,4,4
352,forest,biomeswevegone:canadian_shield,MONSTER,minecraft:slime,10,4,4
353,forest,biomeswevegone:canadian_shield,MONSTER,minecraft:enderman,5,1,4
354,forest,biomeswevegone:canadian_shield,MONSTER,minecraft:witch,5,1,1
355,forest,biomeswevegone:canadian_shield,MONSTER,irons_spellbooks:necromancer,18,1,1
356,forest,biomeswevegone:canadian_shield,MONSTER,alshanex_familiars:druid_pet,5,1,1
357,forest,biomeswevegone:canadian_shield,MONSTER,alshanex_familiars:hunter_pet,5,2,3
358,forest,biomeswevegone:canadian_shield,MONSTER,alshanex_familiars:mage_pet,5,1,1
359,forest,biomeswevegone:canadian_shield,CREATURE,minecraft:sheep,12,4,4
335,forest,biomeswevegone:canadian_shield,CREATURE,minecraft:pig,10,4,4
361,forest,biomeswevegone:canadian_shield,CREATURE,minecraft:chicken,10,4,4
362,forest,biomeswevegone:canadian_shield,CREATURE,minecraft:cow,8,4,4
363,forest,biomeswevegone:canadian_shield,CREATURE,minecraft:wolf,8,4,4
364,forest,biomeswevegone:canadian_shield,CREATURE,minecraft:rabbit,5,2,3
330,forest,biomeswevegone:canadian_shield,CREATURE,minecraft:fox,8,2,4
366,forest,biomeswevegone:canadian_shield,CREATURE,ars_nouveau:drygmy,5,1,2
367,forest,biomeswevegone:canadian_shield,CREATURE,ars_nouveau:gift_starby,5,1,1
368,forest,biomeswevegone:canadian_shield,CREATURE,ars_nouveau:starbuncle,5,1,2
369,forest,biomeswevegone:canadian_shield,CREATURE,ars_nouveau:whirlisprig,5,1,2
335,forest,biomeswevegone:canadian_shield,AMBIENT,minecraft:bat,10,8,8
371,forest,ars_elemental:cascading_forest,MONSTER,minecraft:spider,10,4,4
372,forest,ars_elemental:cascading_forest,MONSTER,minecraft:drowned,10,2,4
373,forest,ars_elemental:cascading_forest,MONSTER,minecraft:zombie,10,4,4
374,forest,ars_elemental:cascading_forest,MONSTER,minecraft:zombie_villager,5,1,1
325,forest,ars_elemental:cascading_forest,MONSTER,minecraft:skeleton,10,4,4
376,forest,ars_elemental:cascading_forest,MONSTER,minecraft:creeper,10,4,4
377,forest,ars_elemental:cascading_forest,MONSTER,minecraft:slime,10,4,4
378,forest,ars_elemental:cascading_forest,MONSTER,minecraft:enderman,5,1,4
379,forest,ars_elemental:cascading_forest,MONSTER,minecraft:witch,5,1,1
350,forest,ars_elemental:cascading_forest,MONSTER,ars_elemental:water_mage,5,1,3
381,forest,ars_elemental:cascading_forest,MONSTER,irons_spellbooks:necromancer,18,1,1
382,forest,ars_elemental:cascading_forest,MONSTER,alshanex_familiars:druid_pet,5,1,1
383,forest,ars_elemental:cascading_forest,MONSTER,alshanex_familiars:hunter_pet,5,2,3
384,forest,ars_elemental:cascading_forest,MONSTER,wetland_whimsy:swamp_spider,25,1,2
325,forest,ars_elemental:cascading_forest,CREATURE,ars_nouveau:starbuncle,5,3,5
386,forest,ars_elemental:cascading_forest,CREATURE,ars_nouveau:drygmy,5,1,3
387,forest,ars_elemental:cascading_forest,CREATURE,ars_nouveau:whirlisprig,5,1,3
388,forest,ars_elemental:cascading_forest,CREATURE,minecraft:sheep,12,4,4
389,forest,ars_elemental:cascading_forest,CREATURE,minecraft:pig,10,4,4
335,forest,ars_elemental:cascading_forest,CREATURE,minecraft:chicken,10,4,4
391,forest,ars_elemental:cascading_forest,CREATURE,minecraft:cow,8,4,4
392,forest,ars_elemental:cascading_forest,CREATURE,minecraft:rabbit,6,2,3
393,forest,ars_elemental:cascading_forest,CREATURE,ars_nouveau:cascading_weald_walker,10,1,3
394,forest,ars_elemental:cascading_forest,CREATURE,minecraft:frog,6,1,3
395,forest,ars_elemental:cascading_forest,CREATURE,ars_nouveau:alakarkinos,5,1,1
396,forest,ars_elemental:cascading_forest,CREATURE,ars_nouveau:drygmy,5,1,2
397,forest,ars_elemental:cascading_forest,CREATURE,ars_nouveau:gift_starby,5,1,1
398,forest,ars_elemental:cascading_forest,CREATURE,ars_nouveau:starbuncle,5,1,2
399,forest,ars_elemental:cascading_forest,CREATURE,ars_nouveau:whirlisprig,5,1,2
400,forest,ars_elemental:cascading_forest,AMBIENT,minecraft:bat,10,8,8
401,forest,ars_elemental:cascading_forest,UNDERGROUND_WATER_CREATURE,minecraft:glow_squid,10,4,6
402,forest,ars_elemental:cascading_forest,WATER_CREATURE,ars_elemental:siren_entity,5,1,3
403,forest,ars_elemental:cascading_forest,WATER_AMBIENT,minecraft:cod,15,3,6
404,forest,ars_elemental:cascading_forest,WATER_AMBIENT,minecraft:salmon,15,1,5
405,forest,ars_elemental:cascading_forest,WATER_AMBIENT,minecraft:tropical_fish,10,8,8
406,extreme_hills,minecraft:cherry_grove,MONSTER,minecraft:spider,10,4,4
407,extreme_hills,minecraft:cherry_grove,MONSTER,minecraft:zombie,10,4,4
408,extreme_hills,minecraft:cherry_grove,MONSTER,minecraft:zombie_villager,5,1,1
409,extreme_hills,minecraft:cherry_grove,MONSTER,minecraft:skeleton,10,4,4
410,extreme_hills,minecraft:cherry_grove,MONSTER,minecraft:creeper,10,4,4
411,extreme_hills,minecraft:cherry_grove,MONSTER,minecraft:slime,10,4,4
412,extreme_hills,minecraft:cherry_grove,MONSTER,minecraft:enderman,5,1,4
413,extreme_hills,minecraft:cherry_grove,MONSTER,minecraft:witch,5,1,1
414,extreme_hills,minecraft:cherry_grove,MONSTER,irons_spellbooks:necromancer,18,1,1
415,extreme_hills,minecraft:cherry_grove,MONSTER,alshanex_familiars:mage_pet,5,1,1
416,extreme_hills,minecraft:cherry_grove,CREATURE,minecraft:pig,5,1,2
417,extreme_hills,minecraft:cherry_grove,CREATURE,minecraft:rabbit,5,2,6
418,extreme_hills,minecraft:cherry_grove,CREATURE,minecraft:sheep,5,2,4
419,extreme_hills,minecraft:cherry_grove,CREATURE,ars_nouveau:drygmy,5,1,2
420,extreme_hills,minecraft:cherry_grove,CREATURE,ars_nouveau:gift_starby,5,1,1
421,extreme_hills,minecraft:cherry_grove,CREATURE,ars_nouveau:starbuncle,5,1,2
422,extreme_hills,minecraft:cherry_grove,CREATURE,ars_nouveau:whirlisprig,5,1,2
423,extreme_hills,minecraft:cherry_grove,AMBIENT,minecraft:bat,10,8,8
424,extreme_hills,minecraft:cherry_grove,UNDERGROUND_WATER_CREATURE,minecraft:glow_squid,10,4,6
425,forest,biomeswevegone:cika_woods,MONSTER,minecraft:spider,10,4,4
426,forest,biomeswevegone:cika_woods,MONSTER,minecraft:zombie,10,4,4
427,forest,biomeswevegone:cika_woods,MONSTER,minecraft:zombie_villager,5,1,1
428,forest,biomeswevegone:cika_woods,MONSTER,minecraft:skeleton,10,4,4
429,forest,biomeswevegone:cika_woods,MONSTER,minecraft:creeper,10,4,4
430,forest,biomeswevegone:cika_woods,MONSTER,minecraft:slime,10,4,4
431,forest,biomeswevegone:cika_woods,MONSTER,minecraft:enderman,5,1,4
432,forest,biomeswevegone:cika_woods,MONSTER,minecraft:witch,5,1,1
433,forest,biomeswevegone:cika_woods,MONSTER,irons_spellbooks:necromancer,18,1,1
434,forest,biomeswevegone:cika_woods,MONSTER,alshanex_familiars:druid_pet,5,1,1
435,forest,biomeswevegone:cika_woods,MONSTER,alshanex_familiars:hunter_pet,5,2,3
436,forest,biomeswevegone:cika_woods,CREATURE,minecraft:sheep,10,4,4
437,forest,biomeswevegone:cika_woods,CREATURE,minecraft:pig,10,4,4
438,forest,biomeswevegone:cika_woods,CREATURE,minecraft:chicken,10,4,4
439,forest,biomeswevegone:cika_woods,CREATURE,minecraft:cow,8,4,4
440,forest,biomeswevegone:cika_woods,CREATURE,ars_nouveau:drygmy,5,1,2
441,forest,biomeswevegone:cika_woods,CREATURE,ars_nouveau:gift_starby,5,1,1
442,forest,biomeswevegone:cika_woods,CREATURE,ars_nouveau:starbuncle,5,1,2
443,forest,biomeswevegone:cika_woods,CREATURE,ars_nouveau:whirlisprig,5,1,2
444,forest,biomeswevegone:cika_woods,AMBIENT,minecraft:bat,10,8,8
445,private,biomeswevegone:coconino_meadow,MONSTER,minecraft:spider,10,4,4
446,private,biomeswevegone:coconino_meadow,MONSTER,minecraft:zombie,10,4,4
447,private,biomeswevegone:coconino_meadow,MONSTER,minecraft:zombie_villager,5,1,1
448,private,biomeswevegone:coconino_meadow,MONSTER,minecraft:skeleton,10,4,4
449,private,biomeswevegone:coconino_meadow,MONSTER,minecraft:creeper,10,4,4
450,private,biomeswevegone:coconino_meadow,MONSTER,minecraft:slime,10,4,4
451,private,biomeswevegone:coconino_meadow,MONSTER,minecraft:enderman,5,1,4
452,private,biomeswevegone:coconino_meadow,MONSTER,minecraft:witch,5,1,1
453,private,biomeswevegone:coconino_meadow,MONSTER,irons_spellbooks:necromancer,18,1,1
454,private,biomeswevegone:coconino_meadow,CREATURE,minecraft:sheep,12,4,4
455,private,biomeswevegone:coconino_meadow,CREATURE,minecraft:pig,10,4,4
456,private,biomeswevegone:coconino_meadow,CREATURE,minecraft:chicken,10,4,4
457,private,biomeswevegone:coconino_meadow,CREATURE,minecraft:cow,8,4,4
458,private,biomeswevegone:coconino_meadow,CREATURE,minecraft:wolf,8,4,4
459,private,biomeswevegone:coconino_meadow,CREATURE,minecraft:rabbit,5,2,3
435,private,biomeswevegone:coconino_meadow,CREATURE,minecraft:fox,8,2,4
461,private,biomeswevegone:coconino_meadow,CREATURE,ars_nouveau:drygmy,5,1,2
462,private,biomeswevegone:coconino_meadow,CREATURE,ars_nouveau:gift_starby,5,1,1
463,private,biomeswevegone:coconino_meadow,CREATURE,ars_nouveau:starbuncle,5,1,2
464,private,biomeswevegone:coconino_meadow,CREATURE,ars_nouveau:whirlisprig,5,1,2
430,private,biomeswevegone:coconino_meadow,AMBIENT,minecraft:bat,10,8,8
466,private,biomeswevegone:coconino_meadow,UNDERGROUND_WATER_CREATURE,minecraft:glow_squid,10,4,6
467,ocean,minecraft:cold_ocean,MONSTER,minecraft:spider,10,4,4
468,ocean,minecraft:cold_ocean,MONSTER,minecraft:zombie,10,4,4
469,ocean,minecraft:cold_ocean,MONSTER,minecraft:zombie_villager,5,1,1
435,ocean,minecraft:cold_ocean,MONSTER,minecraft:skeleton,10,4,4
471,ocean,minecraft:cold_ocean,MONSTER,minecraft:creeper,10,4,4
472,ocean,minecraft:cold_ocean,MONSTER,minecraft:slime,10,4,4
473,ocean,minecraft:cold_ocean,MONSTER,minecraft:enderman,5,1,4
474,ocean,minecraft:cold_ocean,MONSTER,minecraft:witch,5,1,1
425,ocean,minecraft:cold_ocean,MONSTER,minecraft:drowned,5,1,1
476,ocean,minecraft:cold_ocean,MONSTER,irons_spellbooks:necromancer,18,1,1
477,ocean,minecraft:cold_ocean,CREATURE,ars_nouveau:drygmy,5,1,2
478,ocean,minecraft:cold_ocean,CREATURE,ars_nouveau:gift_starby,5,1,1
479,ocean,minecraft:cold_ocean,CREATURE,ars_nouveau:starbuncle,5,1,2
450,ocean,minecraft:cold_ocean,CREATURE,ars_nouveau:whirlisprig,5,1,2
481,ocean,minecraft:cold_ocean,AMBIENT,minecraft:bat,10,8,8
482,ocean,minecraft:cold_ocean,UNDERGROUND_WATER_CREATURE,minecraft:glow_squid,10,4,6
483,ocean,minecraft:cold_ocean,WATER_CREATURE,minecraft:squid,5,1,4
484,ocean,minecraft:cold_ocean,WATER_AMBIENT,minecraft:cod,15,3,6
425,ocean,minecraft:cold_ocean,WATER_AMBIENT,minecraft:salmon,15,1,5
486,river,climaterivers:cold_river,MONSTER,minecraft:spider,10,4,4
487,river,climaterivers:cold_river,MONSTER,minecraft:zombie,10,4,4
488,river,climaterivers:cold_river,MONSTER,minecraft:zombie_villager,5,1,1
489,river,climaterivers:cold_river,MONSTER,minecraft:skeleton,10,4,4
435,river,climaterivers:cold_river,MONSTER,minecraft:creeper,10,4,4
491,river,climaterivers:cold_river,MONSTER,minecraft:slime,10,4,4
492,river,climaterivers:cold_river,MONSTER,minecraft:enderman,5,1,4
493,river,climaterivers:cold_river,MONSTER,minecraft:witch,5,1,1
494,river,climaterivers:cold_river,MONSTER,minecraft:drowned,10,1,1
495,river,climaterivers:cold_river,MONSTER,irons_spellbooks:necromancer,18,1,1
496,river,climaterivers:cold_river,CREATURE,ars_nouveau:drygmy,5,1,2
497,river,climaterivers:cold_river,CREATURE,ars_nouveau:gift_starby,5,1,1
498,river,climaterivers:cold_river,CREATURE,ars_nouveau:starbuncle,5,1,2
499,river,climaterivers:cold_river,CREATURE,ars_nouveau:whirlisprig,5,1,2
500,river,climaterivers:cold_river,AMBIENT,minecraft:bat,10,8,8
501,river,climaterivers:cold_river,UNDERGROUND_WATER_CREATURE,minecraft:glow_squid,10,4,6
502,river,climaterivers:cold_river,WATER_CREATURE,minecraft:squid,5,1,4
503,river,climaterivers:cold_river,WATER_AMBIENT,minecraft:salmon,5,1,5
504,forest,biomeswevegone:coniferous_forest,MONSTER,minecraft:spider,10,4,4
505,forest,biomeswevegone:coniferous_forest,MONSTER,minecraft:zombie,10,4,4
506,forest,biomeswevegone:coniferous_forest,MONSTER,minecraft:skeleton,10,4,4
507,forest,biomeswevegone:coniferous_forest,MONSTER,minecraft:zombie_villager,25,1,1
508,forest,biomeswevegone:coniferous_forest,MONSTER,minecraft:creeper,10,4,4
509,forest,biomeswevegone:coniferous_forest,MONSTER,minecraft:slime,10,4,4
510,forest,biomeswevegone:coniferous_forest,MONSTER,minecraft:enderman,5,1,4
511,forest,biomeswevegone:coniferous_forest,MONSTER,minecraft:witch,5,1,1
512,forest,biomeswevegone:coniferous_forest,MONSTER,irons_spellbooks:necromancer,18,1,1
513,forest,biomeswevegone:coniferous_forest,MONSTER,alshanex_familiars:druid_pet,5,1,1
514,forest,biomeswevegone:coniferous_forest,MONSTER,alshanex_familiars:hunter_pet,5,2,3
515,forest,biomeswevegone:coniferous_forest,CREATURE,minecraft:sheep,12,4,4
516,forest,biomeswevegone:coniferous_forest,CREATURE,minecraft:pig,10,4,4
517,forest,biomeswevegone:coniferous_forest,CREATURE,minecraft:chicken,10,4,4
518,forest,biomeswevegone:coniferous_forest,CREATURE,minecraft:cow,8,4,4
519,forest,biomeswevegone:coniferous_forest,CREATURE,minecraft:wolf,8,4,4
520,forest,biomeswevegone:coniferous_forest,CREATURE,minecraft:rabbit,5,2,3
521,forest,biomeswevegone:coniferous_forest,CREATURE,minecraft:fox,8,2,4
522,forest,biomeswevegone:coniferous_forest,CREATURE,ars_nouveau:drygmy,5,1,2
523,forest,biomeswevegone:coniferous_forest,CREATURE,ars_nouveau:gift_starby,5,1,1
524,forest,biomeswevegone:coniferous_forest,CREATURE,ars_nouveau:starbuncle,5,1,2
525,forest,biomeswevegone:coniferous_forest,CREATURE,ars_nouveau:whirlisprig,5,1,2
526,forest,biomeswevegone:coniferous_forest,AMBIENT,minecraft:bat,10,8,8
527,jungle,biomeswevegone:crag_gardens,MONSTER,minecraft:spider,10,4,4
528,jungle,biomeswevegone:crag_gardens,MONSTER,minecraft:zombie,10,4,4
529,jungle,biomeswevegone:crag_gardens,MONSTER,minecraft:zombie_villager,5,1,1
530,jungle,biomeswevegone:crag_gardens,MONSTER,minecraft:skeleton,10,4,4
531,jungle,biomeswevegone:crag_gardens,MONSTER,minecraft:creeper,10,4,4
532,jungle,biomeswevegone:crag_gardens,MONSTER,minecraft:slime,10,4,4
533,jungle,biomeswevegone:crag_gardens,MONSTER,minecraft:enderman,5,1,4
534,jungle,biomeswevegone:crag_gardens,MONSTER,minecraft:witch,5,1,1
535,jungle,biomeswevegone:crag_gardens,MONSTER,irons_spellbooks:necromancer,18,1,1
536,jungle,biomeswevegone:crag_gardens,MONSTER,alshanex_familiars:hunter_pet,5,2,3
537,jungle,biomeswevegone:crag_gardens,MONSTER,alshanex_familiars:mage_pet,5,1,1
538,jungle,biomeswevegone:crag_gardens,CREATURE,minecraft:sheep,12,4,4
539,jungle,biomeswevegone:crag_gardens,CREATURE,minecraft:pig,10,4,4
540,jungle,biomeswevegone:crag_gardens,CREATURE,minecraft:chicken,10,4,4
541,jungle,biomeswevegone:crag_gardens,CREATURE,minecraft:cow,8,4,4
542,jungle,biomeswevegone:crag_gardens,CREATURE,minecraft:chicken,10,4,4
543,jungle,biomeswevegone:crag_gardens,CREATURE,minecraft:parrot,10,1,2
544,jungle,biomeswevegone:crag_gardens,CREATURE,minecraft:ocelot,5,1,1
545,jungle,biomeswevegone:crag_gardens,CREATURE,ars_nouveau:drygmy,5,1,2
546,jungle,biomeswevegone:crag_gardens,CREATURE,ars_nouveau:gift_starby,5,1,1
547,jungle,biomeswevegone:crag_gardens,CREATURE,ars_nouveau:starbuncle,5,1,2
548,jungle,biomeswevegone:crag_gardens,CREATURE,ars_nouveau:whirlisprig,5,1,2
549,jungle,biomeswevegone:crag_gardens,AMBIENT,minecraft:bat,10,8,8
550,jungle,biomeswevegone:crag_gardens,AMBIENT,minecraft:bat,10,8,8
551,jungle,biomeswevegone:crag_gardens,UNDERGROUND_WATER_CREATURE,minecraft:glow_squid,10,4,6
552,nether,minecraft:crimson_forest,MONSTER,minecraft:zombified_piglin,5,2,4
553,nether,minecraft:crimson_forest,MONSTER,minecraft:hoglin,9,3,4
554,nether,minecraft:crimson_forest,MONSTER,minecraft:piglin,5,3,4
555,nether,minecraft:crimson_forest,MONSTER,piglinproliferation:piglin_alchemist,5,3,6
556,nether,minecraft:crimson_forest,MONSTER,knightquest:gremlin,10,1,1
557,nether,minecraft:crimson_forest,MONSTER,alshanex_familiars:scorcher_pet,5,1,1
558,nether,minecraft:crimson_forest,MONSTER,minecraft:ghast,3,4,4
559,nether,minecraft:crimson_forest,CREATURE,minecraft:strider,10,1,2
535,nether,minecraft:crimson_forest,WATER_AMBIENT,netherdepthsupgrade:bonefish,8,1,5
561,nether,minecraft:crimson_forest,WATER_AMBIENT,netherdepthsupgrade:eyeball_fish,5,2,4
562,nether,minecraft:crimson_forest,WATER_AMBIENT,netherdepthsupgrade:fortressgrouper,5,1,2
563,nether,minecraft:crimson_forest,WATER_AMBIENT,netherdepthsupgrade:lava_pufferfish,15,1,5
564,nether,minecraft:crimson_forest,WATER_AMBIENT,netherdepthsupgrade:searing_cod,10,3,6
530,nether,minecraft:crimson_forest,WATER_AMBIENT,netherdepthsupgrade:wither_bonefish,5,1,3
566,private,biomeswevegone:crimson_tundra,MONSTER,minecraft:spider,10,4,4
567,private,biomeswevegone:crimson_tundra,MONSTER,minecraft:zombie,10,4,4
568,private,biomeswevegone:crimson_tundra,MONSTER,minecraft:zombie_villager,5,1,1
569,private,biomeswevegone:crimson_tundra,MONSTER,minecraft:skeleton,10,4,4
535,private,biomeswevegone:crimson_tundra,MONSTER,minecraft:creeper,10,4,4
571,private,biomeswevegone:crimson_tundra,MONSTER,minecraft:slime,10,4,4
572,private,biomeswevegone:crimson_tundra,MONSTER,minecraft:enderman,5,1,4
573,private,biomeswevegone:crimson_tundra,MONSTER,minecraft:witch,5,1,1
574,private,biomeswevegone:crimson_tundra,MONSTER,minecraft:stray,10,2,3
525,private,biomeswevegone:crimson_tundra,MONSTER,irons_spellbooks:necromancer,18,1,1
576,private,biomeswevegone:crimson_tundra,CREATURE,minecraft:sheep,12,4,4
577,private,biomeswevegone:crimson_tundra,CREATURE,minecraft:pig,10,4,4
578,private,biomeswevegone:crimson_tundra,CREATURE,minecraft:chicken,10,4,4
579,private,biomeswevegone:crimson_tundra,CREATURE,minecraft:cow,8,4,4
550,private,biomeswevegone:crimson_tundra,CREATURE,minecraft:rabbit,10,2,3
581,private,biomeswevegone:crimson_tundra,CREATURE,minecraft:fox,8,2,4
582,private,biomeswevegone:crimson_tundra,CREATURE,minecraft:polar_bear,5,1,2
583,private,biomeswevegone:crimson_tundra,CREATURE,ars_nouveau:drygmy,5,1,2
584,private,biomeswevegone:crimson_tundra,CREATURE,ars_nouveau:gift_starby,5,1,1
525,private,biomeswevegone:crimson_tundra,CREATURE,ars_nouveau:starbuncle,5,1,2
586,private,biomeswevegone:crimson_tundra,CREATURE,ars_nouveau:whirlisprig,5,1,2
587,private,stellarity:crystal_crags,MONSTER,minecraft:enderman,5,4,4
588,swamp,biomeswevegone:cypress_swamplands,MONSTER,minecraft:spider,10,4,4
589,swamp,biomeswevegone:cypress_swamplands,MONSTER,minecraft:zombie,10,4,4
535,swamp,biomeswevegone:cypress_swamplands,MONSTER,minecraft:zombie_villager,5,1,1
591,swamp,biomeswevegone:cypress_swamplands,MONSTER,minecraft:skeleton,10,4,4
592,swamp,biomeswevegone:cypress_swamplands,MONSTER,minecraft:creeper,10,4,4
593,swamp,biomeswevegone:cypress_swamplands,MONSTER,minecraft:slime,10,4,4
594,swamp,biomeswevegone:cypress_swamplands,MONSTER,minecraft:enderman,5,1,4
595,swamp,biomeswevegone:cypress_swamplands,MONSTER,minecraft:witch,5,1,1
596,swamp,biomeswevegone:cypress_swamplands,MONSTER,minecraft:slime,5,1,1
597,swamp,biomeswevegone:cypress_swamplands,MONSTER,irons_spellbooks:necromancer,18,1,1
598,swamp,biomeswevegone:cypress_swamplands,MONSTER,wetland_whimsy:swamp_spider,25,1,2
599,swamp,biomeswevegone:cypress_swamplands,CREATURE,minecraft:frog,10,2,5
350,swamp,biomeswevegone:cypress_swamplands,CREATURE,ars_nouveau:drygmy,5,1,2
351,swamp,biomeswevegone:cypress_swamplands,CREATURE,ars_nouveau:gift_starby,5,1,1
352,swamp,biomeswevegone:cypress_swamplands,CREATURE,ars_nouveau:starbuncle,5,1,2
353,swamp,biomeswevegone:cypress_swamplands,CREATURE,ars_nouveau:whirlisprig,5,1,2
354,swamp,biomeswevegone:cypress_swamplands,AMBIENT,minecraft:bat,10,8,8
355,swamp,biomeswevegone:cypress_swamplands,UNDERGROUND_WATER_CREATURE,minecraft:glow_squid,10,4,6
356,swamp,biomeswevegone:cypress_swamplands,WATER_AMBIENT,minecraft:tropical_fish,10,8,8
357,swamp,biomeswevegone:cypress_wetlands,MONSTER,minecraft:spider,10,4,4
358,swamp,biomeswevegone:cypress_wetlands,MONSTER,minecraft:zombie,10,4,4
359,swamp,biomeswevegone:cypress_wetlands,MONSTER,minecraft:zombie_villager,5,1,1
610,swamp,biomeswevegone:cypress_wetlands,MONSTER,minecraft:skeleton,10,4,4
611,swamp,biomeswevegone:cypress_wetlands,MONSTER,minecraft:creeper,10,4,4
612,swamp,biomeswevegone:cypress_wetlands,MONSTER,minecraft:slime,10,4,4
613,swamp,biomeswevegone:cypress_wetlands,MONSTER,minecraft:enderman,5,1,4
614,swamp,biomeswevegone:cypress_wetlands,MONSTER,minecraft:witch,5,1,1
615,swamp,biomeswevegone:cypress_wetlands,MONSTER,minecraft:slime,5,1,1
616,swamp,biomeswevegone:cypress_wetlands,MONSTER,irons_spellbooks:necromancer,18,1,1
617,swamp,biomeswevegone:cypress_wetlands,MONSTER,wetland_whimsy:swamp_spider,25,1,2
618,swamp,biomeswevegone:cypress_wetlands,CREATURE,minecraft:frog,10,2,5
619,swamp,biomeswevegone:cypress_wetlands,CREATURE,ars_nouveau:drygmy,5,1,2
620,swamp,biomeswevegone:cypress_wetlands,CREATURE,ars_nouveau:gift_starby,5,1,1
621,swamp,biomeswevegone:cypress_wetlands,CREATURE,ars_nouveau:starbuncle,5,1,2
622,swamp,biomeswevegone:cypress_wetlands,CREATURE,ars_nouveau:whirlisprig,5,1,2
623,swamp,biomeswevegone:cypress_wetlands,AMBIENT,minecraft:bat,10,8,8
624,swamp,biomeswevegone:cypress_wetlands,UNDERGROUND_WATER_CREATURE,minecraft:glow_squid,10,4,6
625,swamp,biomeswevegone:cypress_wetlands,WATER_AMBIENT,minecraft:tropical_fish,10,8,8
626,forest,biomeswevegone:dacite_ridges,MONSTER,minecraft:spider,10,4,4
627,forest,biomeswevegone:dacite_ridges,MONSTER,minecraft:zombie,10,4,4
628,forest,biomeswevegone:dacite_ridges,MONSTER,minecraft:zombie_villager,5,1,1
629,forest,biomeswevegone:dacite_ridges,MONSTER,minecraft:skeleton,10,4,4
630,forest,biomeswevegone:dacite_ridges,MONSTER,minecraft:creeper,10,4,4
631,forest,biomeswevegone:dacite_ridges,MONSTER,minecraft:slime,10,4,4
632,forest,biomeswevegone:dacite_ridges,MONSTER,minecraft:enderman,5,1,4
633,forest,biomeswevegone:dacite_ridges,MONSTER,minecraft:witch,5,1,1
634,forest,biomeswevegone:dacite_ridges,MONSTER,irons_spellbooks:necromancer,18,1,1
635,forest,biomeswevegone:dacite_ridges,MONSTER,alshanex_familiars:druid_pet,5,1,1
636,forest,biomeswevegone:dacite_ridges,MONSTER,alshanex_familiars:hunter_pet,5,2,3
637,forest,biomeswevegone:dacite_ridges,CREATURE,minecraft:sheep,12,4,4
638,forest,biomeswevegone:dacite_ridges,CREATURE,minecraft:wolf,8,4,4
639,forest,biomeswevegone:dacite_ridges,CREATURE,minecraft:rabbit,5,2,3
640,forest,biomeswevegone:dacite_ridges,CREATURE,minecraft:fox,8,2,4
641,forest,biomeswevegone:dacite_ridges,CREATURE,ars_nouveau:drygmy,5,1,2
642,forest,biomeswevegone:dacite_ridges,CREATURE,ars_nouveau:gift_starby,5,1,1
643,forest,biomeswevegone:dacite_ridges,CREATURE,ars_nouveau:starbuncle,5,1,2
644,forest,biomeswevegone:dacite_ridges,CREATURE,ars_nouveau:whirlisprig,5,1,2
645,forest,biomeswevegone:dacite_ridges,AMBIENT,minecraft:bat,10,8,8
646,beach,biomeswevegone:dacite_shore,MONSTER,minecraft:spider,10,4,4
647,beach,biomeswevegone:dacite_shore,MONSTER,minecraft:zombie,10,4,4
648,beach,biomeswevegone:dacite_shore,MONSTER,minecraft:zombie_villager,5,1,1
649,beach,biomeswevegone:dacite_shore,MONSTER,minecraft:skeleton,10,4,4
300,beach,biomeswevegone:dacite_shore,MONSTER,minecraft:creeper,10,4,4
301,beach,biomeswevegone:dacite_shore,MONSTER,minecraft:slime,10,4,4
302,beach,biomeswevegone:dacite_shore,MONSTER,minecraft:enderman,5,1,4
303,beach,biomeswevegone:dacite_shore,MONSTER,minecraft:witch,5,1,1
304,beach,biomeswevegone:dacite_shore,MONSTER,irons_spellbooks:necromancer,18,1,1
305,beach,biomeswevegone:dacite_shore,CREATURE,minecraft:sheep,12,4,4
306,beach,biomeswevegone:dacite_shore,CREATURE,minecraft:wolf,8,4,4
307,beach,biomeswevegone:dacite_shore,CREATURE,minecraft:rabbit,5,2,3
308,beach,biomeswevegone:dacite_shore,CREATURE,minecraft:fox,8,2,4
309,beach,biomeswevegone:dacite_shore,CREATURE,ars_nouveau:alakarkinos,5,1,1
635,beach,biomeswevegone:dacite_shore,CREATURE,ars_nouveau:drygmy,5,1,2
661,beach,biomeswevegone:dacite_shore,CREATURE,ars_nouveau:gift_starby,5,1,1
662,beach,biomeswevegone:dacite_shore,CREATURE,ars_nouveau:starbuncle,5,1,2
663,beach,biomeswevegone:dacite_shore,CREATURE,ars_nouveau:whirlisprig,5,1,2
664,forest,minecraft:dark_forest,MONSTER,minecraft:spider,10,4,4
630,forest,minecraft:dark_forest,MONSTER,minecraft:zombie,10,4,4
666,forest,minecraft:dark_forest,MONSTER,minecraft:zombie_villager,5,1,1
667,forest,minecraft:dark_forest,MONSTER,minecraft:skeleton,10,4,4
668,forest,minecraft:dark_forest,MONSTER,minecraft:creeper,10,4,4
669,forest,minecraft:dark_forest,MONSTER,minecraft:slime,10,4,4
635,forest,minecraft:dark_forest,MONSTER,minecraft:enderman,5,1,4
671,forest,minecraft:dark_forest,MONSTER,minecraft:witch,5,1,1
672,forest,minecraft:dark_forest,MONSTER,irons_spellbooks:necromancer,18,1,1
673,forest,minecraft:dark_forest,MONSTER,alshanex_familiars:druid_pet,5,1,1
674,forest,minecraft:dark_forest,MONSTER,alshanex_familiars:hunter_pet,5,2,3
625,forest,minecraft:dark_forest,CREATURE,minecraft:sheep,12,4,4
676,forest,minecraft:dark_forest,CREATURE,minecraft:pig,10,4,4
677,forest,minecraft:dark_forest,CREATURE,minecraft:chicken,10,4,4
678,forest,minecraft:dark_forest,CREATURE,minecraft:cow,8,4,4
679,forest,minecraft:dark_forest,CREATURE,ars_nouveau:drygmy,5,1,2
300,forest,minecraft:dark_forest,CREATURE,ars_nouveau:gift_starby,5,1,1
681,forest,minecraft:dark_forest,CREATURE,ars_nouveau:starbuncle,5,1,2
682,forest,minecraft:dark_forest,CREATURE,ars_nouveau:whirlisprig,5,1,2
683,forest,minecraft:dark_forest,AMBIENT,minecraft:bat,10,8,8
684,forest,minecraft:dark_forest,UNDERGROUND_WATER_CREATURE,minecraft:glow_squid,10,4,6
625,ocean,biomeswevegone:dead_sea,MONSTER,minecraft:spider,10,4,4
686,ocean,biomeswevegone:dead_sea,MONSTER,minecraft:drowned,10,4,4
687,ocean,biomeswevegone:dead_sea,MONSTER,minecraft:zombie_villager,5,1,1
688,ocean,biomeswevegone:dead_sea,MONSTER,minecraft:skeleton,10,4,4
689,ocean,biomeswevegone:dead_sea,MONSTER,minecraft:creeper,10,4,4
635,ocean,biomeswevegone:dead_sea,MONSTER,minecraft:slime,10,4,4
691,ocean,biomeswevegone:dead_sea,MONSTER,minecraft:enderman,5,1,4
692,ocean,biomeswevegone:dead_sea,MONSTER,minecraft:witch,5,1,1
693,ocean,biomeswevegone:dead_sea,MONSTER,irons_spellbooks:necromancer,18,1,1
694,ocean,biomeswevegone:dead_sea,CREATURE,ars_nouveau:drygmy,5,1,2
695,ocean,biomeswevegone:dead_sea,CREATURE,ars_nouveau:gift_starby,5,1,1
696,ocean,biomeswevegone:dead_sea,CREATURE,ars_nouveau:starbuncle,5,1,2
697,ocean,biomeswevegone:dead_sea,CREATURE,ars_nouveau:whirlisprig,5,1,2
698,ocean,biomeswevegone:dead_sea,AMBIENT,minecraft:bat,10,8,8
699,ocean,minecraft:deep_cold_ocean,MONSTER,minecraft:spider,50,4,4
350,ocean,minecraft:deep_cold_ocean,MONSTER,minecraft:zombie,50,4,4
351,ocean,minecraft:deep_cold_ocean,MONSTER,minecraft:zombie_villager,5,1,1
352,ocean,minecraft:deep_cold_ocean,MONSTER,minecraft:skeleton,50,4,4
353,ocean,minecraft:deep_cold_ocean,MONSTER,minecraft:creeper,50,4,4
354,ocean,minecraft:deep_cold_ocean,MONSTER,minecraft:slime,50,4,4
355,ocean,minecraft:deep_cold_ocean,MONSTER,minecraft:enderman,5,1,4
356,ocean,minecraft:deep_cold_ocean,MONSTER,minecraft:witch,5,1,1
357,ocean,minecraft:deep_cold_ocean,MONSTER,minecraft:drowned,5,1,1
358,ocean,minecraft:deep_cold_ocean,MONSTER,cataclysm:deepling,5,1,1
359,ocean,minecraft:deep_cold_ocean,MONSTER,cataclysm:deepling_angler,5,1,1
710,ocean,minecraft:deep_cold_ocean,MONSTER,cataclysm:deepling_brute,5,1,1
711,ocean,minecraft:deep_cold_ocean,MONSTER,cataclysm:deepling_priest,5,1,1
712,ocean,minecraft:deep_cold_ocean,MONSTER,cataclysm:deepling_warlock,5,1,1
713,ocean,minecraft:deep_cold_ocean,MONSTER,cataclysm:coral_golem,5,1,1
714,ocean,minecraft:deep_cold_ocean,MONSTER,irons_spellbooks:necromancer,18,1,1
715,ocean,minecraft:deep_cold_ocean,CREATURE,ars_nouveau:drygmy,5,1,2
716,ocean,minecraft:deep_cold_ocean,CREATURE,ars_nouveau:gift_starby,5,1,1
717,ocean,minecraft:deep_cold_ocean,CREATURE,ars_nouveau:starbuncle,5,1,2
718,ocean,minecraft:deep_cold_ocean,CREATURE,ars_nouveau:whirlisprig,5,1,2
719,ocean,minecraft:deep_cold_ocean,AMBIENT,minecraft:bat,10,8,8
720,ocean,minecraft:deep_cold_ocean,UNDERGROUND_WATER_CREATURE,minecraft:glow_squid,10,4,6
721,ocean,minecraft:deep_cold_ocean,WATER_CREATURE,minecraft:squid,5,1,4
722,ocean,minecraft:deep_cold_ocean,WATER_AMBIENT,minecraft:cod,15,3,6
723,ocean,minecraft:deep_cold_ocean,WATER_AMBIENT,minecraft:salmon,15,1,5
724,private,minecraft:deep_dark,MONSTER,irons_spellbooks:necromancer,18,1,1
725,private,minecraft:deep_dark,CREATURE,ars_nouveau:drygmy,5,1,2
726,private,minecraft:deep_dark,CREATURE,ars_nouveau:gift_starby,5,1,1
727,private,minecraft:deep_dark,CREATURE,ars_nouveau:starbuncle,5,1,2
728,private,minecraft:deep_dark,CREATURE,ars_nouveau:whirlisprig,5,1,2
729,ocean,minecraft:deep_frozen_ocean,MONSTER,minecraft:spider,50,4,4
730,ocean,minecraft:deep_frozen_ocean,MONSTER,minecraft:zombie,50,4,4
731,ocean,minecraft:deep_frozen_ocean,MONSTER,minecraft:zombie_villager,5,1,1
732,ocean,minecraft:deep_frozen_ocean,MONSTER,minecraft:skeleton,50,4,4
733,ocean,minecraft:deep_frozen_ocean,MONSTER,minecraft:creeper,50,4,4
734,ocean,minecraft:deep_frozen_ocean,MONSTER,minecraft:slime,50,4,4
735,ocean,minecraft:deep_frozen_ocean,MONSTER,minecraft:enderman,5,1,4
736,ocean,minecraft:deep_frozen_ocean,MONSTER,minecraft:witch,5,1,1
737,ocean,minecraft:deep_frozen_ocean,MONSTER,minecraft:drowned,5,1,1
738,ocean,minecraft:deep_frozen_ocean,MONSTER,cataclysm:deepling,5,1,1
739,ocean,minecraft:deep_frozen_ocean,MONSTER,cataclysm:deepling_angler,5,1,1
740,ocean,minecraft:deep_frozen_ocean,MONSTER,cataclysm:deepling_brute,5,1,1
741,ocean,minecraft:deep_frozen_ocean,MONSTER,cataclysm:deepling_priest,5,1,1
742,ocean,minecraft:deep_frozen_ocean,MONSTER,cataclysm:deepling_warlock,5,1,1
743,ocean,minecraft:deep_frozen_ocean,MONSTER,cataclysm:coral_golem,5,1,1
744,ocean,minecraft:deep_frozen_ocean,MONSTER,irons_spellbooks:necromancer,18,1,1
745,ocean,minecraft:deep_frozen_ocean,CREATURE,minecraft:polar_bear,5,1,2
746,ocean,minecraft:deep_frozen_ocean,CREATURE,ars_nouveau:drygmy,5,1,2
747,ocean,minecraft:deep_frozen_ocean,CREATURE,ars_nouveau:gift_starby,5,1,1
748,ocean,minecraft:deep_frozen_ocean,CREATURE,ars_nouveau:starbuncle,5,1,2
749,ocean,minecraft:deep_frozen_ocean,CREATURE,ars_nouveau:whirlisprig,5,1,2
250,ocean,minecraft:deep_frozen_ocean,AMBIENT,minecraft:bat,10,8,8
251,ocean,minecraft:deep_frozen_ocean,UNDERGROUND_WATER_CREATURE,minecraft:glow_squid,10,4,6
252,ocean,minecraft:deep_frozen_ocean,WATER_CREATURE,minecraft:squid,5,1,4
253,ocean,minecraft:deep_frozen_ocean,WATER_AMBIENT,minecraft:salmon,15,1,5
254,ocean,minecraft:deep_lukewarm_ocean,MONSTER,minecraft:spider,50,4,4
255,ocean,minecraft:deep_lukewarm_ocean,MONSTER,minecraft:zombie,50,4,4
256,ocean,minecraft:deep_lukewarm_ocean,MONSTER,minecraft:zombie_villager,5,1,1
257,ocean,minecraft:deep_lukewarm_ocean,MONSTER,minecraft:skeleton,50,4,4
258,ocean,minecraft:deep_lukewarm_ocean,MONSTER,minecraft:creeper,50,4,4
259,ocean,minecraft:deep_lukewarm_ocean,MONSTER,minecraft:slime,50,4,4
735,ocean,minecraft:deep_lukewarm_ocean,MONSTER,minecraft:enderman,5,1,4
761,ocean,minecraft:deep_lukewarm_ocean,MONSTER,minecraft:witch,5,1,1
762,ocean,minecraft:deep_lukewarm_ocean,MONSTER,minecraft:drowned,5,1,1
763,ocean,minecraft:deep_lukewarm_ocean,MONSTER,cataclysm:deepling,5,1,1
764,ocean,minecraft:deep_lukewarm_ocean,MONSTER,cataclysm:deepling_angler,5,1,1
730,ocean,minecraft:deep_lukewarm_ocean,MONSTER,cataclysm:deepling_brute,5,1,1
766,ocean,minecraft:deep_lukewarm_ocean,MONSTER,cataclysm:deepling_priest,5,1,1
767,ocean,minecraft:deep_lukewarm_ocean,MONSTER,cataclysm:deepling_warlock,5,1,1
768,ocean,minecraft:deep_lukewarm_ocean,MONSTER,cataclysm:coral_golem,5,1,1
769,ocean,minecraft:deep_lukewarm_ocean,MONSTER,variantsandventures:murk,5,1,1
735,ocean,minecraft:deep_lukewarm_ocean,MONSTER,irons_spellbooks:necromancer,18,1,1
771,ocean,minecraft:deep_lukewarm_ocean,CREATURE,ars_nouveau:drygmy,5,1,2
772,ocean,minecraft:deep_lukewarm_ocean,CREATURE,ars_nouveau:gift_starby,5,1,1
773,ocean,minecraft:deep_lukewarm_ocean,CREATURE,ars_nouveau:starbuncle,5,1,2
774,ocean,minecraft:deep_lukewarm_ocean,CREATURE,ars_nouveau:whirlisprig,5,1,2
725,ocean,minecraft:deep_lukewarm_ocean,AMBIENT,minecraft:bat,10,8,8
776,ocean,minecraft:deep_lukewarm_ocean,UNDERGROUND_WATER_CREATURE,minecraft:glow_squid,10,4,6
777,ocean,minecraft:deep_lukewarm_ocean,WATER_CREATURE,minecraft:squid,8,1,4
778,ocean,minecraft:deep_lukewarm_ocean,WATER_CREATURE,minecraft:dolphin,5,1,2
779,ocean,minecraft:deep_lukewarm_ocean,WATER_AMBIENT,minecraft:cod,8,3,6
250,ocean,minecraft:deep_lukewarm_ocean,WATER_AMBIENT,minecraft:pufferfish,5,1,3
781,ocean,minecraft:deep_lukewarm_ocean,WATER_AMBIENT,minecraft:tropical_fish,25,8,8
782,ocean,minecraft:deep_ocean,MONSTER,minecraft:spider,50,4,4
783,ocean,minecraft:deep_ocean,MONSTER,minecraft:zombie,50,4,4
784,ocean,minecraft:deep_ocean,MONSTER,minecraft:zombie_villager,5,1,1
725,ocean,minecraft:deep_ocean,MONSTER,minecraft:skeleton,50,4,4
786,ocean,minecraft:deep_ocean,MONSTER,minecraft:creeper,50,4,4
787,ocean,minecraft:deep_ocean,MONSTER,minecraft:slime,50,4,4
788,ocean,minecraft:deep_ocean,MONSTER,minecraft:enderman,5,1,4
789,ocean,minecraft:deep_ocean,MONSTER,minecraft:witch,5,1,1
735,ocean,minecraft:deep_ocean,MONSTER,minecraft:drowned,5,1,1
791,ocean,minecraft:deep_ocean,MONSTER,cataclysm:deepling,5,1,1
792,ocean,minecraft:deep_ocean,MONSTER,cataclysm:deepling_angler,5,1,1
793,ocean,minecraft:deep_ocean,MONSTER,cataclysm:deepling_brute,5,1,1
794,ocean,minecraft:deep_ocean,MONSTER,cataclysm:deepling_priest,5,1,1
795,ocean,minecraft:deep_ocean,MONSTER,cataclysm:deepling_warlock,5,1,1
796,ocean,minecraft:deep_ocean,MONSTER,cataclysm:coral_golem,5,1,1
797,ocean,minecraft:deep_ocean,MONSTER,irons_spellbooks:necromancer,18,1,1
798,ocean,minecraft:deep_ocean,CREATURE,ars_nouveau:drygmy,5,1,2
799,ocean,minecraft:deep_ocean,CREATURE,ars_nouveau:gift_starby,5,1,1
500,ocean,minecraft:deep_ocean,CREATURE,ars_nouveau:starbuncle,5,1,2
501,ocean,minecraft:deep_ocean,CREATURE,ars_nouveau:whirlisprig,5,1,2
502,ocean,minecraft:deep_ocean,AMBIENT,minecraft:bat,10,8,8
503,ocean,minecraft:deep_ocean,UNDERGROUND_WATER_CREATURE,minecraft:glow_squid,10,4,6
504,ocean,minecraft:deep_ocean,WATER_CREATURE,minecraft:squid,5,1,4
505,ocean,minecraft:deep_ocean,WATER_CREATURE,minecraft:dolphin,5,1,2
506,ocean,minecraft:deep_ocean,WATER_AMBIENT,minecraft:cod,10,3,6
507,desert,minecraft:desert,MONSTER,minecraft:spider,50,4,4
508,desert,minecraft:desert,MONSTER,minecraft:zombie,19,4,4
509,desert,minecraft:desert,MONSTER,minecraft:zombie_villager,5,1,1
810,desert,minecraft:desert,MONSTER,minecraft:skeleton,50,4,4
811,desert,minecraft:desert,MONSTER,minecraft:creeper,50,4,4
812,desert,minecraft:desert,MONSTER,minecraft:slime,50,4,4
813,desert,minecraft:desert,MONSTER,minecraft:enderman,5,1,4
814,desert,minecraft:desert,MONSTER,minecraft:witch,5,1,1
815,desert,minecraft:desert,MONSTER,minecraft:husk,50,4,4
816,desert,minecraft:desert,MONSTER,cataclysm:koboleton,15,2,3
817,desert,minecraft:desert,MONSTER,irons_spellbooks:necromancer,18,1,1
818,desert,minecraft:desert,MONSTER,knightquest:fallen_knight,5,1,1
819,desert,minecraft:desert,MONSTER,knightquest:ratman,25,1,2
820,desert,minecraft:desert,CREATURE,minecraft:rabbit,5,2,3
821,desert,minecraft:desert,CREATURE,ars_nouveau:drygmy,5,1,2
822,desert,minecraft:desert,CREATURE,ars_nouveau:gift_starby,5,1,1
823,desert,minecraft:desert,CREATURE,ars_nouveau:starbuncle,5,1,2
824,desert,minecraft:desert,CREATURE,ars_nouveau:whirlisprig,5,1,2
825,desert,minecraft:desert,AMBIENT,minecraft:bat,10,8,8
826,desert,minecraft:desert,AMBIENT,knightquest:lizzy,7,1,1
827,desert,minecraft:desert,UNDERGROUND_WATER_CREATURE,minecraft:glow_squid,10,4,6
828,private,stellarity:dragons_den,MONSTER,minecraft:enderman,5,4,4
829,private,minecraft:dripstone_caves,MONSTER,minecraft:spider,50,4,4
830,private,minecraft:dripstone_caves,MONSTER,minecraft:zombie,50,4,4
831,private,minecraft:dripstone_caves,MONSTER,minecraft:zombie_villager,5,1,1
832,private,minecraft:dripstone_caves,MONSTER,minecraft:skeleton,50,4,4
833,private,minecraft:dripstone_caves,MONSTER,minecraft:creeper,50,4,4
834,private,minecraft:dripstone_caves,MONSTER,minecraft:slime,50,4,4
835,private,minecraft:dripstone_caves,MONSTER,minecraft:enderman,5,1,4
836,private,minecraft:dripstone_caves,MONSTER,minecraft:witch,5,1,1
837,private,minecraft:dripstone_caves,MONSTER,minecraft:drowned,50,4,4
838,private,minecraft:dripstone_caves,MONSTER,irons_spellbooks:necromancer,18,1,1
839,private,minecraft:dripstone_caves,MONSTER,knightquest:ratman,25,1,2
840,private,minecraft:dripstone_caves,CREATURE,ars_nouveau:drygmy,5,1,2
841,private,minecraft:dripstone_caves,CREATURE,ars_nouveau:gift_starby,5,1,1
842,private,minecraft:dripstone_caves,CREATURE,ars_nouveau:starbuncle,5,1,2
843,private,minecraft:dripstone_caves,CREATURE,ars_nouveau:whirlisprig,5,1,2
844,private,minecraft:dripstone_caves,AMBIENT,minecraft:bat,10,8,8
845,private,minecraft:dripstone_caves,UNDERGROUND_WATER_CREATURE,minecraft:glow_squid,10,4,6
846,forest,biomeswevegone:ebony_woods,MONSTER,irons_spellbooks:necromancer,18,1,1
847,forest,biomeswevegone:ebony_woods,MONSTER,alshanex_familiars:druid_pet,5,1,1
848,forest,biomeswevegone:ebony_woods,MONSTER,alshanex_familiars:hunter_pet,5,2,3
849,forest,biomeswevegone:ebony_woods,CREATURE,minecraft:sheep,12,4,4
250,forest,biomeswevegone:ebony_woods,CREATURE,minecraft:pig,10,4,4
251,forest,biomeswevegone:ebony_woods,CREATURE,minecraft:chicken,10,4,4
252,forest,biomeswevegone:ebony_woods,CREATURE,minecraft:cow,8,4,4
253,forest,biomeswevegone:ebony_woods,CREATURE,minecraft:wolf,8,4,4
254,forest,biomeswevegone:ebony_woods,CREATURE,minecraft:rabbit,5,2,3
255,forest,biomeswevegone:ebony_woods,CREATURE,minecraft:fox,8,2,4
256,forest,biomeswevegone:ebony_woods,CREATURE,ars_nouveau:drygmy,5,1,2
257,forest,biomeswevegone:ebony_woods,CREATURE,ars_nouveau:gift_starby,5,1,1
258,forest,biomeswevegone:ebony_woods,CREATURE,ars_nouveau:starbuncle,5,1,2
259,forest,biomeswevegone:ebony_woods,CREATURE,ars_nouveau:whirlisprig,5,1,2
835,forest,biomeswevegone:ebony_woods,AMBIENT,minecraft:bat,10,8,8
861,forest,biomeswevegone:enchanted_tangle,MONSTER,minecraft:enderman,5,1,4
862,forest,biomeswevegone:enchanted_tangle,MONSTER,minecraft:spider,50,4,4
863,forest,biomeswevegone:enchanted_tangle,MONSTER,minecraft:zombie,50,4,4
864,forest,biomeswevegone:enchanted_tangle,MONSTER,minecraft:zombie_villager,5,1,1
830,forest,biomeswevegone:enchanted_tangle,MONSTER,minecraft:skeleton,50,4,4
866,forest,biomeswevegone:enchanted_tangle,MONSTER,minecraft:creeper,50,4,4
867,forest,biomeswevegone:enchanted_tangle,MONSTER,minecraft:slime,50,4,4
868,forest,biomeswevegone:enchanted_tangle,MONSTER,minecraft:enderman,5,1,4
869,forest,biomeswevegone:enchanted_tangle,MONSTER,minecraft:witch,5,1,1
835,forest,biomeswevegone:enchanted_tangle,MONSTER,irons_spellbooks:necromancer,18,1,1
871,forest,biomeswevegone:enchanted_tangle,MONSTER,alshanex_familiars:druid_pet,5,1,1
872,forest,biomeswevegone:enchanted_tangle,MONSTER,alshanex_familiars:hunter_pet,5,2,3
873,forest,biomeswevegone:enchanted_tangle,CREATURE,minecraft:sheep,10,4,4
874,forest,biomeswevegone:enchanted_tangle,CREATURE,minecraft:pig,15,4,4
825,forest,biomeswevegone:enchanted_tangle,CREATURE,minecraft:chicken,12,4,4
876,forest,biomeswevegone:enchanted_tangle,CREATURE,minecraft:cow,10,4,4
877,forest,biomeswevegone:enchanted_tangle,CREATURE,minecraft:ocelot,10,1,1
878,forest,biomeswevegone:enchanted_tangle,CREATURE,minecraft:parrot,10,1,2
879,forest,biomeswevegone:enchanted_tangle,CREATURE,minecraft:sheep,12,4,4
250,forest,biomeswevegone:enchanted_tangle,CREATURE,minecraft:pig,10,4,4
881,forest,biomeswevegone:enchanted_tangle,CREATURE,minecraft:chicken,10,4,4
882,forest,biomeswevegone:enchanted_tangle,CREATURE,minecraft:cow,8,4,4
883,forest,biomeswevegone:enchanted_tangle,CREATURE,minecraft:chicken,10,4,4
884,forest,biomeswevegone:enchanted_tangle,CREATURE,minecraft:parrot,10,1,2
825,forest,biomeswevegone:enchanted_tangle,CREATURE,minecraft:ocelot,5,1,3
886,forest,biomeswevegone:enchanted_tangle,CREATURE,minecraft:panda,5,1,2
887,forest,biomeswevegone:enchanted_tangle,CREATURE,ars_nouveau:drygmy,5,1,2
888,forest,biomeswevegone:enchanted_tangle,CREATURE,ars_nouveau:gift_starby,5,1,1
889,forest,biomeswevegone:enchanted_tangle,CREATURE,ars_nouveau:starbuncle,5,1,2
835,forest,biomeswevegone:enchanted_tangle,CREATURE,ars_nouveau:whirlisprig,5,1,2
891,forest,biomeswevegone:enchanted_tangle,AMBIENT,minecraft:bat,10,8,8
892,forest,biomeswevegone:enchanted_tangle,AMBIENT,minecraft:bat,10,8,8
893,forest,biomeswevegone:enchanted_tangle,UNDERGROUND_WATER_CREATURE,minecraft:glow_squid,10,4,6
894,private,minecraft:end_barrens,MONSTER,minecraft:zombie,30,4,4
895,private,minecraft:end_barrens,MONSTER,minecraft:enderman,5,4,4
896,private,minecraft:end_highlands,MONSTER,minecraft:enderman,5,4,4
897,private,minecraft:end_midlands,MONSTER,minecraft:enderman,5,4,4
898,private,stellarity:end_shrubland,MONSTER,minecraft:enderman,5,4,4
899,private,stellarity:end_shrubland,MONSTER,minecraft:zombie,30,4,4
350,private,stellarity:end_shrubland,MONSTER,minecraft:phantom,10,2,2
351,private,far_end:end_wilds,MONSTER,minecraft:enderman,5,4,4
352,private,far_end:end_wilds,MONSTER,minecraft:phantom,5,2,2
353,private,stellarity:end_wilds,MONSTER,minecraft:enderman,5,4,4
354,private,stellarity:end_wilds,MONSTER,minecraft:zombie,30,4,4
355,private,stellarity:end_wilds,MONSTER,minecraft:phantom,10,2,2
356,private,far_end:ender_waste,MONSTER,minecraft:enderman,5,4,4
357,private,far_end:ender_waste,MONSTER,minecraft:skeleton,5,2,3
358,private,stellarity:ender_wastes,MONSTER,minecraft:enderman,5,4,4
359,private,stellarity:ender_wastes,MONSTER,minecraft:skeleton,5,2,3
910,private,stellarity:endless_dunes,MONSTER,minecraft:enderman,5,4,4
911,private,stellarity:endless_dunes,MONSTER,minecraft:zombie,30,4,4
912,private,stellarity:endless_dunes,MONSTER,minecraft:skeleton,15,4,4
913,private,stellarity:endless_dunes,WATER_CREATURE,ars_elemental:siren_entity,5,1,3
914,badlands,minecraft:eroded_badlands,MONSTER,minecraft:spider,50,4,4
915,badlands,minecraft:eroded_badlands,MONSTER,minecraft:zombie,50,4,4
916,badlands,minecraft:eroded_badlands,MONSTER,minecraft:zombie_villager,5,1,1
917,badlands,minecraft:eroded_badlands,MONSTER,minecraft:skeleton,50,4,4
918,badlands,minecraft:eroded_badlands,MONSTER,minecraft:creeper,50,4,4
919,badlands,minecraft:eroded_badlands,MONSTER,minecraft:slime,50,4,4
920,badlands,minecraft:eroded_badlands,MONSTER,minecraft:enderman,5,1,4
921,badlands,minecraft:eroded_badlands,MONSTER,minecraft:witch,5,1,1
922,badlands,minecraft:eroded_badlands,MONSTER,cataclysm:koboleton,15,2,3
923,badlands,minecraft:eroded_badlands,MONSTER,irons_spellbooks:necromancer,18,1,1
924,badlands,minecraft:eroded_badlands,CREATURE,minecraft:armadillo,6,1,2
925,badlands,minecraft:eroded_badlands,CREATURE,ars_nouveau:drygmy,5,1,2
926,badlands,minecraft:eroded_badlands,CREATURE,ars_nouveau:gift_starby,5,1,1
927,badlands,minecraft:eroded_badlands,CREATURE,ars_nouveau:starbuncle,5,1,2
928,badlands,minecraft:eroded_badlands,CREATURE,ars_nouveau:whirlisprig,5,1,2
929,badlands,minecraft:eroded_badlands,AMBIENT,minecraft:bat,10,8,8
930,badlands,minecraft:eroded_badlands,UNDERGROUND_WATER_CREATURE,minecraft:glow_squid,10,4,6
931,forest,biomeswevegone:eroded_borealis,MONSTER,minecraft:spider,50,4,4
932,forest,biomeswevegone:eroded_borealis,MONSTER,minecraft:zombie,50,4,4
933,forest,biomeswevegone:eroded_borealis,MONSTER,minecraft:zombie_villager,5,1,1
934,forest,biomeswevegone:eroded_borealis,MONSTER,minecraft:skeleton,50,4,4
935,forest,biomeswevegone:eroded_borealis,MONSTER,minecraft:creeper,50,4,4
936,forest,biomeswevegone:eroded_borealis,MONSTER,minecraft:slime,50,4,4
937,forest,biomeswevegone:eroded_borealis,MONSTER,minecraft:enderman,5,1,4
938,forest,biomeswevegone:eroded_borealis,MONSTER,minecraft:witch,5,1,1
939,forest,biomeswevegone:eroded_borealis,MONSTER,minecraft:stray,50,2,3
940,forest,biomeswevegone:eroded_borealis,MONSTER,irons_spellbooks:necromancer,18,1,1
941,forest,biomeswevegone:eroded_borealis,MONSTER,alshanex_familiars:druid_pet,5,1,1
942,forest,biomeswevegone:eroded_borealis,MONSTER,alshanex_familiars:frostling_pet,5,1,1
943,forest,biomeswevegone:eroded_borealis,MONSTER,alshanex_familiars:hunter_pet,5,2,3
944,forest,biomeswevegone:eroded_borealis,CREATURE,minecraft:allay,5,1,1
945,forest,biomeswevegone:eroded_borealis,CREATURE,minecraft:rabbit,10,2,3
946,forest,biomeswevegone:eroded_borealis,CREATURE,minecraft:fox,8,2,4
947,forest,biomeswevegone:eroded_borealis,CREATURE,minecraft:wolf,8,3,4
948,forest,biomeswevegone:eroded_borealis,CREATURE,minecraft:polar_bear,5,1,2
949,forest,biomeswevegone:eroded_borealis,CREATURE,ars_nouveau:drygmy,5,1,2
950,forest,biomeswevegone:eroded_borealis,CREATURE,ars_nouveau:gift_starby,5,1,1
951,forest,biomeswevegone:eroded_borealis,CREATURE,ars_nouveau:starbuncle,5,1,2
952,forest,biomeswevegone:eroded_borealis,CREATURE,ars_nouveau:whirlisprig,5,1,2
953,forest,biomeswevegone:eroded_borealis,AMBIENT,minecraft:bat,10,8,8
954,forest,biomeswevegone:eroded_borealis,UNDERGROUND_WATER_CREATURE,minecraft:glow_squid,10,4,6
955,private,stellarity:fiery_hills,MONSTER,minecraft:magma_cube,20,1,2
956,private,biomeswevegone:firecracker_chaparral,MONSTER,minecraft:spider,50,4,4
957,private,biomeswevegone:firecracker_chaparral,MONSTER,minecraft:zombie,50,4,4
958,private,biomeswevegone:firecracker_chaparral,MONSTER,minecraft:zombie_villager,5,1,1
959,private,biomeswevegone:firecracker_chaparral,MONSTER,minecraft:skeleton,50,4,4
935,private,biomeswevegone:firecracker_chaparral,MONSTER,minecraft:creeper,50,4,4
961,private,biomeswevegone:firecracker_chaparral,MONSTER,minecraft:slime,50,4,4
962,private,biomeswevegone:firecracker_chaparral,MONSTER,minecraft:enderman,5,1,4
963,private,biomeswevegone:firecracker_chaparral,MONSTER,minecraft:witch,5,1,1
964,private,biomeswevegone:firecracker_chaparral,MONSTER,irons_spellbooks:necromancer,18,1,1
930,private,biomeswevegone:firecracker_chaparral,CREATURE,minecraft:sheep,12,4,4
966,private,biomeswevegone:firecracker_chaparral,CREATURE,minecraft:pig,10,4,4
967,private,biomeswevegone:firecracker_chaparral,CREATURE,minecraft:chicken,10,4,4
968,private,biomeswevegone:firecracker_chaparral,CREATURE,minecraft:cow,8,4,4
969,private,biomeswevegone:firecracker_chaparral,CREATURE,minecraft:horse,5,2,6
935,private,biomeswevegone:firecracker_chaparral,CREATURE,minecraft:donkey,5,1,3
971,private,biomeswevegone:firecracker_chaparral,CREATURE,ars_nouveau:drygmy,5,1,2
972,private,biomeswevegone:firecracker_chaparral,CREATURE,ars_nouveau:gift_starby,5,1,1
973,private,biomeswevegone:firecracker_chaparral,CREATURE,ars_nouveau:starbuncle,5,1,2
974,private,biomeswevegone:firecracker_chaparral,CREATURE,ars_nouveau:whirlisprig,5,1,2
925,private,biomeswevegone:firecracker_chaparral,AMBIENT,minecraft:bat,10,8,8
976,forest,ars_elemental:flashing_forest,MONSTER,minecraft:spider,35,4,4
977,forest,ars_elemental:flashing_forest,MONSTER,minecraft:zombie,20,4,4
978,forest,ars_elemental:flashing_forest,MONSTER,minecraft:zombie_villager,5,1,1
979,forest,ars_elemental:flashing_forest,MONSTER,minecraft:skeleton,35,4,4
950,forest,ars_elemental:flashing_forest,MONSTER,minecraft:creeper,35,4,4
981,forest,ars_elemental:flashing_forest,MONSTER,minecraft:slime,40,4,4
982,forest,ars_elemental:flashing_forest,MONSTER,minecraft:enderman,5,1,4
983,forest,ars_elemental:flashing_forest,MONSTER,minecraft:witch,5,1,1
984,forest,ars_elemental:flashing_forest,MONSTER,ars_elemental:air_mage,5,1,3
925,forest,ars_elemental:flashing_forest,MONSTER,minecraft:breeze,5,1,1
986,forest,ars_elemental:flashing_forest,MONSTER,irons_spellbooks:necromancer,18,1,1
987,forest,ars_elemental:flashing_forest,MONSTER,alshanex_familiars:druid_pet,5,1,1
988,forest,ars_elemental:flashing_forest,MONSTER,alshanex_familiars:hunter_pet,5,2,3
989,forest,ars_elemental:flashing_forest,MONSTER,alshanex_familiars:mage_pet,5,1,1
935,forest,ars_elemental:flashing_forest,CREATURE,ars_nouveau:starbuncle,5,3,5
991,forest,ars_elemental:flashing_forest,CREATURE,ars_nouveau:drygmy,5,1,3
992,forest,ars_elemental:flashing_forest,CREATURE,ars_nouveau:whirlisprig,5,1,3
993,forest,ars_elemental:flashing_forest,CREATURE,minecraft:sheep,12,4,4
994,forest,ars_elemental:flashing_forest,CREATURE,minecraft:pig,10,4,4
995,forest,ars_elemental:flashing_forest,CREATURE,minecraft:chicken,10,4,4
996,forest,ars_elemental:flashing_forest,CREATURE,minecraft:cow,8,4,4
997,forest,ars_elemental:flashing_forest,CREATURE,minecraft:rabbit,6,2,3
998,forest,ars_elemental:flashing_forest,CREATURE,ars_elemental:flashing_weald_walker,10,1,3
999,forest,ars_elemental:flashing_forest,CREATURE,minecraft:goat,6,1,2
1000,forest,ars_elemental:flashing_forest,CREATURE,ars_nouveau:drygmy,5,1,2
1001,forest,ars_elemental:flashing_forest,CREATURE,ars_nouveau:gift_starby,5,1,1
1002,forest,ars_elemental:flashing_forest,CREATURE,ars_nouveau:starbuncle,5,1,2
1003,forest,ars_elemental:flashing_forest,CREATURE,ars_nouveau:whirlisprig,5,1,2
1004,forest,ars_elemental:flashing_forest,AMBIENT,minecraft:bat,10,8,8
1005,forest,ars_elemental:flashing_forest,UNDERGROUND_WATER_CREATURE,minecraft:glow_squid,10,4,6
1006,forest,ars_elemental:flashing_forest,WATER_CREATURE,ars_elemental:siren_entity,5,1,3
1007,private,far_end:flesh_tundra,MONSTER,minecraft:cave_spider,20,2,3
1008,private,far_end:flesh_tundra,MONSTER,minecraft:zombified_piglin,42,4,4
1009,private,stellarity:flesh_tundra,MONSTER,minecraft:silverfish,7,2,2
1010,private,stellarity:flesh_tundra,MONSTER,minecraft:skeleton,15,2,2
1011,private,stellarity:flesh_tundra,MONSTER,minecraft:zombified_piglin,40,4,4
1012,forest,ars_elemental:flourishing_forest,MONSTER,minecraft:spider,35,4,4
1013,forest,ars_elemental:flourishing_forest,MONSTER,minecraft:bogged,35,2,4
1014,forest,ars_elemental:flourishing_forest,MONSTER,minecraft:zombie,20,4,4
1015,forest,ars_elemental:flourishing_forest,MONSTER,minecraft:zombie_villager,5,1,1
1016,forest,ars_elemental:flourishing_forest,MONSTER,minecraft:skeleton,35,4,4
1017,forest,ars_elemental:flourishing_forest,MONSTER,minecraft:creeper,35,4,4
1018,forest,ars_elemental:flourishing_forest,MONSTER,minecraft:slime,40,4,4
1019,forest,ars_elemental:flourishing_forest,MONSTER,minecraft:enderman,5,1,4
1020,forest,ars_elemental:flourishing_forest,MONSTER,minecraft:witch,5,1,1
1021,forest,ars_elemental:flourishing_forest,MONSTER,ars_elemental:earth_mage,5,1,3
1022,forest,ars_elemental:flourishing_forest,MONSTER,irons_spellbooks:necromancer,18,1,1
1023,forest,ars_elemental:flourishing_forest,MONSTER,alshanex_familiars:druid_pet,5,1,1
1024,forest,ars_elemental:flourishing_forest,MONSTER,alshanex_familiars:hunter_pet,5,2,3
1025,forest,ars_elemental:flourishing_forest,CREATURE,ars_nouveau:starbuncle,5,3,5
1026,forest,ars_elemental:flourishing_forest,CREATURE,ars_nouveau:drygmy,5,1,3
1027,forest,ars_elemental:flourishing_forest,CREATURE,ars_nouveau:whirlisprig,5,1,3
1028,forest,ars_elemental:flourishing_forest,CREATURE,minecraft:sheep,12,4,4
1029,forest,ars_elemental:flourishing_forest,CREATURE,minecraft:pig,10,4,4
1030,forest,ars_elemental:flourishing_forest,CREATURE,minecraft:chicken,10,4,4
1031,forest,ars_elemental:flourishing_forest,CREATURE,minecraft:cow,8,4,4
1032,forest,ars_elemental:flourishing_forest,CREATURE,minecraft:rabbit,6,2,3
1033,forest,ars_elemental:flourishing_forest,CREATURE,ars_nouveau:flourishing_weald_walker,10,1,3
1034,forest,ars_elemental:flourishing_forest,CREATURE,minecraft:panda,6,1,3
1035,forest,ars_elemental:flourishing_forest,CREATURE,ars_nouveau:drygmy,5,1,2
1036,forest,ars_elemental:flourishing_forest,CREATURE,ars_nouveau:gift_starby,5,1,1
1037,forest,ars_elemental:flourishing_forest,CREATURE,ars_nouveau:starbuncle,5,1,2
1038,forest,ars_elemental:flourishing_forest,CREATURE,ars_nouveau:whirlisprig,5,1,2
1039,forest,ars_elemental:flourishing_forest,AMBIENT,minecraft:bat,10,8,8
1040,forest,ars_elemental:flourishing_forest,UNDERGROUND_WATER_CREATURE,minecraft:glow_squid,10,4,6
1041,forest,ars_elemental:flourishing_forest,WATER_CREATURE,ars_elemental:siren_entity,5,1,3
1042,forest,minecraft:flower_forest,MONSTER,minecraft:spider,50,4,4
1043,forest,minecraft:flower_forest,MONSTER,minecraft:zombie,50,4,4
1044,forest,minecraft:flower_forest,MONSTER,minecraft:zombie_villager,5,1,1
1045,forest,minecraft:flower_forest,MONSTER,minecraft:skeleton,50,4,4
1046,forest,minecraft:flower_forest,MONSTER,minecraft:creeper,50,4,4
1047,forest,minecraft:flower_forest,MONSTER,minecraft:slime,50,4,4
1048,forest,minecraft:flower_forest,MONSTER,minecraft:enderman,5,1,4
1049,forest,minecraft:flower_forest,MONSTER,minecraft:witch,5,1,1
1050,forest,minecraft:flower_forest,MONSTER,irons_spellbooks:necromancer,18,1,1
1051,forest,minecraft:flower_forest,MONSTER,alshanex_familiars:druid_pet,5,1,1
1052,forest,minecraft:flower_forest,MONSTER,alshanex_familiars:hunter_pet,5,2,3
1053,forest,minecraft:flower_forest,CREATURE,minecraft:sheep,12,4,4
1054,forest,minecraft:flower_forest,CREATURE,minecraft:pig,10,4,4
1055,forest,minecraft:flower_forest,CREATURE,minecraft:chicken,10,4,4
1056,forest,minecraft:flower_forest,CREATURE,minecraft:cow,8,4,4
1057,forest,minecraft:flower_forest,CREATURE,minecraft:rabbit,5,2,3
1058,forest,minecraft:flower_forest,CREATURE,ars_nouveau:drygmy,5,1,2
1059,forest,minecraft:flower_forest,CREATURE,ars_nouveau:gift_starby,5,1,1
1035,forest,minecraft:flower_forest,CREATURE,ars_nouveau:starbuncle,5,1,2
1061,forest,minecraft:flower_forest,CREATURE,ars_nouveau:whirlisprig,5,1,2
1062,forest,minecraft:flower_forest,AMBIENT,minecraft:bat,10,8,8
1063,forest,minecraft:flower_forest,UNDERGROUND_WATER_CREATURE,minecraft:glow_squid,10,4,6
1064,forest,minecraft:forest,MONSTER,minecraft:spider,50,4,4
1030,forest,minecraft:forest,MONSTER,minecraft:zombie,50,4,4
1066,forest,minecraft:forest,MONSTER,minecraft:zombie_villager,5,1,1
1067,forest,minecraft:forest,MONSTER,minecraft:skeleton,50,4,4
1068,forest,minecraft:forest,MONSTER,minecraft:creeper,50,4,4
1069,forest,minecraft:forest,MONSTER,minecraft:slime,50,4,4
1035,forest,minecraft:forest,MONSTER,minecraft:enderman,5,1,4
1071,forest,minecraft:forest,MONSTER,minecraft:witch,5,1,1
1072,forest,minecraft:forest,MONSTER,irons_spellbooks:necromancer,18,1,1
1073,forest,minecraft:forest,MONSTER,alshanex_familiars:druid_pet,5,1,1
1074,forest,minecraft:forest,MONSTER,knightquest:eldbomb,25,1,1
1025,forest,minecraft:forest,MONSTER,knightquest:eldknight,20,1,1
1076,forest,minecraft:forest,MONSTER,knightquest:fallen_knight,5,1,1
1077,forest,minecraft:forest,MONSTER,knightquest:ghosty,18,1,1
1078,forest,minecraft:forest,MONSTER,alshanex_familiars:hunter_pet,5,2,3
1079,forest,minecraft:forest,CREATURE,minecraft:sheep,12,4,4
1050,forest,minecraft:forest,CREATURE,minecraft:pig,10,4,4
1081,forest,minecraft:forest,CREATURE,minecraft:chicken,10,4,4
1082,forest,minecraft:forest,CREATURE,minecraft:cow,8,4,4
1083,forest,minecraft:forest,CREATURE,minecraft:wolf,5,4,4
1084,forest,minecraft:forest,CREATURE,ars_nouveau:drygmy,5,1,2
1025,forest,minecraft:forest,CREATURE,ars_nouveau:gift_starby,5,1,1
1086,forest,minecraft:forest,CREATURE,ars_nouveau:starbuncle,5,1,2
1087,forest,minecraft:forest,CREATURE,ars_nouveau:whirlisprig,5,1,2
1088,forest,minecraft:forest,AMBIENT,minecraft:bat,10,8,8
1089,forest,minecraft:forest,AMBIENT,knightquest:lizzy,7,1,1
1035,forest,minecraft:forest,UNDERGROUND_WATER_CREATURE,minecraft:glow_squid,10,4,6
1091,forest,biomeswevegone:forgotten_forest,MONSTER,minecraft:cave_spider,50,2,3
1092,forest,biomeswevegone:forgotten_forest,MONSTER,irons_spellbooks:necromancer,18,1,1
1093,forest,biomeswevegone:forgotten_forest,MONSTER,alshanex_familiars:druid_pet,5,1,1
1094,forest,biomeswevegone:forgotten_forest,MONSTER,alshanex_familiars:hunter_pet,5,2,3
1095,forest,biomeswevegone:forgotten_forest,CREATURE,minecraft:allay,5,1,1
1096,forest,biomeswevegone:forgotten_forest,CREATURE,minecraft:rabbit,5,2,3
1097,forest,biomeswevegone:forgotten_forest,CREATURE,minecraft:fox,8,2,4
1098,forest,biomeswevegone:forgotten_forest,CREATURE,ars_nouveau:drygmy,5,1,2
1099,forest,biomeswevegone:forgotten_forest,CREATURE,ars_nouveau:gift_starby,5,1,1
1100,forest,biomeswevegone:forgotten_forest,CREATURE,ars_nouveau:starbuncle,5,1,2
1101,forest,biomeswevegone:forgotten_forest,CREATURE,ars_nouveau:whirlisprig,5,1,2
1102,jungle,biomeswevegone:fragment_jungle,MONSTER,minecraft:spider,50,4,4
1103,jungle,biomeswevegone:fragment_jungle,MONSTER,minecraft:zombie,50,4,4
1104,jungle,biomeswevegone:fragment_jungle,MONSTER,minecraft:zombie_villager,5,1,1
1105,jungle,biomeswevegone:fragment_jungle,MONSTER,minecraft:skeleton,50,4,4
1106,jungle,biomeswevegone:fragment_jungle,MONSTER,minecraft:creeper,50,4,4
1107,jungle,biomeswevegone:fragment_jungle,MONSTER,minecraft:slime,50,4,4
1108,jungle,biomeswevegone:fragment_jungle,MONSTER,minecraft:enderman,5,1,4
1109,jungle,biomeswevegone:fragment_jungle,MONSTER,minecraft:witch,5,1,1
1110,jungle,biomeswevegone:fragment_jungle,MONSTER,irons_spellbooks:necromancer,18,1,1
1111,jungle,biomeswevegone:fragment_jungle,MONSTER,alshanex_familiars:hunter_pet,5,2,3
1112,jungle,biomeswevegone:fragment_jungle,CREATURE,minecraft:sheep,12,4,4
1113,jungle,biomeswevegone:fragment_jungle,CREATURE,minecraft:pig,10,4,4
1114,jungle,biomeswevegone:fragment_jungle,CREATURE,minecraft:chicken,10,4,4
1115,jungle,biomeswevegone:fragment_jungle,CREATURE,minecraft:cow,8,4,4
1116,jungle,biomeswevegone:fragment_jungle,CREATURE,minecraft:parrot,10,1,2
1117,jungle,biomeswevegone:fragment_jungle,CREATURE,minecraft:chicken,10,4,4
1118,jungle,biomeswevegone:fragment_jungle,CREATURE,minecraft:ocelot,5,1,1
1119,jungle,biomeswevegone:fragment_jungle,CREATURE,ars_nouveau:drygmy,5,1,2
1120,jungle,biomeswevegone:fragment_jungle,CREATURE,ars_nouveau:gift_starby,5,1,1
1121,jungle,biomeswevegone:fragment_jungle,CREATURE,ars_nouveau:starbuncle,5,1,2
1122,jungle,biomeswevegone:fragment_jungle,CREATURE,ars_nouveau:whirlisprig,5,1,2
1123,jungle,biomeswevegone:fragment_jungle,AMBIENT,minecraft:bat,10,8,8
1124,forest,biomeswevegone:frosted_coniferous_forest,MONSTER,minecraft:spider,50,4,4
1125,forest,biomeswevegone:frosted_coniferous_forest,MONSTER,minecraft:husk,50,4,4
1126,forest,biomeswevegone:frosted_coniferous_forest,MONSTER,minecraft:skeleton,50,4,4
1127,forest,biomeswevegone:frosted_coniferous_forest,MONSTER,minecraft:zombie_villager,25,1,1
1128,forest,biomeswevegone:frosted_coniferous_forest,MONSTER,minecraft:creeper,50,4,4
1129,forest,biomeswevegone:frosted_coniferous_forest,MONSTER,minecraft:slime,50,4,4
1130,forest,biomeswevegone:frosted_coniferous_forest,MONSTER,minecraft:enderman,5,1,4
1131,forest,biomeswevegone:frosted_coniferous_forest,MONSTER,minecraft:witch,5,1,1
1132,forest,biomeswevegone:frosted_coniferous_forest,MONSTER,irons_spellbooks:necromancer,18,1,1
1133,forest,biomeswevegone:frosted_coniferous_forest,MONSTER,alshanex_familiars:druid_pet,5,1,1
1134,forest,biomeswevegone:frosted_coniferous_forest,MONSTER,alshanex_familiars:hunter_pet,5,2,3
1135,forest,biomeswevegone:frosted_coniferous_forest,CREATURE,minecraft:sheep,12,4,4
1136,forest,biomeswevegone:frosted_coniferous_forest,CREATURE,minecraft:pig,10,4,4
1137,forest,biomeswevegone:frosted_coniferous_forest,CREATURE,minecraft:chicken,10,4,4
1138,forest,biomeswevegone:frosted_coniferous_forest,CREATURE,minecraft:cow,8,4,4
1139,forest,biomeswevegone:frosted_coniferous_forest,CREATURE,minecraft:wolf,8,4,4
1140,forest,biomeswevegone:frosted_coniferous_forest,CREATURE,minecraft:rabbit,5,2,3
1141,forest,biomeswevegone:frosted_coniferous_forest,CREATURE,minecraft:fox,8,2,4
1142,forest,biomeswevegone:frosted_coniferous_forest,CREATURE,ars_nouveau:drygmy,5,1,2
1143,forest,biomeswevegone:frosted_coniferous_forest,CREATURE,ars_nouveau:gift_starby,5,1,1
1144,forest,biomeswevegone:frosted_coniferous_forest,CREATURE,ars_nouveau:starbuncle,5,1,2
1145,forest,biomeswevegone:frosted_coniferous_forest,CREATURE,ars_nouveau:whirlisprig,5,1,2
1146,forest,biomeswevegone:frosted_coniferous_forest,AMBIENT,minecraft:bat,10,8,8
1147,icy,biomeswevegone:frosted_taiga,MONSTER,minecraft:spider,50,4,4
1148,icy,biomeswevegone:frosted_taiga,MONSTER,minecraft:zombie,50,4,4
1149,icy,biomeswevegone:frosted_taiga,MONSTER,minecraft:zombie_villager,5,1,1
1150,icy,biomeswevegone:frosted_taiga,MONSTER,minecraft:skeleton,50,4,4
1151,icy,biomeswevegone:frosted_taiga,MONSTER,minecraft:creeper,50,4,4
1152,icy,biomeswevegone:frosted_taiga,MONSTER,minecraft:slime,50,4,4
1153,icy,biomeswevegone:frosted_taiga,MONSTER,minecraft:enderman,5,1,4
1154,icy,biomeswevegone:frosted_taiga,MONSTER,minecraft:witch,5,1,1
1155,icy,biomeswevegone:frosted_taiga,MONSTER,irons_spellbooks:necromancer,18,1,1
1156,icy,biomeswevegone:frosted_taiga,MONSTER,alshanex_familiars:hunter_pet,5,2,3
1157,icy,biomeswevegone:frosted_taiga,CREATURE,minecraft:sheep,12,4,4
1158,icy,biomeswevegone:frosted_taiga,CREATURE,minecraft:pig,10,4,4
1159,icy,biomeswevegone:frosted_taiga,CREATURE,minecraft:chicken,10,4,4
1135,icy,biomeswevegone:frosted_taiga,CREATURE,minecraft:cow,8,4,4
1161,icy,biomeswevegone:frosted_taiga,CREATURE,minecraft:wolf,8,4,4
1162,icy,biomeswevegone:frosted_taiga,CREATURE,minecraft:rabbit,5,2,3
1163,icy,biomeswevegone:frosted_taiga,CREATURE,minecraft:fox,8,2,4
1164,icy,biomeswevegone:frosted_taiga,CREATURE,ars_nouveau:drygmy,5,1,2
1130,icy,biomeswevegone:frosted_taiga,CREATURE,ars_nouveau:gift_starby,5,1,1
1166,icy,biomeswevegone:frosted_taiga,CREATURE,ars_nouveau:starbuncle,5,1,2
1167,icy,biomeswevegone:frosted_taiga,CREATURE,ars_nouveau:whirlisprig,5,1,2
1168,icy,biomeswevegone:frosted_taiga,AMBIENT,minecraft:bat,10,8,8
1169,private,stellarity:frosted_valley,MONSTER,minecraft:enderman,5,4,4
1135,private,stellarity:frosted_valley,MONSTER,minecraft:skeleton,40,4,4
1171,private,stellarity:frosted_valley,MONSTER,minecraft:silverfish,10,2,2
1172,ocean,minecraft:frozen_ocean,MONSTER,minecraft:spider,50,4,4
1173,ocean,minecraft:frozen_ocean,MONSTER,minecraft:zombie,50,4,4
1174,ocean,minecraft:frozen_ocean,MONSTER,minecraft:zombie_villager,5,1,1
1125,ocean,minecraft:frozen_ocean,MONSTER,minecraft:skeleton,50,4,4
1176,ocean,minecraft:frozen_ocean,MONSTER,minecraft:creeper,50,4,4
1177,ocean,minecraft:frozen_ocean,MONSTER,minecraft:slime,50,4,4
1178,ocean,minecraft:frozen_ocean,MONSTER,minecraft:enderman,5,1,4
1179,ocean,minecraft:frozen_ocean,MONSTER,minecraft:witch,5,1,1
1150,ocean,minecraft:frozen_ocean,MONSTER,minecraft:drowned,5,1,1
1181,ocean,minecraft:frozen_ocean,MONSTER,irons_spellbooks:necromancer,18,1,1
1182,ocean,minecraft:frozen_ocean,CREATURE,minecraft:polar_bear,5,1,2
1183,ocean,minecraft:frozen_ocean,CREATURE,ars_nouveau:drygmy,5,1,2
1184,ocean,minecraft:frozen_ocean,CREATURE,ars_nouveau:gift_starby,5,1,1
1125,ocean,minecraft:frozen_ocean,CREATURE,ars_nouveau:starbuncle,5,1,2
1186,ocean,minecraft:frozen_ocean,CREATURE,ars_nouveau:whirlisprig,5,1,2
1187,ocean,minecraft:frozen_ocean,AMBIENT,minecraft:bat,10,8,8
1188,ocean,minecraft:frozen_ocean,UNDERGROUND_WATER_CREATURE,minecraft:glow_squid,10,4,6
1189,ocean,minecraft:frozen_ocean,WATER_CREATURE,minecraft:squid,5,1,4
1135,ocean,minecraft:frozen_ocean,WATER_AMBIENT,minecraft:salmon,15,1,5
1191,extreme_hills,minecraft:frozen_peaks,MONSTER,minecraft:spider,50,4,4
1192,extreme_hills,minecraft:frozen_peaks,MONSTER,minecraft:zombie,50,4,4
1193,extreme_hills,minecraft:frozen_peaks,MONSTER,minecraft:zombie_villager,5,1,1
1194,extreme_hills,minecraft:frozen_peaks,MONSTER,minecraft:skeleton,50,4,4
1195,extreme_hills,minecraft:frozen_peaks,MONSTER,minecraft:creeper,50,4,4
1196,extreme_hills,minecraft:frozen_peaks,MONSTER,minecraft:slime,50,4,4
1197,extreme_hills,minecraft:frozen_peaks,MONSTER,minecraft:enderman,5,1,4
1198,extreme_hills,minecraft:frozen_peaks,MONSTER,minecraft:witch,5,1,1
1199,extreme_hills,minecraft:frozen_peaks,MONSTER,irons_spellbooks:necromancer,18,1,1
1200,extreme_hills,minecraft:frozen_peaks,MONSTER,alshanex_familiars:frostling_pet,5,1,1
1201,extreme_hills,minecraft:frozen_peaks,MONSTER,alshanex_familiars:mage_pet,5,1,1
1202,extreme_hills,minecraft:frozen_peaks,CREATURE,minecraft:goat,5,1,3
1203,extreme_hills,minecraft:frozen_peaks,CREATURE,ars_nouveau:drygmy,5,1,2
1204,extreme_hills,minecraft:frozen_peaks,CREATURE,ars_nouveau:gift_starby,5,1,1
1205,extreme_hills,minecraft:frozen_peaks,CREATURE,ars_nouveau:starbuncle,5,1,2
1206,extreme_hills,minecraft:frozen_peaks,CREATURE,ars_nouveau:whirlisprig,5,1,2
1207,extreme_hills,minecraft:frozen_peaks,AMBIENT,minecraft:bat,10,8,8
1208,extreme_hills,minecraft:frozen_peaks,UNDERGROUND_WATER_CREATURE,minecraft:glow_squid,10,4,6
1209,river,minecraft:frozen_river,MONSTER,minecraft:spider,50,4,4
1210,river,minecraft:frozen_river,MONSTER,minecraft:zombie,50,4,4
1211,river,minecraft:frozen_river,MONSTER,minecraft:zombie_villager,5,1,1
1212,river,minecraft:frozen_river,MONSTER,minecraft:skeleton,50,4,4
1213,river,minecraft:frozen_river,MONSTER,minecraft:creeper,50,4,4
1214,river,minecraft:frozen_river,MONSTER,minecraft:slime,50,4,4
1215,river,minecraft:frozen_river,MONSTER,minecraft:enderman,5,1,4
1216,river,minecraft:frozen_river,MONSTER,minecraft:witch,5,1,1
1217,river,minecraft:frozen_river,MONSTER,minecraft:drowned,5,1,1
1218,river,minecraft:frozen_river,MONSTER,irons_spellbooks:necromancer,18,1,1
1219,river,minecraft:frozen_river,CREATURE,ars_nouveau:drygmy,5,1,2
1220,river,minecraft:frozen_river,CREATURE,ars_nouveau:gift_starby,5,1,1
1221,river,minecraft:frozen_river,CREATURE,ars_nouveau:starbuncle,5,1,2
1222,river,minecraft:frozen_river,CREATURE,ars_nouveau:whirlisprig,5,1,2
1223,river,minecraft:frozen_river,AMBIENT,minecraft:bat,10,8,8
1224,river,minecraft:frozen_river,UNDERGROUND_WATER_CREATURE,minecraft:glow_squid,10,4,6
1225,river,minecraft:frozen_river,WATER_CREATURE,minecraft:squid,5,1,4
1226,river,minecraft:frozen_river,WATER_AMBIENT,minecraft:salmon,5,1,5
1227,private,stellarity:frozen_shrubland,MONSTER,minecraft:enderman,5,4,4
1228,private,stellarity:frozen_shrubland,MONSTER,minecraft:skeleton,35,4,4
1229,private,stellarity:frozen_shrubland,MONSTER,minecraft:silverfish,10,2,2
1230,private,stellarity:frozen_shrubland,MONSTER,minecraft:phantom,15,2,2
1231,private,stellarity:frozen_spikes,MONSTER,minecraft:enderman,5,4,4
1232,private,stellarity:frozen_spikes,MONSTER,minecraft:skeleton,40,4,4
1233,private,stellarity:frozen_spikes,MONSTER,minecraft:silverfish,10,2,2
1234,forest,minecraft:grove,MONSTER,minecraft:spider,50,4,4
1235,forest,minecraft:grove,MONSTER,minecraft:zombie,50,4,4
1236,forest,minecraft:grove,MONSTER,minecraft:zombie_villager,5,1,1
1237,forest,minecraft:grove,MONSTER,minecraft:skeleton,50,4,4
1238,forest,minecraft:grove,MONSTER,minecraft:creeper,50,4,4
1239,forest,minecraft:grove,MONSTER,minecraft:slime,50,4,4
1240,forest,minecraft:grove,MONSTER,minecraft:enderman,5,1,4
1241,forest,minecraft:grove,MONSTER,minecraft:witch,5,1,1
1242,forest,minecraft:grove,MONSTER,irons_spellbooks:necromancer,18,1,1
1243,forest,minecraft:grove,MONSTER,alshanex_familiars:druid_pet,5,1,1
1244,forest,minecraft:grove,MONSTER,alshanex_familiars:frostling_pet,5,1,1
1245,forest,minecraft:grove,MONSTER,alshanex_familiars:hunter_pet,5,2,3
1246,forest,minecraft:grove,MONSTER,alshanex_familiars:mage_pet,5,1,1
1247,forest,minecraft:grove,CREATURE,minecraft:wolf,5,1,1
1248,forest,minecraft:grove,CREATURE,minecraft:rabbit,8,2,3
1249,forest,minecraft:grove,CREATURE,minecraft:fox,5,2,4
1250,forest,minecraft:grove,CREATURE,ars_nouveau:drygmy,5,1,2
1251,forest,minecraft:grove,CREATURE,ars_nouveau:gift_starby,5,1,1
1252,forest,minecraft:grove,CREATURE,ars_nouveau:starbuncle,5,1,2
1253,forest,minecraft:grove,CREATURE,ars_nouveau:whirlisprig,5,1,2
1254,forest,minecraft:grove,AMBIENT,minecraft:bat,10,8,8
1255,forest,minecraft:grove,UNDERGROUND_WATER_CREATURE,minecraft:glow_squid,10,4,6
1256,private,stellarity:hallowed_tundra,MONSTER,minecraft:vex,20,1,2
1257,forest,biomeswevegone:howling_peaks,MONSTER,minecraft:spider,50,4,4
1258,forest,biomeswevegone:howling_peaks,MONSTER,minecraft:zombie,50,4,4
1259,forest,biomeswevegone:howling_peaks,MONSTER,minecraft:zombie_villager,5,1,1
1235,forest,biomeswevegone:howling_peaks,MONSTER,minecraft:skeleton,50,4,4
1261,forest,biomeswevegone:howling_peaks,MONSTER,minecraft:creeper,50,4,4
1262,forest,biomeswevegone:howling_peaks,MONSTER,minecraft:slime,50,4,4
1263,forest,biomeswevegone:howling_peaks,MONSTER,minecraft:enderman,5,1,4
1264,forest,biomeswevegone:howling_peaks,MONSTER,minecraft:witch,5,1,1
1230,forest,biomeswevegone:howling_peaks,MONSTER,minecraft:stray,50,4,4
1266,forest,biomeswevegone:howling_peaks,MONSTER,irons_spellbooks:necromancer,18,1,1
1267,forest,biomeswevegone:howling_peaks,MONSTER,alshanex_familiars:druid_pet,5,1,1
1268,forest,biomeswevegone:howling_peaks,MONSTER,alshanex_familiars:frostling_pet,5,1,1
1269,forest,biomeswevegone:howling_peaks,MONSTER,alshanex_familiars:hunter_pet,5,2,3
1235,forest,biomeswevegone:howling_peaks,MONSTER,alshanex_familiars:mage_pet,5,1,1
1271,forest,biomeswevegone:howling_peaks,CREATURE,minecraft:sheep,12,4,4
1272,forest,biomeswevegone:howling_peaks,CREATURE,minecraft:pig,10,4,4
1273,forest,biomeswevegone:howling_peaks,CREATURE,minecraft:chicken,10,4,4
1274,forest,biomeswevegone:howling_peaks,CREATURE,minecraft:cow,8,4,4
1225,forest,biomeswevegone:howling_peaks,CREATURE,minecraft:wolf,8,4,4
1276,forest,biomeswevegone:howling_peaks,CREATURE,minecraft:rabbit,10,2,3
1277,forest,biomeswevegone:howling_peaks,CREATURE,minecraft:fox,8,2,4
1278,forest,biomeswevegone:howling_peaks,CREATURE,minecraft:goat,5,1,3
1279,forest,biomeswevegone:howling_peaks,CREATURE,ars_nouveau:drygmy,5,1,2
1250,forest,biomeswevegone:howling_peaks,CREATURE,ars_nouveau:gift_starby,5,1,1
1281,forest,biomeswevegone:howling_peaks,CREATURE,ars_nouveau:starbuncle,5,1,2
1282,forest,biomeswevegone:howling_peaks,CREATURE,ars_nouveau:whirlisprig,5,1,2
1283,forest,biomeswevegone:howling_peaks,AMBIENT,minecraft:bat,10,8,8
1284,forest,biomeswevegone:howling_peaks,UNDERGROUND_WATER_CREATURE,minecraft:glow_squid,10,4,6
1225,private,minecraft:ice_spikes,MONSTER,minecraft:spider,50,4,4
1286,private,minecraft:ice_spikes,MONSTER,minecraft:zombie,50,4,4
1287,private,minecraft:ice_spikes,MONSTER,minecraft:zombie_villager,5,1,1
1288,private,minecraft:ice_spikes,MONSTER,minecraft:skeleton,20,4,4
1289,private,minecraft:ice_spikes,MONSTER,minecraft:creeper,50,4,4
1235,private,minecraft:ice_spikes,MONSTER,minecraft:slime,50,4,4
1291,private,minecraft:ice_spikes,MONSTER,minecraft:enderman,5,1,4
1292,private,minecraft:ice_spikes,MONSTER,minecraft:witch,5,1,1
1293,private,minecraft:ice_spikes,MONSTER,minecraft:stray,50,4,4
1294,private,minecraft:ice_spikes,MONSTER,irons_spellbooks:necromancer,18,1,1
1295,private,minecraft:ice_spikes,MONSTER,alshanex_familiars:frostling_pet,5,1,1
1296,private,minecraft:ice_spikes,CREATURE,minecraft:rabbit,10,2,3
1297,private,minecraft:ice_spikes,CREATURE,minecraft:polar_bear,5,1,2
1298,private,minecraft:ice_spikes,CREATURE,ars_nouveau:drygmy,5,1,2
1299,private,minecraft:ice_spikes,CREATURE,ars_nouveau:gift_starby,5,1,1
1300,private,minecraft:ice_spikes,CREATURE,ars_nouveau:starbuncle,5,1,2
1301,private,minecraft:ice_spikes,CREATURE,ars_nouveau:whirlisprig,5,1,2
1302,private,minecraft:ice_spikes,AMBIENT,minecraft:bat,10,8,8
1303,private,minecraft:ice_spikes,UNDERGROUND_WATER_CREATURE,minecraft:glow_squid,10,4,6
1304,savanna,biomeswevegone:ironwood_gour,MONSTER,minecraft:spider,50,4,4
1305,savanna,biomeswevegone:ironwood_gour,MONSTER,minecraft:husk,50,4,4
1306,savanna,biomeswevegone:ironwood_gour,MONSTER,minecraft:zombie_villager,5,1,1
1307,savanna,biomeswevegone:ironwood_gour,MONSTER,minecraft:skeleton,50,4,4
1308,savanna,biomeswevegone:ironwood_gour,MONSTER,minecraft:creeper,50,4,4
1309,savanna,biomeswevegone:ironwood_gour,MONSTER,minecraft:slime,50,4,4
1310,savanna,biomeswevegone:ironwood_gour,MONSTER,minecraft:enderman,5,1,4
1311,savanna,biomeswevegone:ironwood_gour,MONSTER,minecraft:witch,5,1,1
1312,savanna,biomeswevegone:ironwood_gour,MONSTER,cataclysm:koboleton,15,2,3
1313,savanna,biomeswevegone:ironwood_gour,MONSTER,irons_spellbooks:necromancer,18,1,1
1314,savanna,biomeswevegone:ironwood_gour,CREATURE,minecraft:rabbit,5,2,3
1315,savanna,biomeswevegone:ironwood_gour,CREATURE,minecraft:armadillo,10,2,3
1316,savanna,biomeswevegone:ironwood_gour,CREATURE,ars_nouveau:drygmy,5,1,2
1317,savanna,biomeswevegone:ironwood_gour,CREATURE,ars_nouveau:gift_starby,5,1,1
1318,savanna,biomeswevegone:ironwood_gour,CREATURE,ars_nouveau:starbuncle,5,1,2
1319,savanna,biomeswevegone:ironwood_gour,CREATURE,ars_nouveau:whirlisprig,5,1,2
1320,savanna,biomeswevegone:ironwood_gour,AMBIENT,minecraft:bat,10,8,8
1321,jungle,biomeswevegone:jacaranda_jungle,MONSTER,minecraft:spider,50,4,4
1322,jungle,biomeswevegone:jacaranda_jungle,MONSTER,minecraft:zombie,50,4,4
1323,jungle,biomeswevegone:jacaranda_jungle,MONSTER,minecraft:zombie_villager,5,1,1
1324,jungle,biomeswevegone:jacaranda_jungle,MONSTER,minecraft:skeleton,50,4,4
1325,jungle,biomeswevegone:jacaranda_jungle,MONSTER,minecraft:creeper,50,4,4
1326,jungle,biomeswevegone:jacaranda_jungle,MONSTER,minecraft:slime,50,4,4
1327,jungle,biomeswevegone:jacaranda_jungle,MONSTER,minecraft:enderman,5,1,4
1328,jungle,biomeswevegone:jacaranda_jungle,MONSTER,minecraft:witch,5,1,1
1329,jungle,biomeswevegone:jacaranda_jungle,MONSTER,irons_spellbooks:necromancer,18,1,1
1330,jungle,biomeswevegone:jacaranda_jungle,MONSTER,alshanex_familiars:hunter_pet,5,2,3
1331,jungle,biomeswevegone:jacaranda_jungle,CREATURE,minecraft:sheep,12,4,4
1332,jungle,biomeswevegone:jacaranda_jungle,CREATURE,minecraft:pig,10,4,4
1333,jungle,biomeswevegone:jacaranda_jungle,CREATURE,minecraft:chicken,10,4,4
1334,jungle,biomeswevegone:jacaranda_jungle,CREATURE,minecraft:cow,8,4,4
1335,jungle,biomeswevegone:jacaranda_jungle,CREATURE,minecraft:wolf,5,4,4
1336,jungle,biomeswevegone:jacaranda_jungle,CREATURE,ars_nouveau:drygmy,5,1,2
1337,jungle,biomeswevegone:jacaranda_jungle,CREATURE,ars_nouveau:gift_starby,5,1,1
1338,jungle,biomeswevegone:jacaranda_jungle,CREATURE,ars_nouveau:starbuncle,5,1,2
1339,jungle,biomeswevegone:jacaranda_jungle,CREATURE,ars_nouveau:whirlisprig,5,1,2
1340,jungle,biomeswevegone:jacaranda_jungle,AMBIENT,minecraft:bat,10,8,8
1341,extreme_hills,minecraft:jagged_peaks,MONSTER,minecraft:spider,50,4,4
1342,extreme_hills,minecraft:jagged_peaks,MONSTER,minecraft:zombie,50,4,4
1343,extreme_hills,minecraft:jagged_peaks,MONSTER,minecraft:zombie_villager,5,1,1
1344,extreme_hills,minecraft:jagged_peaks,MONSTER,minecraft:skeleton,50,4,4
1345,extreme_hills,minecraft:jagged_peaks,MONSTER,minecraft:creeper,50,4,4
1346,extreme_hills,minecraft:jagged_peaks,MONSTER,minecraft:slime,50,4,4
1347,extreme_hills,minecraft:jagged_peaks,MONSTER,minecraft:enderman,5,1,4
1348,extreme_hills,minecraft:jagged_peaks,MONSTER,minecraft:witch,5,1,1
1349,extreme_hills,minecraft:jagged_peaks,MONSTER,irons_spellbooks:necromancer,18,1,1
1350,extreme_hills,minecraft:jagged_peaks,MONSTER,alshanex_familiars:frostling_pet,5,1,1
1351,extreme_hills,minecraft:jagged_peaks,MONSTER,alshanex_familiars:mage_pet,5,1,1
1352,extreme_hills,minecraft:jagged_peaks,CREATURE,minecraft:goat,5,1,3
1353,extreme_hills,minecraft:jagged_peaks,CREATURE,ars_nouveau:drygmy,5,1,2
1354,extreme_hills,minecraft:jagged_peaks,CREATURE,ars_nouveau:gift_starby,5,1,1
1355,extreme_hills,minecraft:jagged_peaks,CREATURE,ars_nouveau:starbuncle,5,1,2
1356,extreme_hills,minecraft:jagged_peaks,CREATURE,ars_nouveau:whirlisprig,5,1,2
1357,extreme_hills,minecraft:jagged_peaks,AMBIENT,minecraft:bat,10,8,8
1358,extreme_hills,minecraft:jagged_peaks,UNDERGROUND_WATER_CREATURE,minecraft:glow_squid,10,4,6
1359,jungle,minecraft:jungle,MONSTER,minecraft:spider,50,4,4
1335,jungle,minecraft:jungle,MONSTER,minecraft:zombie,50,4,4
1361,jungle,minecraft:jungle,MONSTER,minecraft:zombie_villager,5,1,1
1362,jungle,minecraft:jungle,MONSTER,minecraft:skeleton,50,4,4
1363,jungle,minecraft:jungle,MONSTER,minecraft:creeper,50,4,4
1364,jungle,minecraft:jungle,MONSTER,minecraft:slime,50,4,4
1330,jungle,minecraft:jungle,MONSTER,minecraft:enderman,5,1,4
1366,jungle,minecraft:jungle,MONSTER,minecraft:witch,5,1,1
1367,jungle,minecraft:jungle,MONSTER,minecraft:ocelot,5,1,3
1368,jungle,minecraft:jungle,MONSTER,irons_spellbooks:necromancer,18,1,1
1369,jungle,minecraft:jungle,MONSTER,knightquest:bad_patch,5,1,2
1335,jungle,minecraft:jungle,MONSTER,alshanex_familiars:hunter_pet,5,2,3
1371,jungle,minecraft:jungle,MONSTER,knightquest:ratman,25,1,2
1372,jungle,minecraft:jungle,MONSTER,knightquest:swampman,15,1,1
1373,jungle,minecraft:jungle,CREATURE,minecraft:sheep,12,4,4
1374,jungle,minecraft:jungle,CREATURE,minecraft:pig,10,4,4
1325,jungle,minecraft:jungle,CREATURE,minecraft:chicken,10,4,4
1376,jungle,minecraft:jungle,CREATURE,minecraft:cow,8,4,4
1377,jungle,minecraft:jungle,CREATURE,minecraft:chicken,10,4,4
1378,jungle,minecraft:jungle,CREATURE,minecraft:parrot,10,1,2
1379,jungle,minecraft:jungle,CREATURE,minecraft:panda,5,1,2
1350,jungle,minecraft:jungle,CREATURE,ars_nouveau:drygmy,5,1,2
1381,jungle,minecraft:jungle,CREATURE,ars_nouveau:gift_starby,5,1,1
1382,jungle,minecraft:jungle,CREATURE,ars_nouveau:starbuncle,5,1,2
1383,jungle,minecraft:jungle,CREATURE,ars_nouveau:whirlisprig,5,1,2
1384,jungle,minecraft:jungle,AMBIENT,minecraft:bat,10,8,8
1325,jungle,minecraft:jungle,UNDERGROUND_WATER_CREATURE,minecraft:glow_squid,10,4,6
1386,ocean,minecraft:lukewarm_ocean,MONSTER,minecraft:spider,50,4,4
1387,ocean,minecraft:lukewarm_ocean,MONSTER,minecraft:zombie,50,4,4
1388,ocean,minecraft:lukewarm_ocean,MONSTER,minecraft:zombie_villager,5,1,1
1389,ocean,minecraft:lukewarm_ocean,MONSTER,minecraft:skeleton,50,4,4
1335,ocean,minecraft:lukewarm_ocean,MONSTER,minecraft:creeper,50,4,4
1391,ocean,minecraft:lukewarm_ocean,MONSTER,minecraft:slime,50,4,4
1392,ocean,minecraft:lukewarm_ocean,MONSTER,minecraft:enderman,5,1,4
1393,ocean,minecraft:lukewarm_ocean,MONSTER,minecraft:witch,5,1,1
1394,ocean,minecraft:lukewarm_ocean,MONSTER,minecraft:drowned,5,1,1
1395,ocean,minecraft:lukewarm_ocean,MONSTER,variantsandventures:murk,5,1,1
1396,ocean,minecraft:lukewarm_ocean,MONSTER,irons_spellbooks:necromancer,18,1,1
1397,ocean,minecraft:lukewarm_ocean,CREATURE,ars_nouveau:drygmy,5,1,2
1398,ocean,minecraft:lukewarm_ocean,CREATURE,ars_nouveau:gift_starby,5,1,1
1399,ocean,minecraft:lukewarm_ocean,CREATURE,ars_nouveau:starbuncle,5,1,2
1400,ocean,minecraft:lukewarm_ocean,CREATURE,ars_nouveau:whirlisprig,5,1,2
1401,ocean,minecraft:lukewarm_ocean,AMBIENT,minecraft:bat,10,8,8
1402,ocean,minecraft:lukewarm_ocean,UNDERGROUND_WATER_CREATURE,minecraft:glow_squid,10,4,6
1403,ocean,minecraft:lukewarm_ocean,WATER_CREATURE,minecraft:squid,10,1,2
1404,ocean,minecraft:lukewarm_ocean,WATER_CREATURE,minecraft:dolphin,5,1,2
1405,ocean,minecraft:lukewarm_ocean,WATER_AMBIENT,minecraft:cod,15,3,6
1406,ocean,minecraft:lukewarm_ocean,WATER_AMBIENT,minecraft:pufferfish,5,1,3
1407,ocean,minecraft:lukewarm_ocean,WATER_AMBIENT,minecraft:tropical_fish,25,8,8
1408,river,climaterivers:lukewarm_river,MONSTER,minecraft:spider,50,4,4
1409,river,climaterivers:lukewarm_river,MONSTER,minecraft:zombie,50,4,4
1410,river,climaterivers:lukewarm_river,MONSTER,minecraft:zombie_villager,5,1,1
1411,river,climaterivers:lukewarm_river,MONSTER,minecraft:skeleton,50,4,4
1412,river,climaterivers:lukewarm_river,MONSTER,minecraft:creeper,50,4,4
1413,river,climaterivers:lukewarm_river,MONSTER,minecraft:slime,50,4,4
1414,river,climaterivers:lukewarm_river,MONSTER,minecraft:enderman,5,1,4
1415,river,climaterivers:lukewarm_river,MONSTER,minecraft:witch,5,1,1
1416,river,climaterivers:lukewarm_river,MONSTER,minecraft:drowned,50,1,1
1417,river,climaterivers:lukewarm_river,MONSTER,irons_spellbooks:necromancer,18,1,1
1418,river,climaterivers:lukewarm_river,CREATURE,ars_nouveau:drygmy,5,1,2
1419,river,climaterivers:lukewarm_river,CREATURE,ars_nouveau:gift_starby,5,1,1
1420,river,climaterivers:lukewarm_river,CREATURE,ars_nouveau:starbuncle,5,1,2
1421,river,climaterivers:lukewarm_river,CREATURE,ars_nouveau:whirlisprig,5,1,2
1422,river,climaterivers:lukewarm_river,AMBIENT,minecraft:bat,10,8,8
1423,river,climaterivers:lukewarm_river,UNDERGROUND_WATER_CREATURE,minecraft:glow_squid,10,4,6
1424,river,climaterivers:lukewarm_river,WATER_CREATURE,minecraft:squid,5,1,4
1425,river,climaterivers:lukewarm_river,WATER_AMBIENT,minecraft:tropical_fish,5,1,5
1426,river,climaterivers:lukewarm_river,WATER_AMBIENT,minecraft:cod,5,1,5
1427,private,minecraft:lush_caves,MONSTER,minecraft:spider,50,4,4
1428,private,minecraft:lush_caves,MONSTER,minecraft:zombie,50,4,4
1429,private,minecraft:lush_caves,MONSTER,minecraft:zombie_villager,5,1,1
1430,private,minecraft:lush_caves,MONSTER,minecraft:skeleton,50,4,4
1431,private,minecraft:lush_caves,MONSTER,minecraft:creeper,50,4,4
1432,private,minecraft:lush_caves,MONSTER,minecraft:slime,50,4,4
1433,private,minecraft:lush_caves,MONSTER,minecraft:enderman,5,1,4
1434,private,minecraft:lush_caves,MONSTER,minecraft:witch,5,1,1
1435,private,minecraft:lush_caves,MONSTER,cataclysm:amethyst_crab,5,1,1
1436,private,minecraft:lush_caves,MONSTER,irons_spellbooks:necromancer,18,1,1
1437,private,minecraft:lush_caves,MONSTER,knightquest:ghosty,18,1,1
1438,private,minecraft:lush_caves,MONSTER,knightquest:ratman,25,1,2
1439,private,minecraft:lush_caves,CREATURE,ars_nouveau:drygmy,5,1,2
1440,private,minecraft:lush_caves,CREATURE,ars_nouveau:gift_starby,5,1,1
1441,private,minecraft:lush_caves,CREATURE,ars_nouveau:starbuncle,5,1,2
1442,private,minecraft:lush_caves,CREATURE,ars_nouveau:whirlisprig,5,1,2
1443,private,minecraft:lush_caves,AMBIENT,minecraft:bat,10,8,8
1444,private,minecraft:lush_caves,AMBIENT,knightquest:lizzy,7,1,1
1445,private,minecraft:lush_caves,AXOLOTLS,minecraft:axolotl,10,4,6
1446,private,minecraft:lush_caves,UNDERGROUND_WATER_CREATURE,minecraft:glow_squid,10,4,6
1447,private,minecraft:lush_caves,WATER_AMBIENT,minecraft:tropical_fish,25,8,8
1448,ocean,biomeswevegone:lush_stacks,MONSTER,minecraft:drowned,5,1,1
1449,ocean,biomeswevegone:lush_stacks,MONSTER,minecraft:spider,50,4,4
1450,ocean,biomeswevegone:lush_stacks,MONSTER,minecraft:zombie,50,4,4
1451,ocean,biomeswevegone:lush_stacks,MONSTER,minecraft:zombie_villager,5,1,1
1452,ocean,biomeswevegone:lush_stacks,MONSTER,minecraft:skeleton,50,4,4
1453,ocean,biomeswevegone:lush_stacks,MONSTER,minecraft:creeper,50,4,4
1454,ocean,biomeswevegone:lush_stacks,MONSTER,minecraft:slime,50,4,4
1455,ocean,biomeswevegone:lush_stacks,MONSTER,minecraft:enderman,5,1,4
1456,ocean,biomeswevegone:lush_stacks,MONSTER,minecraft:witch,5,1,1
1457,ocean,biomeswevegone:lush_stacks,MONSTER,irons_spellbooks:necromancer,18,1,1
1458,ocean,biomeswevegone:lush_stacks,CREATURE,ars_nouveau:drygmy,5,1,2
1459,ocean,biomeswevegone:lush_stacks,CREATURE,ars_nouveau:gift_starby,5,1,1
1435,ocean,biomeswevegone:lush_stacks,CREATURE,ars_nouveau:starbuncle,5,1,2
1461,ocean,biomeswevegone:lush_stacks,CREATURE,ars_nouveau:whirlisprig,5,1,2
1462,ocean,biomeswevegone:lush_stacks,AMBIENT,minecraft:bat,10,8,8
1463,ocean,biomeswevegone:lush_stacks,UNDERGROUND_WATER_CREATURE,minecraft:glow_squid,10,4,6
1464,ocean,biomeswevegone:lush_stacks,WATER_CREATURE,biomeswevegone:man_o_war,50,20,50
1430,ocean,biomeswevegone:lush_stacks,WATER_CREATURE,minecraft:squid,10,4,4
1466,ocean,biomeswevegone:lush_stacks,WATER_CREATURE,minecraft:dolphin,5,1,2
1467,ocean,biomeswevegone:lush_stacks,WATER_AMBIENT,minecraft:tropical_fish,25,8,8
1468,private,minecraft:mangrove_swamp,MONSTER,minecraft:spider,50,4,4
1469,private,minecraft:mangrove_swamp,MONSTER,minecraft:zombie,50,4,4
1435,private,minecraft:mangrove_swamp,MONSTER,minecraft:zombie_villager,5,1,1
1471,private,minecraft:mangrove_swamp,MONSTER,minecraft:skeleton,35,4,4
1472,private,minecraft:mangrove_swamp,MONSTER,minecraft:creeper,50,4,4
1473,private,minecraft:mangrove_swamp,MONSTER,minecraft:slime,50,4,4
1474,private,minecraft:mangrove_swamp,MONSTER,minecraft:enderman,5,1,4
1425,private,minecraft:mangrove_swamp,MONSTER,minecraft:witch,5,1,1
1476,private,minecraft:mangrove_swamp,MONSTER,minecraft:slime,5,1,1
1477,private,minecraft:mangrove_swamp,MONSTER,minecraft:bogged,30,4,4
1478,private,minecraft:mangrove_swamp,MONSTER,irons_spellbooks:necromancer,18,1,1
1479,private,minecraft:mangrove_swamp,MONSTER,wetland_whimsy:swamp_spider,25,1,2
1450,private,minecraft:mangrove_swamp,CREATURE,minecraft:frog,10,2,5
1481,private,minecraft:mangrove_swamp,CREATURE,ars_nouveau:drygmy,5,1,2
1482,private,minecraft:mangrove_swamp,CREATURE,ars_nouveau:gift_starby,5,1,1
1483,private,minecraft:mangrove_swamp,CREATURE,ars_nouveau:starbuncle,5,1,2
1484,private,minecraft:mangrove_swamp,CREATURE,ars_nouveau:whirlisprig,5,1,2
1425,private,minecraft:mangrove_swamp,AMBIENT,minecraft:bat,10,8,8
1486,private,minecraft:mangrove_swamp,UNDERGROUND_WATER_CREATURE,minecraft:glow_squid,10,4,6
1487,private,minecraft:mangrove_swamp,WATER_AMBIENT,minecraft:tropical_fish,25,8,8
1488,taiga,biomeswevegone:maple_taiga,MONSTER,minecraft:spider,50,4,4
1489,taiga,biomeswevegone:maple_taiga,MONSTER,minecraft:zombie,50,4,4
1435,taiga,biomeswevegone:maple_taiga,MONSTER,minecraft:zombie_villager,5,1,1
1491,taiga,biomeswevegone:maple_taiga,MONSTER,minecraft:skeleton,50,4,4
1492,taiga,biomeswevegone:maple_taiga,MONSTER,minecraft:creeper,50,4,4
1493,taiga,biomeswevegone:maple_taiga,MONSTER,minecraft:slime,50,4,4
1494,taiga,biomeswevegone:maple_taiga,MONSTER,minecraft:enderman,5,1,4
1495,taiga,biomeswevegone:maple_taiga,MONSTER,minecraft:witch,5,1,1
1496,taiga,biomeswevegone:maple_taiga,MONSTER,irons_spellbooks:necromancer,18,1,1
1497,taiga,biomeswevegone:maple_taiga,MONSTER,alshanex_familiars:hunter_pet,5,2,3
1498,taiga,biomeswevegone:maple_taiga,CREATURE,minecraft:sheep,12,4,4
1499,taiga,biomeswevegone:maple_taiga,CREATURE,minecraft:pig,10,4,4
1500,taiga,biomeswevegone:maple_taiga,CREATURE,minecraft:chicken,10,4,4
1501,taiga,biomeswevegone:maple_taiga,CREATURE,minecraft:cow,8,4,4
1502,taiga,biomeswevegone:maple_taiga,CREATURE,minecraft:wolf,8,4,4
1503,taiga,biomeswevegone:maple_taiga,CREATURE,minecraft:rabbit,5,2,3
1504,taiga,biomeswevegone:maple_taiga,CREATURE,minecraft:fox,8,2,4
1505,taiga,biomeswevegone:maple_taiga,CREATURE,ars_nouveau:drygmy,5,1,2
1506,taiga,biomeswevegone:maple_taiga,CREATURE,ars_nouveau:gift_starby,5,1,1
1507,taiga,biomeswevegone:maple_taiga,CREATURE,ars_nouveau:starbuncle,5,1,2
1508,taiga,biomeswevegone:maple_taiga,CREATURE,ars_nouveau:whirlisprig,5,1,2
1509,taiga,biomeswevegone:maple_taiga,AMBIENT,minecraft:bat,10,8,8
1510,taiga,biomeswevegone:maple_taiga,UNDERGROUND_WATER_CREATURE,minecraft:glow_squid,10,4,6
1511,beach,wetland_whimsy:marsh,MONSTER,minecraft:spider,50,4,4
1512,beach,wetland_whimsy:marsh,MONSTER,minecraft:zombie,50,4,4
1513,beach,wetland_whimsy:marsh,MONSTER,minecraft:zombie_villager,5,1,1
1514,beach,wetland_whimsy:marsh,MONSTER,minecraft:skeleton,50,4,4
1515,beach,wetland_whimsy:marsh,MONSTER,minecraft:creeper,50,4,4
1516,beach,wetland_whimsy:marsh,MONSTER,minecraft:slime,50,4,4
1517,beach,wetland_whimsy:marsh,MONSTER,minecraft:enderman,5,1,4
1518,beach,wetland_whimsy:marsh,MONSTER,minecraft:witch,5,1,1
1519,beach,wetland_whimsy:marsh,MONSTER,minecraft:spider,50,4,4
1520,beach,wetland_whimsy:marsh,MONSTER,minecraft:zombie,50,4,4
1521,beach,wetland_whimsy:marsh,MONSTER,minecraft:zombie_villager,5,1,1
1522,beach,wetland_whimsy:marsh,MONSTER,minecraft:skeleton,50,4,4
1523,beach,wetland_whimsy:marsh,MONSTER,minecraft:creeper,50,4,4
1524,beach,wetland_whimsy:marsh,MONSTER,minecraft:slime,50,4,4
1525,beach,wetland_whimsy:marsh,MONSTER,minecraft:enderman,5,1,4
1526,beach,wetland_whimsy:marsh,MONSTER,minecraft:witch,5,1,1
1527,beach,wetland_whimsy:marsh,MONSTER,minecraft:drowned,5,1,1
1528,beach,wetland_whimsy:marsh,MONSTER,minecraft:bogged,30,4,4
1529,beach,wetland_whimsy:marsh,MONSTER,minecraft:slime,50,4,4
1530,beach,wetland_whimsy:marsh,MONSTER,minecraft:drowned,30,3,3
1531,beach,wetland_whimsy:marsh,MONSTER,irons_spellbooks:necromancer,18,1,1
1532,beach,wetland_whimsy:marsh,MONSTER,wetland_whimsy:swamp_spider,25,1,2
1533,beach,wetland_whimsy:marsh,CREATURE,minecraft:sheep,12,4,4
1534,beach,wetland_whimsy:marsh,CREATURE,minecraft:pig,10,4,4
1535,beach,wetland_whimsy:marsh,CREATURE,minecraft:chicken,10,4,4
1536,beach,wetland_whimsy:marsh,CREATURE,minecraft:cow,8,4,4
1537,beach,wetland_whimsy:marsh,CREATURE,minecraft:frog,10,2,5
1538,beach,wetland_whimsy:marsh,CREATURE,wetland_whimsy:crane,30,2,4
1539,beach,wetland_whimsy:marsh,CREATURE,ars_nouveau:alakarkinos,5,1,1
1540,beach,wetland_whimsy:marsh,CREATURE,ars_nouveau:drygmy,5,1,2
1541,beach,wetland_whimsy:marsh,CREATURE,ars_nouveau:gift_starby,5,1,1
1542,beach,wetland_whimsy:marsh,CREATURE,ars_nouveau:starbuncle,5,1,2
1543,beach,wetland_whimsy:marsh,CREATURE,ars_nouveau:whirlisprig,5,1,2
1544,beach,wetland_whimsy:marsh,AMBIENT,minecraft:bat,10,8,8
1545,beach,wetland_whimsy:marsh,AMBIENT,minecraft:bat,10,8,8
1546,beach,wetland_whimsy:marsh,AMBIENT,minecraft:bat,10,8,8
1547,beach,wetland_whimsy:marsh,UNDERGROUND_WATER_CREATURE,minecraft:glow_squid,10,4,6
1548,beach,wetland_whimsy:marsh,UNDERGROUND_WATER_CREATURE,minecraft:glow_squid,10,4,6
1549,beach,wetland_whimsy:marsh,WATER_CREATURE,minecraft:squid,10,1,8
1550,beach,wetland_whimsy:marsh,WATER_AMBIENT,minecraft:cod,20,3,6
1551,plains,minecraft:meadow,MONSTER,minecraft:spider,50,4,4
1552,plains,minecraft:meadow,MONSTER,minecraft:zombie,50,4,4
1553,plains,minecraft:meadow,MONSTER,minecraft:zombie_villager,5,1,1
1554,plains,minecraft:meadow,MONSTER,minecraft:skeleton,50,4,4
1555,plains,minecraft:meadow,MONSTER,minecraft:creeper,50,4,4
1556,plains,minecraft:meadow,MONSTER,minecraft:slime,50,4,4
1557,plains,minecraft:meadow,MONSTER,minecraft:enderman,5,1,4
1558,plains,minecraft:meadow,MONSTER,minecraft:witch,5,1,1
1559,plains,minecraft:meadow,MONSTER,irons_spellbooks:necromancer,18,1,1
1535,plains,minecraft:meadow,MONSTER,alshanex_familiars:mage_pet,5,1,1
1561,plains,minecraft:meadow,CREATURE,minecraft:donkey,5,1,2
1562,plains,minecraft:meadow,CREATURE,minecraft:rabbit,5,2,6
1563,plains,minecraft:meadow,CREATURE,minecraft:sheep,5,2,4
1564,plains,minecraft:meadow,CREATURE,ars_nouveau:drygmy,5,1,2
1530,plains,minecraft:meadow,CREATURE,ars_nouveau:gift_starby,5,1,1
1566,plains,minecraft:meadow,CREATURE,ars_nouveau:starbuncle,5,1,2
1567,plains,minecraft:meadow,CREATURE,ars_nouveau:whirlisprig,5,1,2
1568,plains,minecraft:meadow,AMBIENT,minecraft:bat,10,8,8
1569,plains,minecraft:meadow,UNDERGROUND_WATER_CREATURE,minecraft:glow_squid,10,4,6
1535,desert,biomeswevegone:mojave_desert,MONSTER,minecraft:spider,50,4,4
1571,desert,biomeswevegone:mojave_desert,MONSTER,minecraft:zombie,50,4,4
1572,desert,biomeswevegone:mojave_desert,MONSTER,minecraft:zombie_villager,5,1,1
1573,desert,biomeswevegone:mojave_desert,MONSTER,minecraft:skeleton,50,4,4
1574,desert,biomeswevegone:mojave_desert,MONSTER,minecraft:creeper,50,4,4
1525,desert,biomeswevegone:mojave_desert,MONSTER,minecraft:slime,50,4,4
1576,desert,biomeswevegone:mojave_desert,MONSTER,minecraft:enderman,5,1,4
1577,desert,biomeswevegone:mojave_desert,MONSTER,minecraft:witch,5,1,1
1578,desert,biomeswevegone:mojave_desert,MONSTER,minecraft:husk,50,4,4
1579,desert,biomeswevegone:mojave_desert,MONSTER,irons_spellbooks:necromancer,18,1,1
1550,desert,biomeswevegone:mojave_desert,CREATURE,ars_nouveau:drygmy,5,1,2
1581,desert,biomeswevegone:mojave_desert,CREATURE,ars_nouveau:gift_starby,5,1,1
1582,desert,biomeswevegone:mojave_desert,CREATURE,ars_nouveau:starbuncle,5,1,2
1583,desert,biomeswevegone:mojave_desert,CREATURE,ars_nouveau:whirlisprig,5,1,2
1584,private,minecraft:mushroom_fields,MONSTER,irons_spellbooks:necromancer,18,1,1
1525,private,minecraft:mushroom_fields,CREATURE,minecraft:mooshroom,8,4,8
1586,private,minecraft:mushroom_fields,CREATURE,ars_nouveau:drygmy,5,1,2
1587,private,minecraft:mushroom_fields,CREATURE,ars_nouveau:gift_starby,5,1,1
1588,private,minecraft:mushroom_fields,CREATURE,ars_nouveau:starbuncle,5,1,2
1589,private,minecraft:mushroom_fields,CREATURE,ars_nouveau:whirlisprig,5,1,2
1535,private,minecraft:mushroom_fields,AMBIENT,minecraft:bat,10,8,8
1591,private,minecraft:mushroom_fields,UNDERGROUND_WATER_CREATURE,minecraft:glow_squid,10,4,6
1592,nether,minecraft:nether_wastes,MONSTER,minecraft:ghast,50,4,4
1593,nether,minecraft:nether_wastes,MONSTER,minecraft:zombified_piglin,50,4,4
1594,nether,minecraft:nether_wastes,MONSTER,minecraft:magma_cube,5,4,4
1595,nether,minecraft:nether_wastes,MONSTER,minecraft:enderman,5,4,4
1596,nether,minecraft:nether_wastes,MONSTER,minecraft:piglin,15,4,4
1597,nether,minecraft:nether_wastes,MONSTER,piglinproliferation:piglin_alchemist,5,3,6
1598,nether,minecraft:nether_wastes,MONSTER,knightquest:bad_patch,5,1,2
1599,nether,minecraft:nether_wastes,MONSTER,knightquest:gremlin,10,1,1
1350,nether,minecraft:nether_wastes,MONSTER,alshanex_familiars:scorcher_pet,5,1,1
1351,nether,minecraft:nether_wastes,CREATURE,minecraft:strider,35,1,2
1352,nether,minecraft:nether_wastes,WATER_AMBIENT,netherdepthsupgrade:bonefish,8,1,5
1353,nether,minecraft:nether_wastes,WATER_AMBIENT,netherdepthsupgrade:fortressgrouper,5,1,2
1354,nether,minecraft:nether_wastes,WATER_AMBIENT,netherdepthsupgrade:glowdine,8,4,6
1355,nether,minecraft:nether_wastes,WATER_AMBIENT,netherdepthsupgrade:searing_cod,10,3,6
1356,ocean,minecraft:ocean,MONSTER,minecraft:spider,50,4,4
1357,ocean,minecraft:ocean,MONSTER,minecraft:zombie,50,4,4
1358,ocean,minecraft:ocean,MONSTER,minecraft:zombie_villager,5,1,1
1359,ocean,minecraft:ocean,MONSTER,minecraft:skeleton,50,4,4
1610,ocean,minecraft:ocean,MONSTER,minecraft:creeper,50,4,4
1611,ocean,minecraft:ocean,MONSTER,minecraft:slime,50,4,4
1612,ocean,minecraft:ocean,MONSTER,minecraft:enderman,5,1,4
1613,ocean,minecraft:ocean,MONSTER,minecraft:witch,5,1,1
1614,ocean,minecraft:ocean,MONSTER,minecraft:drowned,5,1,1
1615,ocean,minecraft:ocean,MONSTER,irons_spellbooks:necromancer,18,1,1
1616,ocean,minecraft:ocean,CREATURE,ars_nouveau:drygmy,5,1,2
1617,ocean,minecraft:ocean,CREATURE,ars_nouveau:gift_starby,5,1,1
1618,ocean,minecraft:ocean,CREATURE,ars_nouveau:starbuncle,5,1,2
1619,ocean,minecraft:ocean,CREATURE,ars_nouveau:whirlisprig,5,1,2
1620,ocean,minecraft:ocean,AMBIENT,minecraft:bat,10,8,8
1621,ocean,minecraft:ocean,UNDERGROUND_WATER_CREATURE,minecraft:glow_squid,10,4,6
1622,ocean,minecraft:ocean,WATER_CREATURE,minecraft:squid,5,1,4
1623,ocean,minecraft:ocean,WATER_CREATURE,minecraft:dolphin,5,1,2
1624,ocean,minecraft:ocean,WATER_AMBIENT,minecraft:cod,10,3,6
1625,forest,minecraft:old_growth_birch_forest,MONSTER,minecraft:spider,50,4,4
1626,forest,minecraft:old_growth_birch_forest,MONSTER,minecraft:zombie,50,4,4
1627,forest,minecraft:old_growth_birch_forest,MONSTER,minecraft:zombie_villager,5,1,1
1628,forest,minecraft:old_growth_birch_forest,MONSTER,minecraft:skeleton,50,4,4
1629,forest,minecraft:old_growth_birch_forest,MONSTER,minecraft:creeper,50,4,4
1630,forest,minecraft:old_growth_birch_forest,MONSTER,minecraft:slime,50,4,4
1631,forest,minecraft:old_growth_birch_forest,MONSTER,minecraft:enderman,5,1,4
1632,forest,minecraft:old_growth_birch_forest,MONSTER,minecraft:witch,5,1,1
1633,forest,minecraft:old_growth_birch_forest,MONSTER,irons_spellbooks:necromancer,18,1,1
1634,forest,minecraft:old_growth_birch_forest,MONSTER,alshanex_familiars:druid_pet,5,1,1
1635,forest,minecraft:old_growth_birch_forest,MONSTER,alshanex_familiars:hunter_pet,5,2,3
1636,forest,minecraft:old_growth_birch_forest,CREATURE,minecraft:sheep,12,4,4
1637,forest,minecraft:old_growth_birch_forest,CREATURE,minecraft:pig,10,4,4
1638,forest,minecraft:old_growth_birch_forest,CREATURE,minecraft:chicken,10,4,4
1639,forest,minecraft:old_growth_birch_forest,CREATURE,minecraft:cow,8,4,4
1640,forest,minecraft:old_growth_birch_forest,CREATURE,ars_nouveau:drygmy,5,1,2
1641,forest,minecraft:old_growth_birch_forest,CREATURE,ars_nouveau:gift_starby,5,1,1
1642,forest,minecraft:old_growth_birch_forest,CREATURE,ars_nouveau:starbuncle,5,1,2
1643,forest,minecraft:old_growth_birch_forest,CREATURE,ars_nouveau:whirlisprig,5,1,2
1644,forest,minecraft:old_growth_birch_forest,AMBIENT,minecraft:bat,10,8,8
1645,forest,minecraft:old_growth_birch_forest,UNDERGROUND_WATER_CREATURE,minecraft:glow_squid,10,4,6
1646,taiga,minecraft:old_growth_pine_taiga,MONSTER,minecraft:spider,50,4,4
1647,taiga,minecraft:old_growth_pine_taiga,MONSTER,minecraft:zombie,50,4,4
1648,taiga,minecraft:old_growth_pine_taiga,MONSTER,minecraft:zombie_villager,25,1,1
1649,taiga,minecraft:old_growth_pine_taiga,MONSTER,minecraft:skeleton,50,4,4
1300,taiga,minecraft:old_growth_pine_taiga,MONSTER,minecraft:creeper,50,4,4
1301,taiga,minecraft:old_growth_pine_taiga,MONSTER,minecraft:slime,50,4,4
1302,taiga,minecraft:old_growth_pine_taiga,MONSTER,minecraft:enderman,5,1,4
1303,taiga,minecraft:old_growth_pine_taiga,MONSTER,minecraft:witch,5,1,1
1304,taiga,minecraft:old_growth_pine_taiga,MONSTER,irons_spellbooks:necromancer,18,1,1
1305,taiga,minecraft:old_growth_pine_taiga,MONSTER,alshanex_familiars:hunter_pet,5,2,3
1306,taiga,minecraft:old_growth_pine_taiga,CREATURE,minecraft:sheep,12,4,4
1307,taiga,minecraft:old_growth_pine_taiga,CREATURE,minecraft:pig,10,4,4
1308,taiga,minecraft:old_growth_pine_taiga,CREATURE,minecraft:chicken,10,4,4
1309,taiga,minecraft:old_growth_pine_taiga,CREATURE,minecraft:cow,8,4,4
1635,taiga,minecraft:old_growth_pine_taiga,CREATURE,minecraft:wolf,8,4,4
1661,taiga,minecraft:old_growth_pine_taiga,CREATURE,minecraft:rabbit,5,2,3
1662,taiga,minecraft:old_growth_pine_taiga,CREATURE,minecraft:fox,8,2,4
1663,taiga,minecraft:old_growth_pine_taiga,CREATURE,ars_nouveau:drygmy,5,1,2
1664,taiga,minecraft:old_growth_pine_taiga,CREATURE,ars_nouveau:gift_starby,5,1,1
1630,taiga,minecraft:old_growth_pine_taiga,CREATURE,ars_nouveau:starbuncle,5,1,2
1666,taiga,minecraft:old_growth_pine_taiga,CREATURE,ars_nouveau:whirlisprig,5,1,2
1667,taiga,minecraft:old_growth_pine_taiga,AMBIENT,minecraft:bat,10,8,8
1668,taiga,minecraft:old_growth_pine_taiga,UNDERGROUND_WATER_CREATURE,minecraft:glow_squid,10,4,6
1669,taiga,minecraft:old_growth_spruce_taiga,MONSTER,minecraft:spider,50,4,4
1635,taiga,minecraft:old_growth_spruce_taiga,MONSTER,minecraft:zombie,50,4,4
1671,taiga,minecraft:old_growth_spruce_taiga,MONSTER,minecraft:zombie_villager,5,1,1
1672,taiga,minecraft:old_growth_spruce_taiga,MONSTER,minecraft:skeleton,50,4,4
1673,taiga,minecraft:old_growth_spruce_taiga,MONSTER,minecraft:creeper,50,4,4
1674,taiga,minecraft:old_growth_spruce_taiga,MONSTER,minecraft:slime,50,4,4
1625,taiga,minecraft:old_growth_spruce_taiga,MONSTER,minecraft:enderman,5,1,4
1676,taiga,minecraft:old_growth_spruce_taiga,MONSTER,minecraft:witch,5,1,1
1677,taiga,minecraft:old_growth_spruce_taiga,MONSTER,irons_spellbooks:necromancer,18,1,1
1678,taiga,minecraft:old_growth_spruce_taiga,MONSTER,alshanex_familiars:hunter_pet,5,2,3
1679,taiga,minecraft:old_growth_spruce_taiga,CREATURE,minecraft:sheep,12,4,4
1300,taiga,minecraft:old_growth_spruce_taiga,CREATURE,minecraft:pig,10,4,4
1681,taiga,minecraft:old_growth_spruce_taiga,CREATURE,minecraft:chicken,10,4,4
1682,taiga,minecraft:old_growth_spruce_taiga,CREATURE,minecraft:cow,8,4,4
1683,taiga,minecraft:old_growth_spruce_taiga,CREATURE,minecraft:wolf,8,4,4
1684,taiga,minecraft:old_growth_spruce_taiga,CREATURE,minecraft:rabbit,5,2,3
1625,taiga,minecraft:old_growth_spruce_taiga,CREATURE,minecraft:fox,8,2,4
1686,taiga,minecraft:old_growth_spruce_taiga,CREATURE,ars_nouveau:drygmy,5,1,2
1687,taiga,minecraft:old_growth_spruce_taiga,CREATURE,ars_nouveau:gift_starby,5,1,1
1688,taiga,minecraft:old_growth_spruce_taiga,CREATURE,ars_nouveau:starbuncle,5,1,2
1689,taiga,minecraft:old_growth_spruce_taiga,CREATURE,ars_nouveau:whirlisprig,5,1,2
1635,taiga,minecraft:old_growth_spruce_taiga,AMBIENT,minecraft:bat,10,8,8
1691,taiga,minecraft:old_growth_spruce_taiga,UNDERGROUND_WATER_CREATURE,minecraft:glow_squid,10,4,6
1692,forest,biomeswevegone:orchard,MONSTER,minecraft:spider,50,4,4
1693,forest,biomeswevegone:orchard,MONSTER,minecraft:zombie,50,4,4
1694,forest,biomeswevegone:orchard,MONSTER,minecraft:zombie_villager,5,1,1
1695,forest,biomeswevegone:orchard,MONSTER,minecraft:skeleton,50,4,4
1696,forest,biomeswevegone:orchard,MONSTER,minecraft:creeper,50,4,4
1697,forest,biomeswevegone:orchard,MONSTER,minecraft:slime,50,4,4
1698,forest,biomeswevegone:orchard,MONSTER,minecraft:enderman,5,1,4
1699,forest,biomeswevegone:orchard,MONSTER,minecraft:witch,5,1,1
1350,forest,biomeswevegone:orchard,MONSTER,irons_spellbooks:necromancer,18,1,1
1351,forest,biomeswevegone:orchard,MONSTER,alshanex_familiars:druid_pet,5,1,1
1352,forest,biomeswevegone:orchard,MONSTER,alshanex_familiars:hunter_pet,5,2,3
1353,forest,biomeswevegone:orchard,CREATURE,minecraft:sheep,12,4,4
1354,forest,biomeswevegone:orchard,CREATURE,minecraft:pig,10,4,4
1355,forest,biomeswevegone:orchard,CREATURE,minecraft:chicken,10,4,4
1356,forest,biomeswevegone:orchard,CREATURE,minecraft:cow,8,4,4
1357,forest,biomeswevegone:orchard,CREATURE,minecraft:horse,5,2,6
1358,forest,biomeswevegone:orchard,CREATURE,minecraft:donkey,5,1,3
1359,forest,biomeswevegone:orchard,CREATURE,ars_nouveau:drygmy,5,1,2
1710,forest,biomeswevegone:orchard,CREATURE,ars_nouveau:gift_starby,5,1,1
1711,forest,biomeswevegone:orchard,CREATURE,ars_nouveau:starbuncle,5,1,2
1712,forest,biomeswevegone:orchard,CREATURE,ars_nouveau:whirlisprig,5,1,2
1713,forest,biomeswevegone:orchard,AMBIENT,minecraft:bat,10,8,8
1714,forest,biomeswevegone:orchard,UNDERGROUND_WATER_CREATURE,minecraft:glow_squid,10,4,6
1715,forest,biomeswevegone:overgrowth_woodlands,MONSTER,minecraft:spider,50,4,4
1716,forest,biomeswevegone:overgrowth_woodlands,MONSTER,minecraft:zombie,50,4,4
1717,forest,biomeswevegone:overgrowth_woodlands,MONSTER,minecraft:zombie_villager,5,1,1
1718,forest,biomeswevegone:overgrowth_woodlands,MONSTER,minecraft:skeleton,50,4,4
1719,forest,biomeswevegone:overgrowth_woodlands,MONSTER,minecraft:creeper,50,4,4
1720,forest,biomeswevegone:overgrowth_woodlands,MONSTER,minecraft:slime,50,4,4
1721,forest,biomeswevegone:overgrowth_woodlands,MONSTER,minecraft:enderman,5,1,4
1722,forest,biomeswevegone:overgrowth_woodlands,MONSTER,minecraft:witch,5,1,1
1723,forest,biomeswevegone:overgrowth_woodlands,MONSTER,irons_spellbooks:necromancer,18,1,1
1724,forest,biomeswevegone:overgrowth_woodlands,MONSTER,alshanex_familiars:druid_pet,5,1,1
1725,forest,biomeswevegone:overgrowth_woodlands,MONSTER,alshanex_familiars:hunter_pet,5,2,3
1726,forest,biomeswevegone:overgrowth_woodlands,CREATURE,minecraft:sheep,12,4,4
1727,forest,biomeswevegone:overgrowth_woodlands,CREATURE,minecraft:pig,10,4,4
1728,forest,biomeswevegone:overgrowth_woodlands,CREATURE,minecraft:chicken,10,4,4
1729,forest,biomeswevegone:overgrowth_woodlands,CREATURE,minecraft:cow,8,4,4
1730,forest,biomeswevegone:overgrowth_woodlands,CREATURE,minecraft:wolf,8,4,4
1731,forest,biomeswevegone:overgrowth_woodlands,CREATURE,minecraft:rabbit,5,2,3
1732,forest,biomeswevegone:overgrowth_woodlands,CREATURE,minecraft:fox,8,2,4
1733,forest,biomeswevegone:overgrowth_woodlands,CREATURE,ars_nouveau:drygmy,5,1,2
1734,forest,biomeswevegone:overgrowth_woodlands,CREATURE,ars_nouveau:gift_starby,5,1,1
1735,forest,biomeswevegone:overgrowth_woodlands,CREATURE,ars_nouveau:starbuncle,5,1,2
1736,forest,biomeswevegone:overgrowth_woodlands,CREATURE,ars_nouveau:whirlisprig,5,1,2
1737,forest,biomeswevegone:overgrowth_woodlands,AMBIENT,minecraft:bat,10,8,8
1738,forest,biomeswevegone:overgrowth_woodlands,UNDERGROUND_WATER_CREATURE,minecraft:glow_squid,10,4,6
1739,swamp,biomeswevegone:pale_bog,MONSTER,minecraft:drowned,50,2,4
1740,swamp,biomeswevegone:pale_bog,MONSTER,minecraft:spider,50,3,4
1741,swamp,biomeswevegone:pale_bog,MONSTER,minecraft:bogged,50,2,4
1742,swamp,biomeswevegone:pale_bog,MONSTER,minecraft:slime,5,1,1
1743,swamp,biomeswevegone:pale_bog,MONSTER,irons_spellbooks:necromancer,18,1,1
1744,swamp,biomeswevegone:pale_bog,MONSTER,wetland_whimsy:swamp_spider,25,1,2
1745,swamp,biomeswevegone:pale_bog,CREATURE,minecraft:frog,10,2,5
1746,swamp,biomeswevegone:pale_bog,CREATURE,ars_nouveau:drygmy,5,1,2
1747,swamp,biomeswevegone:pale_bog,CREATURE,ars_nouveau:gift_starby,5,1,1
1748,swamp,biomeswevegone:pale_bog,CREATURE,ars_nouveau:starbuncle,5,1,2
1749,swamp,biomeswevegone:pale_bog,CREATURE,ars_nouveau:whirlisprig,5,1,2
1250,plains,minecraft:plains,MONSTER,minecraft:spider,50,4,4
1251,plains,minecraft:plains,MONSTER,minecraft:zombie,50,4,4
1252,plains,minecraft:plains,MONSTER,minecraft:zombie_villager,5,1,1
1253,plains,minecraft:plains,MONSTER,minecraft:skeleton,50,4,4
1254,plains,minecraft:plains,MONSTER,minecraft:creeper,50,4,4
1255,plains,minecraft:plains,MONSTER,minecraft:slime,50,4,4
1256,plains,minecraft:plains,MONSTER,minecraft:enderman,5,1,4
1257,plains,minecraft:plains,MONSTER,minecraft:witch,5,1,1
1258,plains,minecraft:plains,MONSTER,irons_spellbooks:necromancer,18,1,1
1259,plains,minecraft:plains,CREATURE,minecraft:sheep,12,4,4
1735,plains,minecraft:plains,CREATURE,minecraft:pig,10,4,4
1761,plains,minecraft:plains,CREATURE,minecraft:chicken,10,4,4
1762,plains,minecraft:plains,CREATURE,minecraft:cow,8,4,4
1763,plains,minecraft:plains,CREATURE,minecraft:horse,5,2,6
1764,plains,minecraft:plains,CREATURE,minecraft:donkey,5,1,3
1730,plains,minecraft:plains,CREATURE,ars_nouveau:drygmy,5,1,2
1766,plains,minecraft:plains,CREATURE,ars_nouveau:gift_starby,5,1,1
1767,plains,minecraft:plains,CREATURE,ars_nouveau:starbuncle,5,1,2
1768,plains,minecraft:plains,CREATURE,ars_nouveau:whirlisprig,5,1,2
1769,plains,minecraft:plains,AMBIENT,minecraft:bat,10,8,8
1735,plains,minecraft:plains,UNDERGROUND_WATER_CREATURE,minecraft:glow_squid,10,4,6
1771,private,biomeswevegone:prairie,MONSTER,minecraft:spider,50,4,4
1772,private,biomeswevegone:prairie,MONSTER,minecraft:zombie,50,4,4
1773,private,biomeswevegone:prairie,MONSTER,minecraft:zombie_villager,5,1,1
1774,private,biomeswevegone:prairie,MONSTER,minecraft:skeleton,50,4,4
1725,private,biomeswevegone:prairie,MONSTER,minecraft:creeper,50,4,4
1776,private,biomeswevegone:prairie,MONSTER,minecraft:slime,50,4,4
1777,private,biomeswevegone:prairie,MONSTER,minecraft:enderman,5,1,4
1778,private,biomeswevegone:prairie,MONSTER,minecraft:witch,5,1,1
1779,private,biomeswevegone:prairie,MONSTER,minecraft:spider,50,4,4
1250,private,biomeswevegone:prairie,MONSTER,minecraft:zombie,50,4,4
1781,private,biomeswevegone:prairie,MONSTER,minecraft:zombie_villager,5,1,1
1782,private,biomeswevegone:prairie,MONSTER,minecraft:skeleton,50,4,4
1783,private,biomeswevegone:prairie,MONSTER,minecraft:creeper,50,4,4
1784,private,biomeswevegone:prairie,MONSTER,minecraft:slime,50,4,4
1725,private,biomeswevegone:prairie,MONSTER,minecraft:enderman,5,1,4
1786,private,biomeswevegone:prairie,MONSTER,minecraft:witch,5,1,1
1787,private,biomeswevegone:prairie,MONSTER,irons_spellbooks:necromancer,18,1,1
1788,private,biomeswevegone:prairie,CREATURE,minecraft:sheep,12,4,4
1789,private,biomeswevegone:prairie,CREATURE,minecraft:pig,10,4,4
1735,private,biomeswevegone:prairie,CREATURE,minecraft:chicken,10,4,4
1791,private,biomeswevegone:prairie,CREATURE,minecraft:cow,8,4,4
1792,private,biomeswevegone:prairie,CREATURE,minecraft:horse,5,2,6
1793,private,biomeswevegone:prairie,CREATURE,minecraft:donkey,5,1,3
1794,private,biomeswevegone:prairie,CREATURE,ars_nouveau:drygmy,5,1,2
1795,private,biomeswevegone:prairie,CREATURE,ars_nouveau:gift_starby,5,1,1
1796,private,biomeswevegone:prairie,CREATURE,ars_nouveau:starbuncle,5,1,2
1797,private,biomeswevegone:prairie,CREATURE,ars_nouveau:whirlisprig,5,1,2
1798,private,biomeswevegone:prairie,AMBIENT,minecraft:bat,10,8,8
1799,private,biomeswevegone:prairie,AMBIENT,minecraft:bat,10,8,8
1500,private,biomeswevegone:prairie,UNDERGROUND_WATER_CREATURE,minecraft:glow_squid,10,4,6
1501,private,biomeswevegone:prairie,UNDERGROUND_WATER_CREATURE,minecraft:glow_squid,10,4,6
1502,private,stellarity:prismarine_forest,WATER_CREATURE,ars_elemental:siren_entity,5,1,3
1503,private,stellarity:prismatic_dunes,MONSTER,minecraft:vex,20,1,2
1504,private,stellarity:prismatic_dunes,WATER_CREATURE,ars_elemental:siren_entity,5,1,3
1505,private,biomeswevegone:pumpkin_valley,MONSTER,minecraft:spider,50,4,4
1506,private,biomeswevegone:pumpkin_valley,MONSTER,minecraft:zombie,50,4,4
1507,private,biomeswevegone:pumpkin_valley,MONSTER,minecraft:zombie_villager,5,1,1
1508,private,biomeswevegone:pumpkin_valley,MONSTER,minecraft:skeleton,50,4,4
1509,private,biomeswevegone:pumpkin_valley,MONSTER,minecraft:creeper,50,4,4
1810,private,biomeswevegone:pumpkin_valley,MONSTER,minecraft:slime,50,4,4
1811,private,biomeswevegone:pumpkin_valley,MONSTER,minecraft:enderman,5,1,4
1812,private,biomeswevegone:pumpkin_valley,MONSTER,minecraft:witch,5,1,1
1813,private,biomeswevegone:pumpkin_valley,MONSTER,irons_spellbooks:necromancer,18,1,1
1814,private,biomeswevegone:pumpkin_valley,CREATURE,minecraft:sheep,12,4,4
1815,private,biomeswevegone:pumpkin_valley,CREATURE,minecraft:pig,10,4,4
1816,private,biomeswevegone:pumpkin_valley,CREATURE,minecraft:chicken,10,4,4
1817,private,biomeswevegone:pumpkin_valley,CREATURE,minecraft:cow,8,4,4
1818,private,biomeswevegone:pumpkin_valley,CREATURE,ars_nouveau:drygmy,5,1,2
1819,private,biomeswevegone:pumpkin_valley,CREATURE,ars_nouveau:gift_starby,5,1,1
1820,private,biomeswevegone:pumpkin_valley,CREATURE,ars_nouveau:starbuncle,5,1,2
1821,private,biomeswevegone:pumpkin_valley,CREATURE,ars_nouveau:whirlisprig,5,1,2
1822,private,biomeswevegone:pumpkin_valley,AMBIENT,minecraft:bat,10,8,8
1823,private,biomeswevegone:pumpkin_valley,UNDERGROUND_WATER_CREATURE,minecraft:glow_squid,10,4,6
1824,beach,biomeswevegone:rainbow_beach,MONSTER,minecraft:spider,50,4,4
1825,beach,biomeswevegone:rainbow_beach,MONSTER,minecraft:zombie,50,4,4
1826,beach,biomeswevegone:rainbow_beach,MONSTER,minecraft:zombie_villager,5,1,1
1827,beach,biomeswevegone:rainbow_beach,MONSTER,minecraft:skeleton,50,4,4
1828,beach,biomeswevegone:rainbow_beach,MONSTER,minecraft:creeper,50,4,4
1829,beach,biomeswevegone:rainbow_beach,MONSTER,minecraft:slime,50,4,4
1830,beach,biomeswevegone:rainbow_beach,MONSTER,minecraft:enderman,5,1,4
1831,beach,biomeswevegone:rainbow_beach,MONSTER,minecraft:witch,5,1,1
1832,beach,biomeswevegone:rainbow_beach,MONSTER,irons_spellbooks:necromancer,18,1,1
1833,beach,biomeswevegone:rainbow_beach,CREATURE,ars_nouveau:alakarkinos,5,1,1
1834,beach,biomeswevegone:rainbow_beach,CREATURE,ars_nouveau:drygmy,5,1,2
1835,beach,biomeswevegone:rainbow_beach,CREATURE,ars_nouveau:gift_starby,5,1,1
1836,beach,biomeswevegone:rainbow_beach,CREATURE,ars_nouveau:starbuncle,5,1,2
1837,beach,biomeswevegone:rainbow_beach,CREATURE,ars_nouveau:whirlisprig,5,1,2
1838,beach,biomeswevegone:rainbow_beach,AMBIENT,minecraft:bat,10,8,8
1839,beach,biomeswevegone:rainbow_beach,UNDERGROUND_WATER_CREATURE,minecraft:glow_squid,10,4,6
1840,badlands,biomeswevegone:red_rock_peaks,MONSTER,minecraft:spider,50,4,4
1841,badlands,biomeswevegone:red_rock_peaks,MONSTER,minecraft:zombie,50,4,4
1842,badlands,biomeswevegone:red_rock_peaks,MONSTER,minecraft:zombie_villager,5,1,1
1843,badlands,biomeswevegone:red_rock_peaks,MONSTER,minecraft:skeleton,50,4,4
1844,badlands,biomeswevegone:red_rock_peaks,MONSTER,minecraft:creeper,50,4,4
1845,badlands,biomeswevegone:red_rock_peaks,MONSTER,minecraft:slime,50,4,4
1846,badlands,biomeswevegone:red_rock_peaks,MONSTER,minecraft:enderman,5,1,4
1847,badlands,biomeswevegone:red_rock_peaks,MONSTER,minecraft:witch,5,1,1
1848,badlands,biomeswevegone:red_rock_peaks,MONSTER,cataclysm:koboleton,15,2,3
1849,badlands,biomeswevegone:red_rock_peaks,MONSTER,irons_spellbooks:necromancer,18,1,1
1250,badlands,biomeswevegone:red_rock_peaks,MONSTER,alshanex_familiars:mage_pet,5,1,1
1251,badlands,biomeswevegone:red_rock_peaks,CREATURE,minecraft:sheep,12,4,4
1252,badlands,biomeswevegone:red_rock_peaks,CREATURE,minecraft:pig,10,4,4
1253,badlands,biomeswevegone:red_rock_peaks,CREATURE,minecraft:chicken,10,4,4
1254,badlands,biomeswevegone:red_rock_peaks,CREATURE,minecraft:cow,8,4,4
1255,badlands,biomeswevegone:red_rock_peaks,CREATURE,minecraft:rabbit,5,2,3
1256,badlands,biomeswevegone:red_rock_peaks,CREATURE,minecraft:armadillo,10,2,3
1257,badlands,biomeswevegone:red_rock_peaks,CREATURE,ars_nouveau:drygmy,5,1,2
1258,badlands,biomeswevegone:red_rock_peaks,CREATURE,ars_nouveau:gift_starby,5,1,1
1259,badlands,biomeswevegone:red_rock_peaks,CREATURE,ars_nouveau:starbuncle,5,1,2
1835,badlands,biomeswevegone:red_rock_peaks,CREATURE,ars_nouveau:whirlisprig,5,1,2
1861,badlands,biomeswevegone:red_rock_peaks,AMBIENT,minecraft:bat,10,8,8
1862,badlands,biomeswevegone:red_rock_peaks,UNDERGROUND_WATER_CREATURE,minecraft:glow_squid,10,4,6
1863,badlands,biomeswevegone:red_rock_valley,MONSTER,minecraft:spider,50,4,4
1864,badlands,biomeswevegone:red_rock_valley,MONSTER,minecraft:zombie,50,4,4
1830,badlands,biomeswevegone:red_rock_valley,MONSTER,minecraft:zombie_villager,5,1,1
1866,badlands,biomeswevegone:red_rock_valley,MONSTER,minecraft:skeleton,50,4,4
1867,badlands,biomeswevegone:red_rock_valley,MONSTER,minecraft:creeper,50,4,4
1868,badlands,biomeswevegone:red_rock_valley,MONSTER,minecraft:slime,50,4,4
1869,badlands,biomeswevegone:red_rock_valley,MONSTER,minecraft:enderman,5,1,4
1835,badlands,biomeswevegone:red_rock_valley,MONSTER,minecraft:witch,5,1,1
1871,badlands,biomeswevegone:red_rock_valley,MONSTER,cataclysm:koboleton,15,2,3
1872,badlands,biomeswevegone:red_rock_valley,MONSTER,irons_spellbooks:necromancer,18,1,1
1873,badlands,biomeswevegone:red_rock_valley,CREATURE,minecraft:sheep,12,4,4
1874,badlands,biomeswevegone:red_rock_valley,CREATURE,minecraft:pig,10,4,4
1825,badlands,biomeswevegone:red_rock_valley,CREATURE,minecraft:chicken,10,4,4
1876,badlands,biomeswevegone:red_rock_valley,CREATURE,minecraft:cow,8,4,4
1877,badlands,biomeswevegone:red_rock_valley,CREATURE,minecraft:rabbit,5,2,3
1878,badlands,biomeswevegone:red_rock_valley,CREATURE,minecraft:armadillo,10,2,3
1879,badlands,biomeswevegone:red_rock_valley,CREATURE,ars_nouveau:drygmy,5,1,2
1250,badlands,biomeswevegone:red_rock_valley,CREATURE,ars_nouveau:gift_starby,5,1,1
1881,badlands,biomeswevegone:red_rock_valley,CREATURE,ars_nouveau:starbuncle,5,1,2
1882,badlands,biomeswevegone:red_rock_valley,CREATURE,ars_nouveau:whirlisprig,5,1,2
1883,badlands,biomeswevegone:red_rock_valley,AMBIENT,minecraft:bat,10,8,8
1884,badlands,biomeswevegone:red_rock_valley,UNDERGROUND_WATER_CREATURE,minecraft:glow_squid,10,4,6
1825,forest,biomeswevegone:redwood_thicket,MONSTER,minecraft:spider,50,4,4
1886,forest,biomeswevegone:redwood_thicket,MONSTER,minecraft:zombie,50,4,4
1887,forest,biomeswevegone:redwood_thicket,MONSTER,minecraft:zombie_villager,5,1,1
1888,forest,biomeswevegone:redwood_thicket,MONSTER,minecraft:skeleton,50,4,4
1889,forest,biomeswevegone:redwood_thicket,MONSTER,minecraft:creeper,50,4,4
1835,forest,biomeswevegone:redwood_thicket,MONSTER,minecraft:slime,50,4,4
1891,forest,biomeswevegone:redwood_thicket,MONSTER,minecraft:enderman,5,1,4
1892,forest,biomeswevegone:redwood_thicket,MONSTER,minecraft:witch,5,1,1
1893,forest,biomeswevegone:redwood_thicket,MONSTER,irons_spellbooks:necromancer,18,1,1
1894,forest,biomeswevegone:redwood_thicket,MONSTER,alshanex_familiars:druid_pet,5,1,1
1895,forest,biomeswevegone:redwood_thicket,MONSTER,alshanex_familiars:hunter_pet,5,2,3
1896,forest,biomeswevegone:redwood_thicket,CREATURE,minecraft:sheep,12,4,4
1897,forest,biomeswevegone:redwood_thicket,CREATURE,minecraft:pig,10,4,4
1898,forest,biomeswevegone:redwood_thicket,CREATURE,minecraft:chicken,10,4,4
1899,forest,biomeswevegone:redwood_thicket,CREATURE,minecraft:cow,8,4,4
1350,forest,biomeswevegone:redwood_thicket,CREATURE,minecraft:wolf,8,4,4
1351,forest,biomeswevegone:redwood_thicket,CREATURE,minecraft:rabbit,5,2,3
1352,forest,biomeswevegone:redwood_thicket,CREATURE,minecraft:fox,8,2,4
1353,forest,biomeswevegone:redwood_thicket,CREATURE,ars_nouveau:drygmy,5,1,2
1354,forest,biomeswevegone:redwood_thicket,CREATURE,ars_nouveau:gift_starby,5,1,1
1355,forest,biomeswevegone:redwood_thicket,CREATURE,ars_nouveau:starbuncle,5,1,2
1356,forest,biomeswevegone:redwood_thicket,CREATURE,ars_nouveau:whirlisprig,5,1,2
1357,forest,biomeswevegone:redwood_thicket,AMBIENT,minecraft:bat,10,8,8
1358,forest,biomeswevegone:redwood_thicket,UNDERGROUND_WATER_CREATURE,minecraft:glow_squid,10,4,6
1359,river,minecraft:river,MONSTER,minecraft:spider,50,4,4
1910,river,minecraft:river,MONSTER,minecraft:zombie,50,4,4
1911,river,minecraft:river,MONSTER,minecraft:zombie_villager,5,1,1
1912,river,minecraft:river,MONSTER,minecraft:skeleton,50,4,4
1913,river,minecraft:river,MONSTER,minecraft:creeper,50,4,4
1914,river,minecraft:river,MONSTER,minecraft:slime,50,4,4
1915,river,minecraft:river,MONSTER,minecraft:enderman,5,1,4
1916,river,minecraft:river,MONSTER,minecraft:witch,5,1,1
1917,river,minecraft:river,MONSTER,minecraft:drowned,50,1,1
1918,river,minecraft:river,MONSTER,irons_spellbooks:necromancer,18,1,1
1919,river,minecraft:river,MONSTER,knightquest:swampman,15,1,1
1920,river,minecraft:river,CREATURE,ars_nouveau:drygmy,5,1,2
1921,river,minecraft:river,CREATURE,ars_nouveau:gift_starby,5,1,1
1922,river,minecraft:river,CREATURE,ars_nouveau:starbuncle,5,1,2
1923,river,minecraft:river,CREATURE,ars_nouveau:whirlisprig,5,1,2
1924,river,minecraft:river,AMBIENT,minecraft:bat,10,8,8
1925,river,minecraft:river,UNDERGROUND_WATER_CREATURE,minecraft:glow_squid,10,4,6
1926,river,minecraft:river,WATER_CREATURE,minecraft:squid,5,1,4
1927,river,minecraft:river,WATER_AMBIENT,minecraft:salmon,5,1,5
1928,private,biomeswevegone:rose_fields,MONSTER,minecraft:spider,50,4,4
1929,private,biomeswevegone:rose_fields,MONSTER,minecraft:zombie,50,4,4
1930,private,biomeswevegone:rose_fields,MONSTER,minecraft:zombie_villager,5,1,1
1931,private,biomeswevegone:rose_fields,MONSTER,minecraft:skeleton,50,4,4
1932,private,biomeswevegone:rose_fields,MONSTER,minecraft:creeper,50,4,4
1933,private,biomeswevegone:rose_fields,MONSTER,minecraft:slime,50,4,4
1934,private,biomeswevegone:rose_fields,MONSTER,minecraft:enderman,5,1,4
1935,private,biomeswevegone:rose_fields,MONSTER,minecraft:witch,5,1,1
1936,private,biomeswevegone:rose_fields,MONSTER,irons_spellbooks:necromancer,18,1,1
1937,private,biomeswevegone:rose_fields,CREATURE,minecraft:sheep,12,4,4
1938,private,biomeswevegone:rose_fields,CREATURE,minecraft:pig,10,4,4
1939,private,biomeswevegone:rose_fields,CREATURE,minecraft:chicken,10,4,4
1940,private,biomeswevegone:rose_fields,CREATURE,minecraft:cow,8,4,4
1941,private,biomeswevegone:rose_fields,CREATURE,minecraft:horse,5,2,6
1942,private,biomeswevegone:rose_fields,CREATURE,minecraft:donkey,5,1,3
1943,private,biomeswevegone:rose_fields,CREATURE,minecraft:fox,8,2,4
1944,private,biomeswevegone:rose_fields,CREATURE,ars_nouveau:drygmy,5,1,2
1945,private,biomeswevegone:rose_fields,CREATURE,ars_nouveau:gift_starby,5,1,1
1946,private,biomeswevegone:rose_fields,CREATURE,ars_nouveau:starbuncle,5,1,2
1947,private,biomeswevegone:rose_fields,CREATURE,ars_nouveau:whirlisprig,5,1,2
1948,private,biomeswevegone:rose_fields,AMBIENT,minecraft:bat,10,8,8
1949,private,biomeswevegone:rose_fields,UNDERGROUND_WATER_CREATURE,minecraft:glow_squid,10,4,6
1950,desert,biomeswevegone:rugged_badlands,MONSTER,minecraft:spider,50,4,4
1951,desert,biomeswevegone:rugged_badlands,MONSTER,minecraft:husk,50,4,4
1952,desert,biomeswevegone:rugged_badlands,MONSTER,minecraft:zombie_villager,5,1,1
1953,desert,biomeswevegone:rugged_badlands,MONSTER,minecraft:skeleton,50,4,4
1954,desert,biomeswevegone:rugged_badlands,MONSTER,minecraft:creeper,50,4,4
1955,desert,biomeswevegone:rugged_badlands,MONSTER,minecraft:slime,50,4,4
1956,desert,biomeswevegone:rugged_badlands,MONSTER,minecraft:enderman,5,1,4
1957,desert,biomeswevegone:rugged_badlands,MONSTER,minecraft:witch,5,1,1
1958,desert,biomeswevegone:rugged_badlands,MONSTER,minecraft:ravager,5,1,2
1959,desert,biomeswevegone:rugged_badlands,MONSTER,cataclysm:koboleton,15,2,3
1935,desert,biomeswevegone:rugged_badlands,MONSTER,irons_spellbooks:necromancer,18,1,1
1961,desert,biomeswevegone:rugged_badlands,CREATURE,minecraft:rabbit,5,2,3
1962,desert,biomeswevegone:rugged_badlands,CREATURE,ars_nouveau:drygmy,5,1,2
1963,desert,biomeswevegone:rugged_badlands,CREATURE,ars_nouveau:gift_starby,5,1,1
1964,desert,biomeswevegone:rugged_badlands,CREATURE,ars_nouveau:starbuncle,5,1,2
1930,desert,biomeswevegone:rugged_badlands,CREATURE,ars_nouveau:whirlisprig,5,1,2
1966,desert,biomeswevegone:rugged_badlands,AMBIENT,minecraft:bat,10,8,8
1967,forest,biomeswevegone:sakura_grove,MONSTER,minecraft:spider,50,4,4
1968,forest,biomeswevegone:sakura_grove,MONSTER,minecraft:zombie,50,4,4
1969,forest,biomeswevegone:sakura_grove,MONSTER,minecraft:zombie_villager,5,1,1
1935,forest,biomeswevegone:sakura_grove,MONSTER,minecraft:skeleton,50,4,4
1971,forest,biomeswevegone:sakura_grove,MONSTER,minecraft:creeper,50,4,4
1972,forest,biomeswevegone:sakura_grove,MONSTER,minecraft:slime,50,4,4
1973,forest,biomeswevegone:sakura_grove,MONSTER,minecraft:enderman,5,1,4
1974,forest,biomeswevegone:sakura_grove,MONSTER,minecraft:witch,5,1,1
1925,forest,biomeswevegone:sakura_grove,MONSTER,irons_spellbooks:necromancer,18,1,1
1976,forest,biomeswevegone:sakura_grove,MONSTER,alshanex_familiars:druid_pet,5,1,1
1977,forest,biomeswevegone:sakura_grove,MONSTER,alshanex_familiars:hunter_pet,5,2,3
1978,forest,biomeswevegone:sakura_grove,CREATURE,minecraft:sheep,12,4,4
1979,forest,biomeswevegone:sakura_grove,CREATURE,minecraft:pig,10,4,4
1950,forest,biomeswevegone:sakura_grove,CREATURE,minecraft:chicken,10,4,4
1981,forest,biomeswevegone:sakura_grove,CREATURE,minecraft:cow,8,4,4
1982,forest,biomeswevegone:sakura_grove,CREATURE,minecraft:wolf,5,4,4
1983,forest,biomeswevegone:sakura_grove,CREATURE,ars_nouveau:drygmy,5,1,2
1984,forest,biomeswevegone:sakura_grove,CREATURE,ars_nouveau:gift_starby,5,1,1
1925,forest,biomeswevegone:sakura_grove,CREATURE,ars_nouveau:starbuncle,5,1,2
1986,forest,biomeswevegone:sakura_grove,CREATURE,ars_nouveau:whirlisprig,5,1,2
1987,forest,biomeswevegone:sakura_grove,AMBIENT,minecraft:bat,10,8,8
1988,savanna,minecraft:savanna,MONSTER,minecraft:spider,50,4,4
1989,savanna,minecraft:savanna,MONSTER,minecraft:zombie,50,4,4
1935,savanna,minecraft:savanna,MONSTER,minecraft:zombie_villager,5,1,1
1991,savanna,minecraft:savanna,MONSTER,minecraft:skeleton,50,4,4
1992,savanna,minecraft:savanna,MONSTER,minecraft:creeper,50,4,4
1993,savanna,minecraft:savanna,MONSTER,minecraft:slime,50,4,4
1994,savanna,minecraft:savanna,MONSTER,minecraft:enderman,5,1,4
1995,savanna,minecraft:savanna,MONSTER,minecraft:witch,5,1,1
1996,savanna,minecraft:savanna,MONSTER,cataclysm:koboleton,15,2,3
1997,savanna,minecraft:savanna,MONSTER,irons_spellbooks:necromancer,18,1,1
1998,savanna,minecraft:savanna,CREATURE,minecraft:sheep,12,4,4
1999,savanna,minecraft:savanna,CREATURE,minecraft:pig,10,4,4
2000,savanna,minecraft:savanna,CREATURE,minecraft:chicken,10,4,4
2001,savanna,minecraft:savanna,CREATURE,minecraft:cow,8,4,4
2002,savanna,minecraft:savanna,CREATURE,minecraft:horse,5,2,6
2003,savanna,minecraft:savanna,CREATURE,minecraft:donkey,5,1,1
2004,savanna,minecraft:savanna,CREATURE,minecraft:armadillo,10,2,3
2005,savanna,minecraft:savanna,CREATURE,ars_nouveau:drygmy,5,1,2
2006,savanna,minecraft:savanna,CREATURE,ars_nouveau:gift_starby,5,1,1
2007,savanna,minecraft:savanna,CREATURE,ars_nouveau:starbuncle,5,1,2
2008,savanna,minecraft:savanna,CREATURE,ars_nouveau:whirlisprig,5,1,2
2009,savanna,minecraft:savanna,AMBIENT,minecraft:bat,10,8,8
2010,savanna,minecraft:savanna,UNDERGROUND_WATER_CREATURE,minecraft:glow_squid,10,4,6
2011,private,minecraft:savanna_plateau,MONSTER,minecraft:spider,50,4,4
2012,private,minecraft:savanna_plateau,MONSTER,minecraft:zombie,50,4,4
2013,private,minecraft:savanna_plateau,MONSTER,minecraft:zombie_villager,5,1,1
2014,private,minecraft:savanna_plateau,MONSTER,minecraft:skeleton,50,4,4
2015,private,minecraft:savanna_plateau,MONSTER,minecraft:creeper,50,4,4
2016,private,minecraft:savanna_plateau,MONSTER,minecraft:slime,50,4,4
2017,private,minecraft:savanna_plateau,MONSTER,minecraft:enderman,5,1,4
2018,private,minecraft:savanna_plateau,MONSTER,minecraft:witch,5,1,1
2019,private,minecraft:savanna_plateau,MONSTER,cataclysm:koboleton,15,2,3
2020,private,minecraft:savanna_plateau,MONSTER,irons_spellbooks:necromancer,18,1,1
2021,private,minecraft:savanna_plateau,CREATURE,minecraft:sheep,12,4,4
2022,private,minecraft:savanna_plateau,CREATURE,minecraft:pig,10,4,4
2023,private,minecraft:savanna_plateau,CREATURE,minecraft:chicken,10,4,4
2024,private,minecraft:savanna_plateau,CREATURE,minecraft:cow,8,4,4
2025,private,minecraft:savanna_plateau,CREATURE,minecraft:horse,5,2,6
2026,private,minecraft:savanna_plateau,CREATURE,minecraft:donkey,5,1,1
2027,private,minecraft:savanna_plateau,CREATURE,minecraft:armadillo,10,2,3
2028,private,minecraft:savanna_plateau,CREATURE,minecraft:llama,8,4,4
2029,private,minecraft:savanna_plateau,CREATURE,minecraft:wolf,8,4,8
2030,private,minecraft:savanna_plateau,CREATURE,ars_nouveau:drygmy,5,1,2
2031,private,minecraft:savanna_plateau,CREATURE,ars_nouveau:gift_starby,5,1,1
2032,private,minecraft:savanna_plateau,CREATURE,ars_nouveau:starbuncle,5,1,2
2033,private,minecraft:savanna_plateau,CREATURE,ars_nouveau:whirlisprig,5,1,2
2034,private,minecraft:savanna_plateau,AMBIENT,minecraft:bat,10,8,8
2035,private,minecraft:savanna_plateau,UNDERGROUND_WATER_CREATURE,minecraft:glow_squid,10,4,6
2036,private,biomeswevegone:shattered_glacier,MONSTER,minecraft:spider,50,4,4
2037,private,biomeswevegone:shattered_glacier,MONSTER,minecraft:zombie,50,4,4
2038,private,biomeswevegone:shattered_glacier,MONSTER,minecraft:zombie_villager,5,1,1
2039,private,biomeswevegone:shattered_glacier,MONSTER,minecraft:skeleton,50,4,4
2040,private,biomeswevegone:shattered_glacier,MONSTER,minecraft:creeper,50,4,4
2041,private,biomeswevegone:shattered_glacier,MONSTER,minecraft:slime,50,4,4
2042,private,biomeswevegone:shattered_glacier,MONSTER,minecraft:enderman,5,1,4
2043,private,biomeswevegone:shattered_glacier,MONSTER,minecraft:witch,5,1,1
2044,private,biomeswevegone:shattered_glacier,MONSTER,minecraft:stray,50,4,4
2045,private,biomeswevegone:shattered_glacier,MONSTER,irons_spellbooks:necromancer,18,1,1
2046,private,biomeswevegone:shattered_glacier,MONSTER,alshanex_familiars:frostling_pet,5,1,1
2047,private,biomeswevegone:shattered_glacier,MONSTER,alshanex_familiars:mage_pet,5,1,1
2048,private,biomeswevegone:shattered_glacier,CREATURE,ars_nouveau:drygmy,5,1,2
2049,private,biomeswevegone:shattered_glacier,CREATURE,ars_nouveau:gift_starby,5,1,1
2050,private,biomeswevegone:shattered_glacier,CREATURE,ars_nouveau:starbuncle,5,1,2
2051,private,biomeswevegone:shattered_glacier,CREATURE,ars_nouveau:whirlisprig,5,1,2
2052,private,biomeswevegone:shattered_glacier,AMBIENT,minecraft:bat,10,8,8
2053,private,biomeswevegone:shattered_glacier,UNDERGROUND_WATER_CREATURE,minecraft:glow_squid,10,4,6
2054,badlands,biomeswevegone:sierra_badlands,MONSTER,minecraft:spider,50,4,4
2055,badlands,biomeswevegone:sierra_badlands,MONSTER,minecraft:husk,50,4,4
2056,badlands,biomeswevegone:sierra_badlands,MONSTER,minecraft:zombie_villager,5,1,1
2057,badlands,biomeswevegone:sierra_badlands,MONSTER,minecraft:skeleton,50,4,4
2058,badlands,biomeswevegone:sierra_badlands,MONSTER,minecraft:creeper,50,4,4
2059,badlands,biomeswevegone:sierra_badlands,MONSTER,minecraft:slime,50,4,4
2035,badlands,biomeswevegone:sierra_badlands,MONSTER,minecraft:enderman,5,1,4
2061,badlands,biomeswevegone:sierra_badlands,MONSTER,minecraft:witch,5,1,1
2062,badlands,biomeswevegone:sierra_badlands,MONSTER,cataclysm:koboleton,15,2,3
2063,badlands,biomeswevegone:sierra_badlands,MONSTER,irons_spellbooks:necromancer,18,1,1
2064,badlands,biomeswevegone:sierra_badlands,CREATURE,minecraft:rabbit,5,2,3
2030,badlands,biomeswevegone:sierra_badlands,CREATURE,ars_nouveau:drygmy,5,1,2
2066,badlands,biomeswevegone:sierra_badlands,CREATURE,ars_nouveau:gift_starby,5,1,1
2067,badlands,biomeswevegone:sierra_badlands,CREATURE,ars_nouveau:starbuncle,5,1,2
2068,badlands,biomeswevegone:sierra_badlands,CREATURE,ars_nouveau:whirlisprig,5,1,2
2069,badlands,biomeswevegone:sierra_badlands,AMBIENT,minecraft:bat,10,8,8
2035,forest,biomeswevegone:skyrise_vale,MONSTER,minecraft:spider,50,4,4
2071,forest,biomeswevegone:skyrise_vale,MONSTER,minecraft:skeleton,50,4,4
2072,forest,biomeswevegone:skyrise_vale,MONSTER,minecraft:slime,50,4,4
2073,forest,biomeswevegone:skyrise_vale,MONSTER,minecraft:enderman,5,1,4
2074,forest,biomeswevegone:skyrise_vale,MONSTER,minecraft:witch,5,1,1
2025,forest,biomeswevegone:skyrise_vale,MONSTER,irons_spellbooks:necromancer,18,1,1
2076,forest,biomeswevegone:skyrise_vale,MONSTER,alshanex_familiars:druid_pet,5,1,1
2077,forest,biomeswevegone:skyrise_vale,MONSTER,alshanex_familiars:hunter_pet,5,2,3
2078,forest,biomeswevegone:skyrise_vale,CREATURE,minecraft:sheep,12,4,4
2079,forest,biomeswevegone:skyrise_vale,CREATURE,minecraft:pig,10,4,4
2050,forest,biomeswevegone:skyrise_vale,CREATURE,minecraft:chicken,10,4,4
2081,forest,biomeswevegone:skyrise_vale,CREATURE,minecraft:cow,8,4,4
2082,forest,biomeswevegone:skyrise_vale,CREATURE,minecraft:rabbit,5,2,3
2083,forest,biomeswevegone:skyrise_vale,CREATURE,minecraft:fox,8,2,4
2084,forest,biomeswevegone:skyrise_vale,CREATURE,ars_nouveau:drygmy,5,1,2
2025,forest,biomeswevegone:skyrise_vale,CREATURE,ars_nouveau:gift_starby,5,1,1
2086,forest,biomeswevegone:skyrise_vale,CREATURE,ars_nouveau:starbuncle,5,1,2
2087,forest,biomeswevegone:skyrise_vale,CREATURE,ars_nouveau:whirlisprig,5,1,2
2088,forest,biomeswevegone:skyrise_vale,AMBIENT,minecraft:bat,10,8,8
2089,private,minecraft:small_end_islands,MONSTER,minecraft:enderman,5,4,4
2035,beach,minecraft:snowy_beach,MONSTER,minecraft:spider,50,4,4
2091,beach,minecraft:snowy_beach,MONSTER,minecraft:zombie,50,4,4
2092,beach,minecraft:snowy_beach,MONSTER,minecraft:zombie_villager,5,1,1
2093,beach,minecraft:snowy_beach,MONSTER,minecraft:skeleton,50,4,4
2094,beach,minecraft:snowy_beach,MONSTER,minecraft:creeper,50,4,4
2095,beach,minecraft:snowy_beach,MONSTER,minecraft:slime,50,4,4
2096,beach,minecraft:snowy_beach,MONSTER,minecraft:enderman,5,1,4
2097,beach,minecraft:snowy_beach,MONSTER,minecraft:witch,5,1,1
2098,beach,minecraft:snowy_beach,MONSTER,irons_spellbooks:necromancer,18,1,1
2099,beach,minecraft:snowy_beach,MONSTER,knightquest:eldbomb,25,1,1
2100,beach,minecraft:snowy_beach,MONSTER,knightquest:eldknight,20,1,1
2101,beach,minecraft:snowy_beach,MONSTER,alshanex_familiars:frostling_pet,5,1,1
2102,beach,minecraft:snowy_beach,CREATURE,ars_nouveau:alakarkinos,5,1,1
2103,beach,minecraft:snowy_beach,CREATURE,ars_nouveau:drygmy,5,1,2
2104,beach,minecraft:snowy_beach,CREATURE,ars_nouveau:gift_starby,5,1,1
2105,beach,minecraft:snowy_beach,CREATURE,ars_nouveau:starbuncle,5,1,2
2106,beach,minecraft:snowy_beach,CREATURE,ars_nouveau:whirlisprig,5,1,2
2107,beach,minecraft:snowy_beach,AMBIENT,minecraft:bat,10,8,8
2108,beach,minecraft:snowy_beach,UNDERGROUND_WATER_CREATURE,minecraft:glow_squid,10,4,6
2109,icy,minecraft:snowy_plains,MONSTER,minecraft:spider,50,4,4
2110,icy,minecraft:snowy_plains,MONSTER,minecraft:zombie,50,4,4
2111,icy,minecraft:snowy_plains,MONSTER,minecraft:zombie_villager,5,1,1
2112,icy,minecraft:snowy_plains,MONSTER,minecraft:skeleton,20,4,4
2113,icy,minecraft:snowy_plains,MONSTER,minecraft:creeper,50,4,4
2114,icy,minecraft:snowy_plains,MONSTER,minecraft:slime,50,4,4
2115,icy,minecraft:snowy_plains,MONSTER,minecraft:enderman,5,1,4
2116,icy,minecraft:snowy_plains,MONSTER,minecraft:witch,5,1,1
2117,icy,minecraft:snowy_plains,MONSTER,minecraft:stray,50,4,4
2118,icy,minecraft:snowy_plains,MONSTER,irons_spellbooks:necromancer,18,1,1
2119,icy,minecraft:snowy_plains,MONSTER,knightquest:eldbomb,25,1,1
2120,icy,minecraft:snowy_plains,MONSTER,knightquest:eldknight,20,1,1
2121,icy,minecraft:snowy_plains,MONSTER,alshanex_familiars:frostling_pet,5,1,1
2122,icy,minecraft:snowy_plains,CREATURE,minecraft:rabbit,10,2,3
2123,icy,minecraft:snowy_plains,CREATURE,minecraft:polar_bear,5,1,2
2124,icy,minecraft:snowy_plains,CREATURE,ars_nouveau:drygmy,5,1,2
2125,icy,minecraft:snowy_plains,CREATURE,ars_nouveau:gift_starby,5,1,1
2126,icy,minecraft:snowy_plains,CREATURE,ars_nouveau:starbuncle,5,1,2
2127,icy,minecraft:snowy_plains,CREATURE,ars_nouveau:whirlisprig,5,1,2
2128,icy,minecraft:snowy_plains,AMBIENT,minecraft:bat,10,8,8
2129,icy,minecraft:snowy_plains,UNDERGROUND_WATER_CREATURE,minecraft:glow_squid,10,4,6
2130,icy,minecraft:snowy_slopes,MONSTER,minecraft:spider,50,4,4
2131,icy,minecraft:snowy_slopes,MONSTER,minecraft:zombie,50,4,4
2132,icy,minecraft:snowy_slopes,MONSTER,minecraft:zombie_villager,5,1,1
2133,icy,minecraft:snowy_slopes,MONSTER,minecraft:skeleton,50,4,4
2134,icy,minecraft:snowy_slopes,MONSTER,minecraft:creeper,50,4,4
2135,icy,minecraft:snowy_slopes,MONSTER,minecraft:slime,50,4,4
2136,icy,minecraft:snowy_slopes,MONSTER,minecraft:enderman,5,1,4
2137,icy,minecraft:snowy_slopes,MONSTER,minecraft:witch,5,1,1
2138,icy,minecraft:snowy_slopes,MONSTER,irons_spellbooks:necromancer,18,1,1
2139,icy,minecraft:snowy_slopes,MONSTER,knightquest:eldbomb,25,1,1
2140,icy,minecraft:snowy_slopes,MONSTER,knightquest:eldknight,20,1,1
2141,icy,minecraft:snowy_slopes,MONSTER,alshanex_familiars:frostling_pet,5,1,1
2142,icy,minecraft:snowy_slopes,MONSTER,alshanex_familiars:mage_pet,5,1,1
2143,icy,minecraft:snowy_slopes,CREATURE,minecraft:rabbit,5,2,3
2144,icy,minecraft:snowy_slopes,CREATURE,minecraft:goat,5,1,3
2145,icy,minecraft:snowy_slopes,CREATURE,ars_nouveau:drygmy,5,1,2
2146,icy,minecraft:snowy_slopes,CREATURE,ars_nouveau:gift_starby,5,1,1
2147,icy,minecraft:snowy_slopes,CREATURE,ars_nouveau:starbuncle,5,1,2
2148,icy,minecraft:snowy_slopes,CREATURE,ars_nouveau:whirlisprig,5,1,2
2149,icy,minecraft:snowy_slopes,AMBIENT,minecraft:bat,10,8,8
2150,icy,minecraft:snowy_slopes,UNDERGROUND_WATER_CREATURE,minecraft:glow_squid,10,4,6
2151,icy,minecraft:snowy_taiga,MONSTER,minecraft:spider,50,4,4
2152,icy,minecraft:snowy_taiga,MONSTER,minecraft:zombie,50,4,4
2153,icy,minecraft:snowy_taiga,MONSTER,minecraft:zombie_villager,5,1,1
2154,icy,minecraft:snowy_taiga,MONSTER,minecraft:skeleton,50,4,4
2155,icy,minecraft:snowy_taiga,MONSTER,minecraft:creeper,50,4,4
2156,icy,minecraft:snowy_taiga,MONSTER,minecraft:slime,50,4,4
2157,icy,minecraft:snowy_taiga,MONSTER,minecraft:enderman,5,1,4
2158,icy,minecraft:snowy_taiga,MONSTER,minecraft:witch,5,1,1
2159,icy,minecraft:snowy_taiga,MONSTER,irons_spellbooks:necromancer,18,1,1
2135,icy,minecraft:snowy_taiga,MONSTER,knightquest:eldbomb,25,1,1
2161,icy,minecraft:snowy_taiga,MONSTER,knightquest:eldknight,20,1,1
2162,icy,minecraft:snowy_taiga,MONSTER,alshanex_familiars:frostling_pet,5,1,1
2163,icy,minecraft:snowy_taiga,MONSTER,alshanex_familiars:hunter_pet,5,2,3
2164,icy,minecraft:snowy_taiga,CREATURE,minecraft:sheep,12,4,4
2130,icy,minecraft:snowy_taiga,CREATURE,minecraft:pig,10,4,4
2166,icy,minecraft:snowy_taiga,CREATURE,minecraft:chicken,10,4,4
2167,icy,minecraft:snowy_taiga,CREATURE,minecraft:cow,8,4,4
2168,icy,minecraft:snowy_taiga,CREATURE,minecraft:wolf,8,4,4
2169,icy,minecraft:snowy_taiga,CREATURE,minecraft:rabbit,5,2,3
2135,icy,minecraft:snowy_taiga,CREATURE,minecraft:fox,8,2,4
2171,icy,minecraft:snowy_taiga,CREATURE,ars_nouveau:drygmy,5,1,2
2172,icy,minecraft:snowy_taiga,CREATURE,ars_nouveau:gift_starby,5,1,1
2173,icy,minecraft:snowy_taiga,CREATURE,ars_nouveau:starbuncle,5,1,2
2174,icy,minecraft:snowy_taiga,CREATURE,ars_nouveau:whirlisprig,5,1,2
2125,icy,minecraft:snowy_taiga,AMBIENT,minecraft:bat,10,8,8
2176,icy,minecraft:snowy_taiga,UNDERGROUND_WATER_CREATURE,minecraft:glow_squid,10,4,6
2177,nether,minecraft:soul_sand_valley,MONSTER,minecraft:skeleton,20,5,5
2178,nether,minecraft:soul_sand_valley,MONSTER,minecraft:ghast,50,4,4
2179,nether,minecraft:soul_sand_valley,MONSTER,minecraft:enderman,5,4,4
2150,nether,minecraft:soul_sand_valley,MONSTER,knightquest:gremlin,10,1,1
2181,nether,minecraft:soul_sand_valley,MONSTER,minecraft:zombified_piglin,5,1,4
2182,nether,minecraft:soul_sand_valley,CREATURE,minecraft:strider,35,1,2
2183,nether,minecraft:soul_sand_valley,WATER_AMBIENT,netherdepthsupgrade:bonefish,8,1,5
2184,nether,minecraft:soul_sand_valley,WATER_AMBIENT,netherdepthsupgrade:fortressgrouper,5,1,2
2125,nether,minecraft:soul_sand_valley,WATER_AMBIENT,netherdepthsupgrade:glowdine,8,4,6
2186,nether,minecraft:soul_sand_valley,WATER_AMBIENT,netherdepthsupgrade:searing_cod,10,3,6
2187,nether,minecraft:soul_sand_valley,WATER_AMBIENT,netherdepthsupgrade:soulsucker,10,1,2
2188,nether,minecraft:soul_sand_valley,WATER_AMBIENT,netherdepthsupgrade:wither_bonefish,5,1,3
2189,nether,gardens_of_the_dead:soulblight_forest,MONSTER,minecraft:skeleton,5,5,5
2135,nether,gardens_of_the_dead:soulblight_forest,MONSTER,minecraft:enderman,5,4,4
2191,nether,gardens_of_the_dead:soulblight_forest,MONSTER,minecraft:zombified_piglin,5,2,4
2192,nether,gardens_of_the_dead:soulblight_forest,MONSTER,minecraft:hoglin,21,3,4
2193,nether,gardens_of_the_dead:soulblight_forest,MONSTER,minecraft:piglin,10,3,4
2194,nether,gardens_of_the_dead:soulblight_forest,MONSTER,alshanex_familiars:scorcher_pet,5,1,1
2195,nether,gardens_of_the_dead:soulblight_forest,MONSTER,minecraft:ghast,3,4,4
2196,nether,gardens_of_the_dead:soulblight_forest,CREATURE,minecraft:strider,35,1,2
2197,nether,gardens_of_the_dead:soulblight_forest,WATER_AMBIENT,netherdepthsupgrade:bonefish,8,1,5
2198,nether,gardens_of_the_dead:soulblight_forest,WATER_AMBIENT,netherdepthsupgrade:fortressgrouper,5,1,2
2199,nether,gardens_of_the_dead:soulblight_forest,WATER_AMBIENT,netherdepthsupgrade:searing_cod,10,3,6
2200,nether,gardens_of_the_dead:soulblight_forest,WATER_AMBIENT,netherdepthsupgrade:soulsucker,10,1,2
2201,jungle,minecraft:sparse_jungle,MONSTER,minecraft:spider,50,4,4
2202,jungle,minecraft:sparse_jungle,MONSTER,minecraft:zombie,50,4,4
2203,jungle,minecraft:sparse_jungle,MONSTER,minecraft:zombie_villager,5,1,1
2204,jungle,minecraft:sparse_jungle,MONSTER,minecraft:skeleton,50,4,4
2205,jungle,minecraft:sparse_jungle,MONSTER,minecraft:creeper,50,4,4
2206,jungle,minecraft:sparse_jungle,MONSTER,minecraft:slime,50,4,4
2207,jungle,minecraft:sparse_jungle,MONSTER,minecraft:enderman,5,1,4
2208,jungle,minecraft:sparse_jungle,MONSTER,minecraft:witch,5,1,1
2209,jungle,minecraft:sparse_jungle,MONSTER,irons_spellbooks:necromancer,18,1,1
2210,jungle,minecraft:sparse_jungle,MONSTER,alshanex_familiars:hunter_pet,5,2,3
2211,jungle,minecraft:sparse_jungle,MONSTER,knightquest:swampman,15,1,1
2212,jungle,minecraft:sparse_jungle,CREATURE,minecraft:sheep,12,4,4
2213,jungle,minecraft:sparse_jungle,CREATURE,minecraft:pig,10,4,4
2214,jungle,minecraft:sparse_jungle,CREATURE,minecraft:chicken,10,4,4
2215,jungle,minecraft:sparse_jungle,CREATURE,minecraft:cow,8,4,4
2216,jungle,minecraft:sparse_jungle,CREATURE,minecraft:chicken,10,4,4
2217,jungle,minecraft:sparse_jungle,CREATURE,minecraft:wolf,8,2,4
2218,jungle,minecraft:sparse_jungle,CREATURE,ars_nouveau:drygmy,5,1,2
2219,jungle,minecraft:sparse_jungle,CREATURE,ars_nouveau:gift_starby,5,1,1
2220,jungle,minecraft:sparse_jungle,CREATURE,ars_nouveau:starbuncle,5,1,2
2221,jungle,minecraft:sparse_jungle,CREATURE,ars_nouveau:whirlisprig,5,1,2
2222,jungle,minecraft:sparse_jungle,AMBIENT,minecraft:bat,10,8,8
2223,jungle,minecraft:sparse_jungle,UNDERGROUND_WATER_CREATURE,minecraft:glow_squid,10,4,6
2224,extreme_hills,minecraft:stony_peaks,MONSTER,minecraft:spider,50,4,4
2225,extreme_hills,minecraft:stony_peaks,MONSTER,minecraft:zombie,50,4,4
2226,extreme_hills,minecraft:stony_peaks,MONSTER,minecraft:zombie_villager,5,1,1
2227,extreme_hills,minecraft:stony_peaks,MONSTER,minecraft:skeleton,50,4,4
2228,extreme_hills,minecraft:stony_peaks,MONSTER,minecraft:creeper,50,4,4
2229,extreme_hills,minecraft:stony_peaks,MONSTER,minecraft:slime,50,4,4
2230,extreme_hills,minecraft:stony_peaks,MONSTER,minecraft:enderman,5,1,4
2231,extreme_hills,minecraft:stony_peaks,MONSTER,minecraft:witch,5,1,1
2232,extreme_hills,minecraft:stony_peaks,MONSTER,irons_spellbooks:necromancer,18,1,1
2233,extreme_hills,minecraft:stony_peaks,MONSTER,alshanex_familiars:mage_pet,5,1,1
2234,extreme_hills,minecraft:stony_peaks,CREATURE,ars_nouveau:drygmy,5,1,2
2235,extreme_hills,minecraft:stony_peaks,CREATURE,ars_nouveau:gift_starby,5,1,1
2236,extreme_hills,minecraft:stony_peaks,CREATURE,ars_nouveau:starbuncle,5,1,2
2237,extreme_hills,minecraft:stony_peaks,CREATURE,ars_nouveau:whirlisprig,5,1,2
2238,extreme_hills,minecraft:stony_peaks,AMBIENT,minecraft:bat,10,8,8
2239,extreme_hills,minecraft:stony_peaks,UNDERGROUND_WATER_CREATURE,minecraft:glow_squid,10,4,6
2240,private,minecraft:stony_shore,MONSTER,minecraft:spider,50,4,4
2241,private,minecraft:stony_shore,MONSTER,minecraft:zombie,50,4,4
2242,private,minecraft:stony_shore,MONSTER,minecraft:zombie_villager,5,1,1
2243,private,minecraft:stony_shore,MONSTER,minecraft:skeleton,50,4,4
2244,private,minecraft:stony_shore,MONSTER,minecraft:creeper,50,4,4
2245,private,minecraft:stony_shore,MONSTER,minecraft:slime,50,4,4
2246,private,minecraft:stony_shore,MONSTER,minecraft:enderman,5,1,4
2247,private,minecraft:stony_shore,MONSTER,minecraft:witch,5,1,1
2248,private,minecraft:stony_shore,MONSTER,irons_spellbooks:necromancer,18,1,1
2249,private,minecraft:stony_shore,CREATURE,ars_nouveau:drygmy,5,1,2
2250,private,minecraft:stony_shore,CREATURE,ars_nouveau:gift_starby,5,1,1
2251,private,minecraft:stony_shore,CREATURE,ars_nouveau:starbuncle,5,1,2
2252,private,minecraft:stony_shore,CREATURE,ars_nouveau:whirlisprig,5,1,2
2253,private,minecraft:stony_shore,AMBIENT,minecraft:bat,10,8,8
2254,private,minecraft:stony_shore,UNDERGROUND_WATER_CREATURE,minecraft:glow_squid,10,4,6
2255,private,minecraft:sunflower_plains,MONSTER,minecraft:spider,50,4,4
2256,private,minecraft:sunflower_plains,MONSTER,minecraft:zombie,50,4,4
2257,private,minecraft:sunflower_plains,MONSTER,minecraft:zombie_villager,5,1,1
2258,private,minecraft:sunflower_plains,MONSTER,minecraft:skeleton,50,4,4
2259,private,minecraft:sunflower_plains,MONSTER,minecraft:creeper,50,4,4
2235,private,minecraft:sunflower_plains,MONSTER,minecraft:slime,50,4,4
2261,private,minecraft:sunflower_plains,MONSTER,minecraft:enderman,5,1,4
2262,private,minecraft:sunflower_plains,MONSTER,minecraft:witch,5,1,1
2263,private,minecraft:sunflower_plains,MONSTER,irons_spellbooks:necromancer,18,1,1
2264,private,minecraft:sunflower_plains,CREATURE,minecraft:sheep,12,4,4
2230,private,minecraft:sunflower_plains,CREATURE,minecraft:pig,10,4,4
2266,private,minecraft:sunflower_plains,CREATURE,minecraft:chicken,10,4,4
2267,private,minecraft:sunflower_plains,CREATURE,minecraft:cow,8,4,4
2268,private,minecraft:sunflower_plains,CREATURE,minecraft:horse,5,2,6
2269,private,minecraft:sunflower_plains,CREATURE,minecraft:donkey,5,1,3
2235,private,minecraft:sunflower_plains,CREATURE,ars_nouveau:drygmy,5,1,2
2271,private,minecraft:sunflower_plains,CREATURE,ars_nouveau:gift_starby,5,1,1
2272,private,minecraft:sunflower_plains,CREATURE,ars_nouveau:starbuncle,5,1,2
2273,private,minecraft:sunflower_plains,CREATURE,ars_nouveau:whirlisprig,5,1,2
2274,private,minecraft:sunflower_plains,AMBIENT,minecraft:bat,10,8,8
2225,private,minecraft:sunflower_plains,UNDERGROUND_WATER_CREATURE,minecraft:glow_squid,10,4,6
2276,swamp,minecraft:swamp,MONSTER,minecraft:spider,50,4,4
2277,swamp,minecraft:swamp,MONSTER,minecraft:zombie,50,4,4
2278,swamp,minecraft:swamp,MONSTER,minecraft:zombie_villager,5,1,1
2279,swamp,minecraft:swamp,MONSTER,minecraft:skeleton,35,4,4
2250,swamp,minecraft:swamp,MONSTER,minecraft:creeper,50,4,4
2281,swamp,minecraft:swamp,MONSTER,minecraft:slime,50,4,4
2282,swamp,minecraft:swamp,MONSTER,minecraft:enderman,5,1,4
2283,swamp,minecraft:swamp,MONSTER,minecraft:witch,5,1,1
2284,swamp,minecraft:swamp,MONSTER,minecraft:slime,5,1,1
2225,swamp,minecraft:swamp,MONSTER,minecraft:bogged,30,4,4
2286,swamp,minecraft:swamp,MONSTER,irons_spellbooks:necromancer,18,1,1
2287,swamp,minecraft:swamp,MONSTER,wetland_whimsy:swamp_spider,25,1,2
2288,swamp,minecraft:swamp,CREATURE,minecraft:sheep,12,4,4
2289,swamp,minecraft:swamp,CREATURE,minecraft:pig,10,4,4
2235,swamp,minecraft:swamp,CREATURE,minecraft:chicken,10,4,4
2291,swamp,minecraft:swamp,CREATURE,minecraft:cow,8,4,4
2292,swamp,minecraft:swamp,CREATURE,minecraft:frog,10,2,5
2293,swamp,minecraft:swamp,CREATURE,ars_nouveau:drygmy,5,1,2
2294,swamp,minecraft:swamp,CREATURE,ars_nouveau:gift_starby,5,1,1
2295,swamp,minecraft:swamp,CREATURE,ars_nouveau:starbuncle,5,1,2
2296,swamp,minecraft:swamp,CREATURE,ars_nouveau:whirlisprig,5,1,2
2297,swamp,minecraft:swamp,AMBIENT,minecraft:bat,10,8,8
2298,swamp,minecraft:swamp,UNDERGROUND_WATER_CREATURE,minecraft:glow_squid,10,4,6
2299,taiga,minecraft:taiga,MONSTER,minecraft:spider,50,4,4
2300,taiga,minecraft:taiga,MONSTER,minecraft:zombie,50,4,4
2301,taiga,minecraft:taiga,MONSTER,minecraft:zombie_villager,5,1,1
2302,taiga,minecraft:taiga,MONSTER,minecraft:skeleton,50,4,4
2303,taiga,minecraft:taiga,MONSTER,minecraft:creeper,50,4,4
2304,taiga,minecraft:taiga,MONSTER,minecraft:slime,50,4,4
2305,taiga,minecraft:taiga,MONSTER,minecraft:enderman,5,1,4
2306,taiga,minecraft:taiga,MONSTER,minecraft:witch,5,1,1
2307,taiga,minecraft:taiga,MONSTER,irons_spellbooks:necromancer,18,1,1
2308,taiga,minecraft:taiga,MONSTER,knightquest:eldbomb,25,1,1
2309,taiga,minecraft:taiga,MONSTER,knightquest:eldknight,20,1,1
2310,taiga,minecraft:taiga,MONSTER,knightquest:fallen_knight,5,1,1
2311,taiga,minecraft:taiga,MONSTER,knightquest:ghosty,18,1,1
2312,taiga,minecraft:taiga,MONSTER,alshanex_familiars:hunter_pet,5,2,3
2313,taiga,minecraft:taiga,CREATURE,minecraft:sheep,12,4,4
2314,taiga,minecraft:taiga,CREATURE,minecraft:pig,10,4,4
2315,taiga,minecraft:taiga,CREATURE,minecraft:chicken,10,4,4
2316,taiga,minecraft:taiga,CREATURE,minecraft:cow,8,4,4
2317,taiga,minecraft:taiga,CREATURE,minecraft:wolf,8,4,4
2318,taiga,minecraft:taiga,CREATURE,minecraft:rabbit,5,2,3
2319,taiga,minecraft:taiga,CREATURE,minecraft:fox,8,2,4
2320,taiga,minecraft:taiga,CREATURE,ars_nouveau:drygmy,5,1,2
2321,taiga,minecraft:taiga,CREATURE,ars_nouveau:gift_starby,5,1,1
2322,taiga,minecraft:taiga,CREATURE,ars_nouveau:starbuncle,5,1,2
2323,taiga,minecraft:taiga,CREATURE,ars_nouveau:whirlisprig,5,1,2
2324,taiga,minecraft:taiga,AMBIENT,minecraft:bat,10,8,8
2325,taiga,minecraft:taiga,AMBIENT,knightquest:lizzy,7,1,1
2326,taiga,minecraft:taiga,UNDERGROUND_WATER_CREATURE,minecraft:glow_squid,10,4,6
2327,plains,biomeswevegone:temperate_grove,MONSTER,minecraft:spider,50,4,4
2328,plains,biomeswevegone:temperate_grove,MONSTER,minecraft:zombie,50,4,4
2329,plains,biomeswevegone:temperate_grove,MONSTER,minecraft:zombie_villager,5,1,1
2330,plains,biomeswevegone:temperate_grove,MONSTER,minecraft:skeleton,50,4,4
2331,plains,biomeswevegone:temperate_grove,MONSTER,minecraft:creeper,50,4,4
2332,plains,biomeswevegone:temperate_grove,MONSTER,minecraft:slime,50,4,4
2333,plains,biomeswevegone:temperate_grove,MONSTER,minecraft:enderman,5,1,4
2334,plains,biomeswevegone:temperate_grove,MONSTER,minecraft:witch,5,1,1
2335,plains,biomeswevegone:temperate_grove,MONSTER,irons_spellbooks:necromancer,18,1,1
2336,plains,biomeswevegone:temperate_grove,CREATURE,minecraft:sheep,12,4,4
2337,plains,biomeswevegone:temperate_grove,CREATURE,minecraft:pig,10,4,4
2338,plains,biomeswevegone:temperate_grove,CREATURE,minecraft:chicken,10,4,4
2339,plains,biomeswevegone:temperate_grove,CREATURE,minecraft:cow,8,4,4
2340,plains,biomeswevegone:temperate_grove,CREATURE,ars_nouveau:drygmy,5,1,2
2341,plains,biomeswevegone:temperate_grove,CREATURE,ars_nouveau:gift_starby,5,1,1
2342,plains,biomeswevegone:temperate_grove,CREATURE,ars_nouveau:starbuncle,5,1,2
2343,plains,biomeswevegone:temperate_grove,CREATURE,ars_nouveau:whirlisprig,5,1,2
2344,plains,biomeswevegone:temperate_grove,AMBIENT,minecraft:bat,10,8,8
2345,private,minecraft:the_end,MONSTER,minecraft:enderman,5,4,4
2346,private,stellarity:the_hallow,MONSTER,minecraft:vex,20,1,2
2347,private,far_end:the_nest,MONSTER,minecraft:skeleton,35,4,4
2348,private,far_end:the_nest,MONSTER,minecraft:enderman,5,4,4
2349,private,far_end:the_nest,MONSTER,minecraft:silverfish,30,3,3
2350,private,stellarity:the_nest,MONSTER,minecraft:enderman,5,4,4
2351,private,stellarity:the_void,MONSTER,minecraft:enderman,5,4,4
2352,jungle,biomeswevegone:tropical_rainforest,MONSTER,minecraft:spider,50,4,4
2353,jungle,biomeswevegone:tropical_rainforest,MONSTER,minecraft:zombie,50,4,4
2354,jungle,biomeswevegone:tropical_rainforest,MONSTER,minecraft:zombie_villager,5,1,1
2355,jungle,biomeswevegone:tropical_rainforest,MONSTER,minecraft:skeleton,50,4,4
2356,jungle,biomeswevegone:tropical_rainforest,MONSTER,minecraft:creeper,50,4,4
2357,jungle,biomeswevegone:tropical_rainforest,MONSTER,minecraft:slime,50,4,4
2358,jungle,biomeswevegone:tropical_rainforest,MONSTER,minecraft:enderman,5,1,4
2359,jungle,biomeswevegone:tropical_rainforest,MONSTER,minecraft:witch,5,1,1
2335,jungle,biomeswevegone:tropical_rainforest,MONSTER,irons_spellbooks:necromancer,18,1,1
2361,jungle,biomeswevegone:tropical_rainforest,MONSTER,alshanex_familiars:hunter_pet,5,2,3
2362,jungle,biomeswevegone:tropical_rainforest,CREATURE,minecraft:sheep,12,4,4
2363,jungle,biomeswevegone:tropical_rainforest,CREATURE,minecraft:pig,10,4,4
2364,jungle,biomeswevegone:tropical_rainforest,CREATURE,minecraft:chicken,10,4,4
2330,jungle,biomeswevegone:tropical_rainforest,CREATURE,minecraft:cow,8,4,4
2366,jungle,biomeswevegone:tropical_rainforest,CREATURE,minecraft:chicken,10,4,4
2367,jungle,biomeswevegone:tropical_rainforest,CREATURE,minecraft:parrot,10,1,2
2368,jungle,biomeswevegone:tropical_rainforest,CREATURE,minecraft:ocelot,5,1,1
2369,jungle,biomeswevegone:tropical_rainforest,CREATURE,ars_nouveau:drygmy,5,1,2
2335,jungle,biomeswevegone:tropical_rainforest,CREATURE,ars_nouveau:gift_starby,5,1,1
2371,jungle,biomeswevegone:tropical_rainforest,CREATURE,ars_nouveau:starbuncle,5,1,2
2372,jungle,biomeswevegone:tropical_rainforest,CREATURE,ars_nouveau:whirlisprig,5,1,2
2373,jungle,biomeswevegone:tropical_rainforest,AMBIENT,minecraft:bat,10,8,8
2374,jungle,biomeswevegone:tropical_rainforest,AMBIENT,minecraft:bat,10,8,8
2325,jungle,biomeswevegone:tropical_rainforest,UNDERGROUND_WATER_CREATURE,minecraft:glow_squid,10,4,6
2376,private,far_end:void,MONSTER,minecraft:enderman,5,4,4
2377,ocean,minecraft:warm_ocean,MONSTER,minecraft:drowned,5,1,1
2378,ocean,minecraft:warm_ocean,MONSTER,minecraft:spider,50,4,4
2379,ocean,minecraft:warm_ocean,MONSTER,minecraft:zombie,50,4,4
2350,ocean,minecraft:warm_ocean,MONSTER,minecraft:zombie_villager,5,1,1
2381,ocean,minecraft:warm_ocean,MONSTER,minecraft:skeleton,50,4,4
2382,ocean,minecraft:warm_ocean,MONSTER,minecraft:creeper,50,4,4
2383,ocean,minecraft:warm_ocean,MONSTER,minecraft:slime,50,4,4
2384,ocean,minecraft:warm_ocean,MONSTER,minecraft:enderman,5,1,4
2325,ocean,minecraft:warm_ocean,MONSTER,minecraft:witch,5,1,1
2386,ocean,minecraft:warm_ocean,MONSTER,variantsandventures:murk,5,1,1
2387,ocean,minecraft:warm_ocean,MONSTER,irons_spellbooks:necromancer,18,1,1
2388,ocean,minecraft:warm_ocean,CREATURE,ars_nouveau:drygmy,5,1,2
2389,ocean,minecraft:warm_ocean,CREATURE,ars_nouveau:gift_starby,5,1,1
2335,ocean,minecraft:warm_ocean,CREATURE,ars_nouveau:starbuncle,5,1,2
2391,ocean,minecraft:warm_ocean,CREATURE,ars_nouveau:whirlisprig,5,1,2
2392,ocean,minecraft:warm_ocean,AMBIENT,minecraft:bat,10,8,8
2393,ocean,minecraft:warm_ocean,UNDERGROUND_WATER_CREATURE,minecraft:glow_squid,10,4,6
2394,ocean,minecraft:warm_ocean,WATER_CREATURE,minecraft:squid,10,4,4
2395,ocean,minecraft:warm_ocean,WATER_CREATURE,minecraft:dolphin,5,1,2
2396,ocean,minecraft:warm_ocean,WATER_CREATURE,ars_elemental:siren_entity,5,1,3
2397,ocean,minecraft:warm_ocean,WATER_AMBIENT,minecraft:pufferfish,15,1,3
2398,ocean,minecraft:warm_ocean,WATER_AMBIENT,minecraft:tropical_fish,25,8,8
2399,river,climaterivers:warm_river,MONSTER,minecraft:spider,50,4,4
2400,river,climaterivers:warm_river,MONSTER,minecraft:zombie,50,4,4
2401,river,climaterivers:warm_river,MONSTER,minecraft:zombie_villager,5,1,1
2402,river,climaterivers:warm_river,MONSTER,minecraft:skeleton,50,4,4
2403,river,climaterivers:warm_river,MONSTER,minecraft:creeper,50,4,4
2404,river,climaterivers:warm_river,MONSTER,minecraft:slime,50,4,4
2405,river,climaterivers:warm_river,MONSTER,minecraft:enderman,5,1,4
2406,river,climaterivers:warm_river,MONSTER,minecraft:witch,5,1,1
2407,river,climaterivers:warm_river,MONSTER,minecraft:drowned,50,1,1
2408,river,climaterivers:warm_river,MONSTER,irons_spellbooks:necromancer,18,1,1
2409,river,climaterivers:warm_river,CREATURE,ars_nouveau:drygmy,5,1,2
2410,river,climaterivers:warm_river,CREATURE,ars_nouveau:gift_starby,5,1,1
2411,river,climaterivers:warm_river,CREATURE,ars_nouveau:starbuncle,5,1,2
2412,river,climaterivers:warm_river,CREATURE,ars_nouveau:whirlisprig,5,1,2
2413,river,climaterivers:warm_river,AMBIENT,minecraft:bat,10,8,8
2414,river,climaterivers:warm_river,UNDERGROUND_WATER_CREATURE,minecraft:glow_squid,10,4,6
2415,river,climaterivers:warm_river,WATER_CREATURE,minecraft:squid,5,1,4
2416,river,climaterivers:warm_river,WATER_AMBIENT,minecraft:tropical_fish,5,1,5
2417,nether,minecraft:warped_forest,MONSTER,minecraft:enderman,5,4,4
2418,nether,minecraft:warped_forest,MONSTER,alshanex_familiars:scorcher_pet,5,1,1
2419,nether,minecraft:warped_forest,MONSTER,minecraft:zombified_piglin,5,1,4
2420,nether,minecraft:warped_forest,MONSTER,minecraft:ghast,3,4,4
2421,nether,minecraft:warped_forest,CREATURE,minecraft:strider,35,1,2
2422,nether,minecraft:warped_forest,WATER_AMBIENT,netherdepthsupgrade:bonefish,8,1,5
2423,nether,minecraft:warped_forest,WATER_AMBIENT,netherdepthsupgrade:fortressgrouper,5,1,2
2424,nether,minecraft:warped_forest,WATER_AMBIENT,netherdepthsupgrade:lava_pufferfish,15,1,5
2425,nether,minecraft:warped_forest,WATER_AMBIENT,netherdepthsupgrade:searing_cod,10,3,6
2426,private,far_end:warped_marsh,WATER_CREATURE,ars_elemental:siren_entity,5,1,3
2427,private,far_end:warped_marsh,WATER_AMBIENT,minecraft:tropical_fish,25,8,8
2428,private,stellarity:warped_marsh,WATER_CREATURE,ars_elemental:siren_entity,5,1,3
2429,private,stellarity:warped_marsh,WATER_AMBIENT,minecraft:tropical_fish,25,8,8
2430,forest,biomeswevegone:weeping_witch_forest,MONSTER,minecraft:spider,50,4,4
2431,forest,biomeswevegone:weeping_witch_forest,MONSTER,minecraft:zombie,50,4,4
2432,forest,biomeswevegone:weeping_witch_forest,MONSTER,minecraft:zombie_villager,5,1,1
2433,forest,biomeswevegone:weeping_witch_forest,MONSTER,minecraft:skeleton,50,4,4
2434,forest,biomeswevegone:weeping_witch_forest,MONSTER,minecraft:creeper,50,4,4
2435,forest,biomeswevegone:weeping_witch_forest,MONSTER,minecraft:slime,50,4,4
2436,forest,biomeswevegone:weeping_witch_forest,MONSTER,minecraft:enderman,5,1,4
2437,forest,biomeswevegone:weeping_witch_forest,MONSTER,minecraft:witch,5,1,1
2438,forest,biomeswevegone:weeping_witch_forest,MONSTER,minecraft:witch,6,1,1
2439,forest,biomeswevegone:weeping_witch_forest,MONSTER,minecraft:cave_spider,50,2,4
2440,forest,biomeswevegone:weeping_witch_forest,MONSTER,irons_spellbooks:necromancer,18,1,1
2441,forest,biomeswevegone:weeping_witch_forest,MONSTER,alshanex_familiars:druid_pet,5,1,1
2442,forest,biomeswevegone:weeping_witch_forest,MONSTER,alshanex_familiars:hunter_pet,5,2,3
2443,forest,biomeswevegone:weeping_witch_forest,CREATURE,minecraft:sheep,12,4,4
2444,forest,biomeswevegone:weeping_witch_forest,CREATURE,minecraft:pig,10,4,4
2445,forest,biomeswevegone:weeping_witch_forest,CREATURE,minecraft:chicken,10,4,4
2446,forest,biomeswevegone:weeping_witch_forest,CREATURE,minecraft:cow,8,4,4
2447,forest,biomeswevegone:weeping_witch_forest,CREATURE,minecraft:wolf,8,4,4
2448,forest,biomeswevegone:weeping_witch_forest,CREATURE,minecraft:rabbit,5,2,3
2449,forest,biomeswevegone:weeping_witch_forest,CREATURE,minecraft:fox,8,2,4
2450,forest,biomeswevegone:weeping_witch_forest,CREATURE,minecraft:allay,5,1,2
2451,forest,biomeswevegone:weeping_witch_forest,CREATURE,ars_nouveau:drygmy,5,1,2
2452,forest,biomeswevegone:weeping_witch_forest,CREATURE,ars_nouveau:gift_starby,5,1,1
2453,forest,biomeswevegone:weeping_witch_forest,CREATURE,ars_nouveau:starbuncle,5,1,2
2454,forest,biomeswevegone:weeping_witch_forest,CREATURE,ars_nouveau:whirlisprig,5,1,2
2455,forest,biomeswevegone:weeping_witch_forest,AMBIENT,minecraft:bat,10,8,8
2456,forest,biomeswevegone:weeping_witch_forest,UNDERGROUND_WATER_CREATURE,minecraft:glow_squid,10,4,6
2457,nether,gardens_of_the_dead:whistling_woods,MONSTER,minecraft:zombified_piglin,5,2,4
2458,nether,gardens_of_the_dead:whistling_woods,MONSTER,minecraft:hoglin,9,3,4
2459,nether,gardens_of_the_dead:whistling_woods,MONSTER,minecraft:piglin,5,3,4
2435,nether,gardens_of_the_dead:whistling_woods,MONSTER,alshanex_familiars:scorcher_pet,5,1,1
2461,nether,gardens_of_the_dead:whistling_woods,MONSTER,minecraft:ghast,3,4,4
2462,nether,gardens_of_the_dead:whistling_woods,CREATURE,minecraft:strider,35,1,2
2463,nether,gardens_of_the_dead:whistling_woods,WATER_AMBIENT,netherdepthsupgrade:bonefish,8,1,5
2464,nether,gardens_of_the_dead:whistling_woods,WATER_AMBIENT,netherdepthsupgrade:fortressgrouper,5,1,2
2430,nether,gardens_of_the_dead:whistling_woods,WATER_AMBIENT,netherdepthsupgrade:searing_cod,10,3,6
2466,nether,gardens_of_the_dead:whistling_woods,WATER_AMBIENT,netherdepthsupgrade:wither_bonefish,5,1,3
2467,swamp,biomeswevegone:white_mangrove_marshes,MONSTER,minecraft:spider,50,4,4
2468,swamp,biomeswevegone:white_mangrove_marshes,MONSTER,minecraft:zombie,50,4,4
2469,swamp,biomeswevegone:white_mangrove_marshes,MONSTER,minecraft:zombie_villager,5,1,1
2435,swamp,biomeswevegone:white_mangrove_marshes,MONSTER,minecraft:skeleton,50,4,4
2471,swamp,biomeswevegone:white_mangrove_marshes,MONSTER,minecraft:creeper,50,4,4
2472,swamp,biomeswevegone:white_mangrove_marshes,MONSTER,minecraft:slime,50,4,4
2473,swamp,biomeswevegone:white_mangrove_marshes,MONSTER,minecraft:enderman,5,1,4
2474,swamp,biomeswevegone:white_mangrove_marshes,MONSTER,minecraft:witch,5,1,1
2425,swamp,biomeswevegone:white_mangrove_marshes,MONSTER,minecraft:slime,5,1,1
2476,swamp,biomeswevegone:white_mangrove_marshes,MONSTER,irons_spellbooks:necromancer,18,1,1
2477,swamp,biomeswevegone:white_mangrove_marshes,MONSTER,wetland_whimsy:swamp_spider,25,1,2
2478,swamp,biomeswevegone:white_mangrove_marshes,CREATURE,minecraft:frog,10,2,5
2479,swamp,biomeswevegone:white_mangrove_marshes,CREATURE,ars_nouveau:drygmy,5,1,2
2450,swamp,biomeswevegone:white_mangrove_marshes,CREATURE,ars_nouveau:gift_starby,5,1,1
2481,swamp,biomeswevegone:white_mangrove_marshes,CREATURE,ars_nouveau:starbuncle,5,1,2
2482,swamp,biomeswevegone:white_mangrove_marshes,CREATURE,ars_nouveau:whirlisprig,5,1,2
2483,swamp,biomeswevegone:white_mangrove_marshes,AMBIENT,minecraft:bat,10,8,8
2484,swamp,biomeswevegone:white_mangrove_marshes,UNDERGROUND_WATER_CREATURE,minecraft:glow_squid,10,4,6
2425,swamp,biomeswevegone:white_mangrove_marshes,WATER_AMBIENT,minecraft:tropical_fish,25,8,8
2486,private,biomeswevegone:windswept_desert,MONSTER,minecraft:spider,50,4,4
2487,private,biomeswevegone:windswept_desert,MONSTER,minecraft:zombie,19,4,4
2488,private,biomeswevegone:windswept_desert,MONSTER,minecraft:zombie_villager,5,1,1
2489,private,biomeswevegone:windswept_desert,MONSTER,minecraft:skeleton,50,4,4
2435,private,biomeswevegone:windswept_desert,MONSTER,minecraft:creeper,50,4,4
2491,private,biomeswevegone:windswept_desert,MONSTER,minecraft:slime,50,4,4
2492,private,biomeswevegone:windswept_desert,MONSTER,minecraft:enderman,5,1,4
2493,private,biomeswevegone:windswept_desert,MONSTER,minecraft:witch,5,1,1
2494,private,biomeswevegone:windswept_desert,MONSTER,minecraft:husk,50,4,4
2495,private,biomeswevegone:windswept_desert,MONSTER,irons_spellbooks:necromancer,18,1,1
2496,private,biomeswevegone:windswept_desert,CREATURE,minecraft:rabbit,5,2,3
2497,private,biomeswevegone:windswept_desert,CREATURE,ars_nouveau:drygmy,5,1,2
2498,private,biomeswevegone:windswept_desert,CREATURE,ars_nouveau:gift_starby,5,1,1
2499,private,biomeswevegone:windswept_desert,CREATURE,ars_nouveau:starbuncle,5,1,2
2500,private,biomeswevegone:windswept_desert,CREATURE,ars_nouveau:whirlisprig,5,1,2
2501,private,biomeswevegone:windswept_desert,AMBIENT,minecraft:bat,10,8,8
2502,private,biomeswevegone:windswept_desert,UNDERGROUND_WATER_CREATURE,minecraft:glow_squid,10,4,6
2503,private,minecraft:windswept_forest,MONSTER,minecraft:spider,50,4,4
2504,private,minecraft:windswept_forest,MONSTER,minecraft:zombie,50,4,4
2505,private,minecraft:windswept_forest,MONSTER,minecraft:zombie_villager,5,1,1
2506,private,minecraft:windswept_forest,MONSTER,minecraft:skeleton,50,4,4
2507,private,minecraft:windswept_forest,MONSTER,minecraft:creeper,50,4,4
2508,private,minecraft:windswept_forest,MONSTER,minecraft:slime,50,4,4
2509,private,minecraft:windswept_forest,MONSTER,minecraft:enderman,5,1,4
2510,private,minecraft:windswept_forest,MONSTER,minecraft:witch,5,1,1
2511,private,minecraft:windswept_forest,MONSTER,irons_spellbooks:necromancer,18,1,1
2512,private,minecraft:windswept_forest,CREATURE,minecraft:sheep,12,4,4
2513,private,minecraft:windswept_forest,CREATURE,minecraft:pig,10,4,4
2514,private,minecraft:windswept_forest,CREATURE,minecraft:chicken,10,4,4
2515,private,minecraft:windswept_forest,CREATURE,minecraft:cow,8,4,4
2516,private,minecraft:windswept_forest,CREATURE,minecraft:llama,5,4,6
2517,private,minecraft:windswept_forest,CREATURE,ars_nouveau:drygmy,5,1,2
2518,private,minecraft:windswept_forest,CREATURE,ars_nouveau:gift_starby,5,1,1
2519,private,minecraft:windswept_forest,CREATURE,ars_nouveau:starbuncle,5,1,2
2520,private,minecraft:windswept_forest,CREATURE,ars_nouveau:whirlisprig,5,1,2
2521,private,minecraft:windswept_forest,AMBIENT,minecraft:bat,10,8,8
2522,private,minecraft:windswept_forest,UNDERGROUND_WATER_CREATURE,minecraft:glow_squid,10,4,6
2523,private,minecraft:windswept_gravelly_hills,MONSTER,minecraft:spider,50,4,4
2524,private,minecraft:windswept_gravelly_hills,MONSTER,minecraft:zombie,50,4,4
2525,private,minecraft:windswept_gravelly_hills,MONSTER,minecraft:zombie_villager,5,1,1
2526,private,minecraft:windswept_gravelly_hills,MONSTER,minecraft:skeleton,50,4,4
2527,private,minecraft:windswept_gravelly_hills,MONSTER,minecraft:creeper,50,4,4
2528,private,minecraft:windswept_gravelly_hills,MONSTER,minecraft:slime,50,4,4
2529,private,minecraft:windswept_gravelly_hills,MONSTER,minecraft:enderman,5,1,4
2530,private,minecraft:windswept_gravelly_hills,MONSTER,minecraft:witch,5,1,1
2531,private,minecraft:windswept_gravelly_hills,MONSTER,irons_spellbooks:necromancer,18,1,1
2532,private,minecraft:windswept_gravelly_hills,CREATURE,minecraft:sheep,12,4,4
2533,private,minecraft:windswept_gravelly_hills,CREATURE,minecraft:pig,10,4,4
2534,private,minecraft:windswept_gravelly_hills,CREATURE,minecraft:chicken,10,4,4
2535,private,minecraft:windswept_gravelly_hills,CREATURE,minecraft:cow,8,4,4
2536,private,minecraft:windswept_gravelly_hills,CREATURE,minecraft:llama,5,4,6
2537,private,minecraft:windswept_gravelly_hills,CREATURE,ars_nouveau:drygmy,5,1,2
2538,private,minecraft:windswept_gravelly_hills,CREATURE,ars_nouveau:gift_starby,5,1,1
2539,private,minecraft:windswept_gravelly_hills,CREATURE,ars_nouveau:starbuncle,5,1,2
2540,private,minecraft:windswept_gravelly_hills,CREATURE,ars_nouveau:whirlisprig,5,1,2
2541,private,minecraft:windswept_gravelly_hills,AMBIENT,minecraft:bat,10,8,8
2542,private,minecraft:windswept_gravelly_hills,UNDERGROUND_WATER_CREATURE,minecraft:glow_squid,10,4,6
2543,private,minecraft:windswept_hills,MONSTER,minecraft:spider,50,4,4
2544,private,minecraft:windswept_hills,MONSTER,minecraft:zombie,50,4,4
2545,private,minecraft:windswept_hills,MONSTER,minecraft:zombie_villager,5,1,1
2546,private,minecraft:windswept_hills,MONSTER,minecraft:skeleton,50,4,4
2547,private,minecraft:windswept_hills,MONSTER,minecraft:creeper,50,4,4
2548,private,minecraft:windswept_hills,MONSTER,minecraft:slime,50,4,4
2549,private,minecraft:windswept_hills,MONSTER,minecraft:enderman,5,1,4
2550,private,minecraft:windswept_hills,MONSTER,minecraft:witch,5,1,1
2551,private,minecraft:windswept_hills,MONSTER,irons_spellbooks:necromancer,18,1,1
2552,private,minecraft:windswept_hills,CREATURE,minecraft:sheep,12,4,4
2553,private,minecraft:windswept_hills,CREATURE,minecraft:pig,10,4,4
2554,private,minecraft:windswept_hills,CREATURE,minecraft:chicken,10,4,4
2555,private,minecraft:windswept_hills,CREATURE,minecraft:cow,8,4,4
2556,private,minecraft:windswept_hills,CREATURE,minecraft:llama,5,4,6
2557,private,minecraft:windswept_hills,CREATURE,ars_nouveau:drygmy,5,1,2
2558,private,minecraft:windswept_hills,CREATURE,ars_nouveau:gift_starby,5,1,1
2559,private,minecraft:windswept_hills,CREATURE,ars_nouveau:starbuncle,5,1,2
2535,private,minecraft:windswept_hills,CREATURE,ars_nouveau:whirlisprig,5,1,2
2561,private,minecraft:windswept_hills,AMBIENT,minecraft:bat,10,8,8
2562,private,minecraft:windswept_hills,UNDERGROUND_WATER_CREATURE,minecraft:glow_squid,10,4,6
2563,private,minecraft:windswept_savanna,MONSTER,minecraft:spider,50,4,4
2564,private,minecraft:windswept_savanna,MONSTER,minecraft:zombie,50,4,4
2530,private,minecraft:windswept_savanna,MONSTER,minecraft:zombie_villager,5,1,1
2566,private,minecraft:windswept_savanna,MONSTER,minecraft:skeleton,50,4,4
2567,private,minecraft:windswept_savanna,MONSTER,minecraft:creeper,50,4,4
2568,private,minecraft:windswept_savanna,MONSTER,minecraft:slime,50,4,4
2569,private,minecraft:windswept_savanna,MONSTER,minecraft:enderman,5,1,4
2535,private,minecraft:windswept_savanna,MONSTER,minecraft:witch,5,1,1
2571,private,minecraft:windswept_savanna,MONSTER,cataclysm:koboleton,15,2,3
2572,private,minecraft:windswept_savanna,MONSTER,irons_spellbooks:necromancer,18,1,1
2573,private,minecraft:windswept_savanna,CREATURE,minecraft:sheep,12,4,4
2574,private,minecraft:windswept_savanna,CREATURE,minecraft:pig,10,4,4
2525,private,minecraft:windswept_savanna,CREATURE,minecraft:chicken,10,4,4
2576,private,minecraft:windswept_savanna,CREATURE,minecraft:cow,8,4,4
2577,private,minecraft:windswept_savanna,CREATURE,minecraft:horse,5,2,6
2578,private,minecraft:windswept_savanna,CREATURE,minecraft:donkey,5,1,1
2579,private,minecraft:windswept_savanna,CREATURE,minecraft:armadillo,10,2,3
2550,private,minecraft:windswept_savanna,CREATURE,ars_nouveau:drygmy,5,1,2
2581,private,minecraft:windswept_savanna,CREATURE,ars_nouveau:gift_starby,5,1,1
2582,private,minecraft:windswept_savanna,CREATURE,ars_nouveau:starbuncle,5,1,2
2583,private,minecraft:windswept_savanna,CREATURE,ars_nouveau:whirlisprig,5,1,2
2584,private,minecraft:windswept_savanna,AMBIENT,minecraft:bat,10,8,8
2525,private,minecraft:windswept_savanna,UNDERGROUND_WATER_CREATURE,minecraft:glow_squid,10,4,6
2586,badlands,minecraft:wooded_badlands,MONSTER,minecraft:spider,50,4,4
2587,badlands,minecraft:wooded_badlands,MONSTER,minecraft:zombie,50,4,4
2588,badlands,minecraft:wooded_badlands,MONSTER,minecraft:zombie_villager,5,1,1
2589,badlands,minecraft:wooded_badlands,MONSTER,minecraft:skeleton,50,4,4
2535,badlands,minecraft:wooded_badlands,MONSTER,minecraft:creeper,50,4,4
2591,badlands,minecraft:wooded_badlands,MONSTER,minecraft:slime,50,4,4
2592,badlands,minecraft:wooded_badlands,MONSTER,minecraft:enderman,5,1,4
2593,badlands,minecraft:wooded_badlands,MONSTER,minecraft:witch,5,1,1
2594,badlands,minecraft:wooded_badlands,MONSTER,cataclysm:koboleton,15,2,3
2595,badlands,minecraft:wooded_badlands,MONSTER,irons_spellbooks:necromancer,18,1,1
2596,badlands,minecraft:wooded_badlands,CREATURE,minecraft:armadillo,6,1,2
2597,badlands,minecraft:wooded_badlands,CREATURE,minecraft:wolf,5,4,8
2598,badlands,minecraft:wooded_badlands,CREATURE,ars_nouveau:drygmy,5,1,2
2599,badlands,minecraft:wooded_badlands,CREATURE,ars_nouveau:gift_starby,5,1,1
2350,badlands,minecraft:wooded_badlands,CREATURE,ars_nouveau:starbuncle,5,1,2
2351,badlands,minecraft:wooded_badlands,CREATURE,ars_nouveau:whirlisprig,5,1,2
2352,badlands,minecraft:wooded_badlands,AMBIENT,minecraft:bat,10,8,8
2353,badlands,minecraft:wooded_badlands,UNDERGROUND_WATER_CREATURE,minecraft:glow_squid,10,4,6
2354,forest,biomeswevegone:zelkova_forest,MONSTER,minecraft:spider,50,4,4
2355,forest,biomeswevegone:zelkova_forest,MONSTER,minecraft:zombie,50,4,4
2356,forest,biomeswevegone:zelkova_forest,MONSTER,minecraft:zombie_villager,5,1,1
2357,forest,biomeswevegone:zelkova_forest,MONSTER,minecraft:skeleton,50,4,4
2358,forest,biomeswevegone:zelkova_forest,MONSTER,minecraft:creeper,50,4,4
2359,forest,biomeswevegone:zelkova_forest,MONSTER,minecraft:slime,50,4,4
2610,forest,biomeswevegone:zelkova_forest,MONSTER,minecraft:enderman,5,1,4
2611,forest,biomeswevegone:zelkova_forest,MONSTER,minecraft:witch,5,1,1
2612,forest,biomeswevegone:zelkova_forest,MONSTER,irons_spellbooks:necromancer,18,1,1
2613,forest,biomeswevegone:zelkova_forest,MONSTER,alshanex_familiars:druid_pet,5,1,1
2614,forest,biomeswevegone:zelkova_forest,MONSTER,alshanex_familiars:hunter_pet,5,2,3
2615,forest,biomeswevegone:zelkova_forest,CREATURE,minecraft:sheep,12,4,4
2616,forest,biomeswevegone:zelkova_forest,CREATURE,minecraft:pig,10,4,4
2617,forest,biomeswevegone:zelkova_forest,CREATURE,minecraft:chicken,10,4,4
2618,forest,biomeswevegone:zelkova_forest,CREATURE,minecraft:cow,8,4,4
2619,forest,biomeswevegone:zelkova_forest,CREATURE,minecraft:wolf,5,4,4
2620,forest,biomeswevegone:zelkova_forest,CREATURE,ars_nouveau:drygmy,5,1,2
2621,forest,biomeswevegone:zelkova_forest,CREATURE,ars_nouveau:gift_starby,5,1,1
2622,forest,biomeswevegone:zelkova_forest,CREATURE,ars_nouveau:starbuncle,5,1,2
2623,forest,biomeswevegone:zelkova_forest,CREATURE,ars_nouveau:whirlisprig,5,1,2
2624,forest,biomeswevegone:zelkova_forest,AMBIENT,minecraft:bat,10,8,8