* This is the BiomeMobWeight report file that is output every time the server starts.
* 
* Spawn Balance Utility (SBU) will use this file ONLY if it is renamed to BiomeMobWeight.csv.
* If you remove all lines for a Biome, the default values will be used
* So for an 'empty' biome, leave one line with a CREATURE or the AMBIENT line with bats.
* Lines starting with '*' are comments and ignored
* When this file is read, SBU writes summary information to the log file.
* 
1, private, biomeswevegone:allium_shrubland, MONSTER, minecraft:spider, 10, 4, 4
2, private, biomeswevegone:allium_shrubland, MONSTER, minecraft:zombie, 10, 4, 4
3, private, biomeswevegone:allium_shrubland, MONSTER, minecraft:zombie_villager, 5, 1, 1
4, private, biomeswevegone:allium_shrubland, MONSTER, minecraft:skeleton, 10, 4, 4
5, private, biomeswevegone:allium_shrubland, MONSTER, minecraft:creeper, 10, 4, 4
6, private, biomeswevegone:allium_shrubland, MONSTER, minecraft:slime, 10, 4, 4
7, private, biomeswevegone:allium_shrubland, MONSTER, minecraft:enderman, 5, 1, 4
8, private, biomeswevegone:allium_shrubland, MONSTER, minecraft:witch, 5, 1, 1
9, private, biomeswevegone:allium_shrubland, MONSTER, irons_spellbooks:necromancer, 18, 1, 1
10, private, biomeswevegone:allium_shrubland, CREATURE, biomeswevegone:oddion, 18, 2, 8
11, private, biomeswevegone:allium_shrubland, CREATURE, minecraft:sheep, 12, 4, 4
12, private, biomeswevegone:allium_shrubland, CREATURE, minecraft:pig, 10, 4, 4
13, private, biomeswevegone:allium_shrubland, CREATURE, minecraft:chicken, 10, 4, 4
14, private, biomeswevegone:allium_shrubland, CREATURE, minecraft:cow, 8, 4, 4
15, private, biomeswevegone:allium_shrubland, CREATURE, minecraft:horse, 5, 2, 6
16, private, biomeswevegone:allium_shrubland, CREATURE, minecraft:donkey, 5, 1, 3
17, private, biomeswevegone:allium_shrubland, CREATURE, ars_nouveau:drygmy, 5, 1, 2
18, private, biomeswevegone:allium_shrubland, CREATURE, ars_nouveau:gift_starby, 5, 1, 1
19, private, biomeswevegone:allium_shrubland, CREATURE, ars_nouveau:starbuncle, 5, 1, 2
20, private, biomeswevegone:allium_shrubland, CREATURE, ars_nouveau:whirlisprig, 5, 1, 2
21, private, biomeswevegone:allium_shrubland, AMBIENT, minecraft:bat, 10, 8, 8
22, private, biomeswevegone:allium_shrubland, UNDERGROUND_WATER_CREATURE, minecraft:glow_squid, 10, 4, 6
23, private, biomeswevegone:amaranth_grassland, MONSTER, minecraft:spider, 10, 4, 4
24, private, biomeswevegone:amaranth_grassland, MONSTER, minecraft:zombie, 10, 4, 4
25, private, biomeswevegone:amaranth_grassland, MONSTER, minecraft:zombie_villager, 5, 1, 1
26, private, biomeswevegone:amaranth_grassland, MONSTER, minecraft:skeleton, 10, 4, 4
27, private, biomeswevegone:amaranth_grassland, MONSTER, minecraft:creeper, 10, 4, 4
28, private, biomeswevegone:amaranth_grassland, MONSTER, minecraft:slime, 10, 4, 4
29, private, biomeswevegone:amaranth_grassland, MONSTER, minecraft:enderman, 5, 1, 4
30, private, biomeswevegone:amaranth_grassland, MONSTER, minecraft:witch, 5, 1, 1
31, private, biomeswevegone:amaranth_grassland, MONSTER, irons_spellbooks:necromancer, 18, 1, 1
32, private, biomeswevegone:amaranth_grassland, CREATURE, minecraft:sheep, 12, 4, 4
33, private, biomeswevegone:amaranth_grassland, CREATURE, minecraft:pig, 10, 4, 4
34, private, biomeswevegone:amaranth_grassland, CREATURE, minecraft:chicken, 10, 4, 4
35, private, biomeswevegone:amaranth_grassland, CREATURE, minecraft:cow, 8, 4, 4
36, private, biomeswevegone:amaranth_grassland, CREATURE, minecraft:horse, 5, 2, 6
37, private, biomeswevegone:amaranth_grassland, CREATURE, minecraft:donkey, 5, 1, 3
38, private, biomeswevegone:amaranth_grassland, CREATURE, ars_nouveau:drygmy, 5, 1, 2
39, private, biomeswevegone:amaranth_grassland, CREATURE, ars_nouveau:gift_starby, 5, 1, 1
40, private, biomeswevegone:amaranth_grassland, CREATURE, ars_nouveau:starbuncle, 5, 1, 2
41, private, biomeswevegone:amaranth_grassland, CREATURE, ars_nouveau:whirlisprig, 5, 1, 2
42, private, biomeswevegone:amaranth_grassland, AMBIENT, minecraft:bat, 10, 8, 8
43, private, biomeswevegone:amaranth_grassland, UNDERGROUND_WATER_CREATURE, minecraft:glow_squid, 10, 4, 6
44, savanna, biomeswevegone:araucaria_savanna, MONSTER, minecraft:spider, 10, 4, 4
45, savanna, biomeswevegone:araucaria_savanna, MONSTER, minecraft:zombie, 10, 4, 4
46, savanna, biomeswevegone:araucaria_savanna, MONSTER, minecraft:zombie_villager, 5, 1, 1
47, savanna, biomeswevegone:araucaria_savanna, MONSTER, minecraft:skeleton, 10, 4, 4
48, savanna, biomeswevegone:araucaria_savanna, MONSTER, minecraft:creeper, 10, 4, 4
49, savanna, biomeswevegone:araucaria_savanna, MONSTER, minecraft:slime, 10, 4, 4
50, savanna, biomeswevegone:araucaria_savanna, MONSTER, minecraft:enderman, 5, 1, 4
51, savanna, biomeswevegone:araucaria_savanna, MONSTER, minecraft:witch, 5, 1, 1
52, savanna, biomeswevegone:araucaria_savanna, MONSTER, cataclysm:koboleton, 15, 2, 3
53, savanna, biomeswevegone:araucaria_savanna, MONSTER, irons_spellbooks:necromancer, 18, 1, 1
54, savanna, biomeswevegone:araucaria_savanna, CREATURE, minecraft:sheep, 12, 4, 4
55, savanna, biomeswevegone:araucaria_savanna, CREATURE, minecraft:pig, 10, 4, 4
56, savanna, biomeswevegone:araucaria_savanna, CREATURE, minecraft:chicken, 10, 4, 4
57, savanna, biomeswevegone:araucaria_savanna, CREATURE, minecraft:cow, 8, 4, 4
58, savanna, biomeswevegone:araucaria_savanna, CREATURE, minecraft:horse, 5, 2, 6
59, savanna, biomeswevegone:araucaria_savanna, CREATURE, minecraft:donkey, 5, 1, 3
60, savanna, biomeswevegone:araucaria_savanna, CREATURE, minecraft:llama, 5, 3, 4
61, savanna, biomeswevegone:araucaria_savanna, CREATURE, minecraft:armadillo, 10, 2, 3
62, savanna, biomeswevegone:araucaria_savanna, CREATURE, ars_nouveau:drygmy, 5, 1, 2
63, savanna, biomeswevegone:araucaria_savanna, CREATURE, ars_nouveau:gift_starby, 5, 1, 1
64, savanna, biomeswevegone:araucaria_savanna, CREATURE, ars_nouveau:starbuncle, 5, 1, 2
65, savanna, biomeswevegone:araucaria_savanna, CREATURE, ars_nouveau:whirlisprig, 5, 1, 2
66, savanna, biomeswevegone:araucaria_savanna, AMBIENT, minecraft:bat, 10, 8, 8
67, savanna, biomeswevegone:araucaria_savanna, UNDERGROUND_WATER_CREATURE, minecraft:glow_squid, 10, 4, 6
68, forest, ars_nouveau:archwood_forest, MONSTER, minecraft:spider, 10, 4, 4
69, forest, ars_nouveau:archwood_forest, MONSTER, minecraft:zombie, 10, 4, 4
70, forest, ars_nouveau:archwood_forest, MONSTER, minecraft:zombie_villager, 5, 1, 1
71, forest, ars_nouveau:archwood_forest, MONSTER, minecraft:skeleton, 10, 4, 4
72, forest, ars_nouveau:archwood_forest, MONSTER, minecraft:creeper, 10, 4, 4
73, forest, ars_nouveau:archwood_forest, MONSTER, minecraft:slime, 10, 4, 4
74, forest, ars_nouveau:archwood_forest, MONSTER, minecraft:enderman, 5, 1, 4
75, forest, ars_nouveau:archwood_forest, MONSTER, minecraft:witch, 5, 1, 1
76, forest, ars_nouveau:archwood_forest, MONSTER, irons_spellbooks:necromancer, 18, 1, 1
77, forest, ars_nouveau:archwood_forest, CREATURE, ars_nouveau:starbuncle, 5, 3, 5
78, forest, ars_nouveau:archwood_forest, CREATURE, ars_nouveau:drygmy, 5, 1, 3
79, forest, ars_nouveau:archwood_forest, CREATURE, ars_nouveau:whirlisprig, 5, 1, 3
80, forest, ars_nouveau:archwood_forest, CREATURE, ars_nouveau:blazing_weald_walker, 5, 1, 1
81, forest, ars_nouveau:archwood_forest, CREATURE, ars_nouveau:cascading_weald_walker, 5, 1, 1
82, forest, ars_nouveau:archwood_forest, CREATURE, ars_nouveau:flourishing_weald_walker, 5, 1, 1
83, forest, ars_nouveau:archwood_forest, CREATURE, ars_nouveau:vexing_weald_walker, 5, 1, 1
84, forest, ars_nouveau:archwood_forest, CREATURE, minecraft:wolf, 5, 4, 4
85, forest, ars_nouveau:archwood_forest, CREATURE, minecraft:sheep, 12, 4, 4
86, forest, ars_nouveau:archwood_forest, CREATURE, minecraft:pig, 10, 4, 4
87, forest, ars_nouveau:archwood_forest, CREATURE, minecraft:chicken, 10, 4, 4
88, forest, ars_nouveau:archwood_forest, CREATURE, minecraft:cow, 8, 4, 4
89, forest, ars_nouveau:archwood_forest, CREATURE, ars_nouveau:drygmy, 5, 1, 2
90, forest, ars_nouveau:archwood_forest, CREATURE, ars_nouveau:gift_starby, 5, 1, 1
91, forest, ars_nouveau:archwood_forest, CREATURE, ars_nouveau:starbuncle, 5, 1, 2
92, forest, ars_nouveau:archwood_forest, CREATURE, ars_nouveau:whirlisprig, 5, 1, 2
93, forest, ars_nouveau:archwood_forest, AMBIENT, minecraft:bat, 10, 8, 8
94, forest, ars_nouveau:archwood_forest, UNDERGROUND_WATER_CREATURE, minecraft:glow_squid, 10, 4, 6
95, forest, ars_nouveau:archwood_forest, WATER_CREATURE, ars_elemental:siren_entity, 5, 1, 3
96, forest, biomeswevegone:aspen_boreal, MONSTER, minecraft:spider, 10, 4, 4
97, forest, biomeswevegone:aspen_boreal, MONSTER, minecraft:zombie, 10, 4, 4
98, forest, biomeswevegone:aspen_boreal, MONSTER, minecraft:zombie_villager, 5, 1, 1
99, forest, biomeswevegone:aspen_boreal, MONSTER, minecraft:skeleton, 30, 4, 4
100, forest, biomeswevegone:aspen_boreal, MONSTER, minecraft:creeper, 30, 4, 4
101, forest, biomeswevegone:aspen_boreal, MONSTER, minecraft:slime, 30, 4, 4
102, forest, biomeswevegone:aspen_boreal, MONSTER, minecraft:enderman, 5, 1, 4
103, forest, biomeswevegone:aspen_boreal, MONSTER, minecraft:witch, 5, 1, 1
104, forest, biomeswevegone:aspen_boreal, MONSTER, irons_spellbooks:necromancer, 18, 1, 1
105, forest, biomeswevegone:aspen_boreal, CREATURE, minecraft:sheep, 12, 4, 4
106, forest, biomeswevegone:aspen_boreal, CREATURE, minecraft:pig, 10, 4, 4
107, forest, biomeswevegone:aspen_boreal, CREATURE, minecraft:chicken, 10, 4, 4
108, forest, biomeswevegone:aspen_boreal, CREATURE, minecraft:cow, 8, 4, 4
109, forest, biomeswevegone:aspen_boreal, CREATURE, minecraft:wolf, 8, 4, 4
110, forest, biomeswevegone:aspen_boreal, CREATURE, minecraft:rabbit, 5, 2, 3
111, forest, biomeswevegone:aspen_boreal, CREATURE, minecraft:fox, 8, 2, 4
112, forest, biomeswevegone:aspen_boreal, CREATURE, ars_nouveau:drygmy, 5, 1, 2
113, forest, biomeswevegone:aspen_boreal, CREATURE, ars_nouveau:gift_starby, 5, 1, 1
114, forest, biomeswevegone:aspen_boreal, CREATURE, ars_nouveau:starbuncle, 5, 1, 2
115, forest, biomeswevegone:aspen_boreal, CREATURE, ars_nouveau:whirlisprig, 5, 1, 2
116, forest, biomeswevegone:aspen_boreal, AMBIENT, minecraft:bat, 10, 8, 8
117, forest, biomeswevegone:aspen_boreal, UNDERGROUND_WATER_CREATURE, minecraft:glow_squid, 10, 4, 6
118, private, biomeswevegone:atacama_outback, MONSTER, minecraft:spider, 10, 4, 4
119, private, biomeswevegone:atacama_outback, MONSTER, minecraft:zombie, 19, 4, 4
120, private, biomeswevegone:atacama_outback, MONSTER, minecraft:zombie_villager, 5, 1, 1
121, private, biomeswevegone:atacama_outback, MONSTER, minecraft:skeleton, 10, 4, 4
122, private, biomeswevegone:atacama_outback, MONSTER, minecraft:creeper, 10, 4, 4
123, private, biomeswevegone:atacama_outback, MONSTER, minecraft:slime, 10, 4, 4
124, private, biomeswevegone:atacama_outback, MONSTER, minecraft:enderman, 5, 1, 4
125, private, biomeswevegone:atacama_outback, MONSTER, minecraft:witch, 5, 1, 1
126, private, biomeswevegone:atacama_outback, MONSTER, minecraft:husk, 30, 4, 4
127, private, biomeswevegone:atacama_outback, MONSTER, irons_spellbooks:necromancer, 18, 1, 1
128, private, biomeswevegone:atacama_outback, CREATURE, minecraft:rabbit, 5, 2, 3
129, private, biomeswevegone:atacama_outback, CREATURE, ars_nouveau:drygmy, 5, 1, 2
130, private, biomeswevegone:atacama_outback, CREATURE, ars_nouveau:gift_starby, 5, 1, 1
131, private, biomeswevegone:atacama_outback, CREATURE, ars_nouveau:starbuncle, 5, 1, 2
132, private, biomeswevegone:atacama_outback, CREATURE, ars_nouveau:whirlisprig, 5, 1, 2
133, private, biomeswevegone:atacama_outback, AMBIENT, minecraft:bat, 10, 8, 8
134, private, biomeswevegone:atacama_outback, UNDERGROUND_WATER_CREATURE, minecraft:glow_squid, 10, 4, 6
135, badlands, minecraft:badlands, MONSTER, minecraft:spider, 10, 4, 4
136, badlands, minecraft:badlands, MONSTER, minecraft:zombie, 10, 4, 4
137, badlands, minecraft:badlands, MONSTER, minecraft:zombie_villager, 5, 1, 1
138, badlands, minecraft:badlands, MONSTER, minecraft:skeleton, 10, 4, 4
139, badlands, minecraft:badlands, MONSTER, minecraft:creeper, 10, 4, 4
140, badlands, minecraft:badlands, MONSTER, minecraft:slime, 10, 4, 4
141, badlands, minecraft:badlands, MONSTER, minecraft:enderman, 5, 1, 4
142, badlands, minecraft:badlands, MONSTER, minecraft:witch, 5, 1, 1
143, badlands, minecraft:badlands, MONSTER, cataclysm:koboleton, 15, 2, 3
144, badlands, minecraft:badlands, MONSTER, irons_spellbooks:necromancer, 18, 1, 1
145, badlands, minecraft:badlands, CREATURE, minecraft:armadillo, 6, 1, 2
146, badlands, minecraft:badlands, CREATURE, ars_nouveau:drygmy, 5, 1, 2
147, badlands, minecraft:badlands, CREATURE, ars_nouveau:gift_starby, 5, 1, 1
148, badlands, minecraft:badlands, CREATURE, ars_nouveau:starbuncle, 5, 1, 2
149, badlands, minecraft:badlands, CREATURE, ars_nouveau:whirlisprig, 5, 1, 2
150, badlands, minecraft:badlands, AMBIENT, minecraft:bat, 10, 8, 8
151, badlands, minecraft:badlands, UNDERGROUND_WATER_CREATURE, minecraft:glow_squid, 10, 4, 6
152, jungle, minecraft:bamboo_jungle, MONSTER, minecraft:spider, 10, 4, 4
153, jungle, minecraft:bamboo_jungle, MONSTER, minecraft:zombie, 10, 4, 4
154, jungle, minecraft:bamboo_jungle, MONSTER, minecraft:zombie_villager, 5, 1, 1
155, jungle, minecraft:bamboo_jungle, MONSTER, minecraft:skeleton, 10, 4, 4
156, jungle, minecraft:bamboo_jungle, MONSTER, minecraft:creeper, 10, 4, 4
157, jungle, minecraft:bamboo_jungle, MONSTER, minecraft:slime, 10, 4, 4
158, jungle, minecraft:bamboo_jungle, MONSTER, minecraft:enderman, 5, 1, 4
159, jungle, minecraft:bamboo_jungle, MONSTER, minecraft:witch, 5, 1, 1
160, jungle, minecraft:bamboo_jungle, MONSTER, minecraft:ocelot, 5, 1, 1
161, jungle, minecraft:bamboo_jungle, MONSTER, irons_spellbooks:necromancer, 18, 1, 1
162, jungle, minecraft:bamboo_jungle, CREATURE, minecraft:sheep, 12, 4, 4
163, jungle, minecraft:bamboo_jungle, CREATURE, minecraft:pig, 10, 4, 4
164, jungle, minecraft:bamboo_jungle, CREATURE, minecraft:chicken, 10, 4, 4
165, jungle, minecraft:bamboo_jungle, CREATURE, minecraft:cow, 8, 4, 4
166, jungle, minecraft:bamboo_jungle, CREATURE, minecraft:chicken, 10, 4, 4
167, jungle, minecraft:bamboo_jungle, CREATURE, minecraft:parrot, 10, 1, 2
168, jungle, minecraft:bamboo_jungle, CREATURE, minecraft:panda, 15, 1, 2
169, jungle, minecraft:bamboo_jungle, CREATURE, ars_nouveau:drygmy, 5, 1, 2
170, jungle, minecraft:bamboo_jungle, CREATURE, ars_nouveau:gift_starby, 5, 1, 1
171, jungle, minecraft:bamboo_jungle, CREATURE, ars_nouveau:starbuncle, 5, 1, 2
172, jungle, minecraft:bamboo_jungle, CREATURE, ars_nouveau:whirlisprig, 5, 1, 2
173, jungle, minecraft:bamboo_jungle, AMBIENT, minecraft:bat, 10, 8, 8
174, jungle, minecraft:bamboo_jungle, UNDERGROUND_WATER_CREATURE, minecraft:glow_squid, 10, 4, 6
175, savanna, biomeswevegone:baobab_savanna, MONSTER, minecraft:spider, 10, 4, 4
176, savanna, biomeswevegone:baobab_savanna, MONSTER, minecraft:zombie, 10, 4, 4
177, savanna, biomeswevegone:baobab_savanna, MONSTER, minecraft:zombie_villager, 5, 1, 1
178, savanna, biomeswevegone:baobab_savanna, MONSTER, minecraft:skeleton, 10, 4, 4
179, savanna, biomeswevegone:baobab_savanna, MONSTER, minecraft:creeper, 10, 4, 4
180, savanna, biomeswevegone:baobab_savanna, MONSTER, minecraft:slime, 10, 4, 4
181, savanna, biomeswevegone:baobab_savanna, MONSTER, minecraft:enderman, 5, 1, 4
182, savanna, biomeswevegone:baobab_savanna, MONSTER, minecraft:witch, 5, 1, 1
183, savanna, biomeswevegone:baobab_savanna, MONSTER, cataclysm:koboleton, 15, 2, 3
184, savanna, biomeswevegone:baobab_savanna, MONSTER, irons_spellbooks:necromancer, 18, 1, 1
185, savanna, biomeswevegone:baobab_savanna, CREATURE, minecraft:sheep, 12, 4, 4
186, savanna, biomeswevegone:baobab_savanna, CREATURE, minecraft:pig, 10, 4, 4
187, savanna, biomeswevegone:baobab_savanna, CREATURE, minecraft:chicken, 10, 4, 4
188, savanna, biomeswevegone:baobab_savanna, CREATURE, minecraft:cow, 8, 4, 4
189, savanna, biomeswevegone:baobab_savanna, CREATURE, minecraft:horse, 5, 2, 6
190, savanna, biomeswevegone:baobab_savanna, CREATURE, minecraft:donkey, 5, 1, 1
191, savanna, biomeswevegone:baobab_savanna, CREATURE, minecraft:llama, 5, 3, 4
192, savanna, biomeswevegone:baobab_savanna, CREATURE, minecraft:armadillo, 10, 2, 3
193, savanna, biomeswevegone:baobab_savanna, CREATURE, ars_nouveau:drygmy, 5, 1, 2
194, savanna, biomeswevegone:baobab_savanna, CREATURE, ars_nouveau:gift_starby, 5, 1, 1
195, savanna, biomeswevegone:baobab_savanna, CREATURE, ars_nouveau:starbuncle, 5, 1, 2
196, savanna, biomeswevegone:baobab_savanna, CREATURE, ars_nouveau:whirlisprig, 5, 1, 2
197, savanna, biomeswevegone:baobab_savanna, AMBIENT, minecraft:bat, 10, 8, 8
198, savanna, biomeswevegone:baobab_savanna, UNDERGROUND_WATER_CREATURE, minecraft:glow_squid, 10, 4, 6
199, beach, biomeswevegone:basalt_barrera, MONSTER, minecraft:spider, 10, 4, 4
200, beach, biomeswevegone:basalt_barrera, MONSTER, minecraft:zombie, 10, 4, 4
201, beach, biomeswevegone:basalt_barrera, MONSTER, minecraft:zombie_villager, 5, 1, 1
202, beach, biomeswevegone:basalt_barrera, MONSTER, minecraft:skeleton, 10, 4, 4
203, beach, biomeswevegone:basalt_barrera, MONSTER, minecraft:creeper, 10, 4, 4
204, beach, biomeswevegone:basalt_barrera, MONSTER, minecraft:slime, 10, 4, 4
205, beach, biomeswevegone:basalt_barrera, MONSTER, minecraft:enderman, 5, 1, 4
206, beach, biomeswevegone:basalt_barrera, MONSTER, minecraft:witch, 5, 1, 1
207, beach, biomeswevegone:basalt_barrera, MONSTER, irons_spellbooks:necromancer, 18, 1, 1
208, beach, biomeswevegone:basalt_barrera, CREATURE, ars_nouveau:alakarkinos, 5, 1, 1
209, beach, biomeswevegone:basalt_barrera, CREATURE, ars_nouveau:drygmy, 5, 1, 2
210, beach, biomeswevegone:basalt_barrera, CREATURE, ars_nouveau:gift_starby, 5, 1, 1
211, beach, biomeswevegone:basalt_barrera, CREATURE, ars_nouveau:starbuncle, 5, 1, 2
212, beach, biomeswevegone:basalt_barrera, CREATURE, ars_nouveau:whirlisprig, 5, 1, 2
213, beach, biomeswevegone:basalt_barrera, AMBIENT, minecraft:bat, 10, 8, 8
214, beach, biomeswevegone:basalt_barrera, UNDERGROUND_WATER_CREATURE, minecraft:glow_squid, 10, 4, 6
215, nether, minecraft:basalt_deltas, MONSTER, minecraft:ghast, 10, 1, 1
216, nether, minecraft:basalt_deltas, MONSTER, minecraft:magma_cube, 10, 2, 5
217, nether, minecraft:basalt_deltas, MONSTER, minecraft:zombified_piglin, 5, 1, 4
218, nether, minecraft:basalt_deltas, CREATURE, minecraft:strider, 10, 1, 2
219, nether, minecraft:basalt_deltas, WATER_AMBIENT, netherdepthsupgrade:bonefish, 8, 1, 5
220, nether, minecraft:basalt_deltas, WATER_AMBIENT, netherdepthsupgrade:fortressgrouper, 5, 1, 2
221, nether, minecraft:basalt_deltas, WATER_AMBIENT, netherdepthsupgrade:glowdine, 8, 4, 6
222, nether, minecraft:basalt_deltas, WATER_AMBIENT, netherdepthsupgrade:magmacubefish, 10, 2, 4
223, nether, minecraft:basalt_deltas, WATER_AMBIENT, netherdepthsupgrade:obsidianfish, 15, 1, 5
224, nether, minecraft:basalt_deltas, WATER_AMBIENT, netherdepthsupgrade:searing_cod, 10, 3, 6
225, swamp, biomeswevegone:bayou, MONSTER, minecraft:spider, 10, 4, 4
226, swamp, biomeswevegone:bayou, MONSTER, minecraft:zombie, 10, 4, 4
227, swamp, biomeswevegone:bayou, MONSTER, minecraft:zombie_villager, 5, 1, 1
228, swamp, biomeswevegone:bayou, MONSTER, minecraft:skeleton, 10, 4, 4
229, swamp, biomeswevegone:bayou, MONSTER, minecraft:creeper, 10, 4, 4
230, swamp, biomeswevegone:bayou, MONSTER, minecraft:slime, 10, 4, 4
231, swamp, biomeswevegone:bayou, MONSTER, minecraft:enderman, 5, 1, 4
232, swamp, biomeswevegone:bayou, MONSTER, minecraft:witch, 5, 1, 1
233, swamp, biomeswevegone:bayou, MONSTER, minecraft:slime, 5, 1, 1
234, swamp, biomeswevegone:bayou, MONSTER, irons_spellbooks:necromancer, 18, 1, 1
235, swamp, biomeswevegone:bayou, CREATURE, minecraft:frog, 10, 2, 5
236, swamp, biomeswevegone:bayou, CREATURE, ars_nouveau:drygmy, 5, 1, 2
237, swamp, biomeswevegone:bayou, CREATURE, ars_nouveau:gift_starby, 5, 1, 1
238, swamp, biomeswevegone:bayou, CREATURE, ars_nouveau:starbuncle, 5, 1, 2
239, swamp, biomeswevegone:bayou, CREATURE, ars_nouveau:whirlisprig, 5, 1, 2
240, swamp, biomeswevegone:bayou, AMBIENT, minecraft:bat, 10, 8, 8
241, swamp, biomeswevegone:bayou, UNDERGROUND_WATER_CREATURE, minecraft:glow_squid, 10, 4, 6
242, swamp, biomeswevegone:bayou, WATER_AMBIENT, minecraft:tropical_fish, 10, 8, 8
243, beach, minecraft:beach, MONSTER, minecraft:spider, 10, 4, 4
244, beach, minecraft:beach, MONSTER, minecraft:zombie, 10, 4, 4
245, beach, minecraft:beach, MONSTER, minecraft:zombie_villager, 5, 1, 1
246, beach, minecraft:beach, MONSTER, minecraft:skeleton, 10, 4, 4
247, beach, minecraft:beach, MONSTER, minecraft:creeper, 10, 4, 4
248, beach, minecraft:beach, MONSTER, minecraft:slime, 10, 4, 4
249, beach, minecraft:beach, MONSTER, minecraft:enderman, 5, 1, 4
250, beach, minecraft:beach, MONSTER, minecraft:witch, 5, 1, 1
251, beach, minecraft:beach, MONSTER, irons_spellbooks:necromancer, 18, 1, 1
252, beach, minecraft:beach, CREATURE, minecraft:turtle, 5, 2, 5
253, beach, minecraft:beach, CREATURE, ars_nouveau:alakarkinos, 5, 1, 1
254, beach, minecraft:beach, CREATURE, ars_nouveau:drygmy, 5, 1, 2
255, beach, minecraft:beach, CREATURE, ars_nouveau:gift_starby, 5, 1, 1
256, beach, minecraft:beach, CREATURE, ars_nouveau:starbuncle, 5, 1, 2
257, beach, minecraft:beach, CREATURE, ars_nouveau:whirlisprig, 5, 1, 2
258, beach, minecraft:beach, AMBIENT, minecraft:bat, 10, 8, 8
259, beach, minecraft:beach, UNDERGROUND_WATER_CREATURE, minecraft:glow_squid, 10, 4, 6
260, forest, minecraft:birch_forest, MONSTER, minecraft:spider, 10, 4, 4
261, forest, minecraft:birch_forest, MONSTER, minecraft:zombie, 10, 4, 4
262, forest, minecraft:birch_forest, MONSTER, minecraft:zombie_villager, 5, 1, 1
263, forest, minecraft:birch_forest, MONSTER, minecraft:skeleton, 10, 4, 4
264, forest, minecraft:birch_forest, MONSTER, minecraft:creeper, 10, 4, 4
265, forest, minecraft:birch_forest, MONSTER, minecraft:slime, 10, 4, 4
266, forest, minecraft:birch_forest, MONSTER, minecraft:enderman, 5, 1, 4
267, forest, minecraft:birch_forest, MONSTER, minecraft:witch, 5, 1, 1
268, forest, minecraft:birch_forest, MONSTER, irons_spellbooks:necromancer, 18, 1, 1
269, forest, minecraft:birch_forest, CREATURE, minecraft:sheep, 12, 4, 4
270, forest, minecraft:birch_forest, CREATURE, minecraft:pig, 10, 4, 4
271, forest, minecraft:birch_forest, CREATURE, minecraft:chicken, 10, 4, 4
272, forest, minecraft:birch_forest, CREATURE, minecraft:cow, 8, 4, 4
273, forest, minecraft:birch_forest, CREATURE, ars_nouveau:drygmy, 5, 1, 2
274, forest, minecraft:birch_forest, CREATURE, ars_nouveau:gift_starby, 5, 1, 1
275, forest, minecraft:birch_forest, CREATURE, ars_nouveau:starbuncle, 5, 1, 2
276, forest, minecraft:birch_forest, CREATURE, ars_nouveau:whirlisprig, 5, 1, 2
277, forest, minecraft:birch_forest, AMBIENT, minecraft:bat, 10, 8, 8
278, forest, minecraft:birch_forest, UNDERGROUND_WATER_CREATURE, minecraft:glow_squid, 10, 4, 6
279, forest, biomeswevegone:black_forest, MONSTER, minecraft:spider, 10, 4, 4
280, forest, biomeswevegone:black_forest, MONSTER, minecraft:zombie, 10, 4, 4
281, forest, biomeswevegone:black_forest, MONSTER, minecraft:zombie_villager, 25, 1, 1
282, forest, biomeswevegone:black_forest, MONSTER, minecraft:skeleton, 10, 4, 4
283, forest, biomeswevegone:black_forest, MONSTER, minecraft:creeper, 10, 4, 4
284, forest, biomeswevegone:black_forest, MONSTER, minecraft:slime, 10, 4, 4
285, forest, biomeswevegone:black_forest, MONSTER, minecraft:enderman, 5, 1, 4
286, forest, biomeswevegone:black_forest, MONSTER, minecraft:witch, 5, 1, 1
287, forest, biomeswevegone:black_forest, MONSTER, irons_spellbooks:necromancer, 18, 1, 1
288, forest, biomeswevegone:black_forest, CREATURE, minecraft:sheep, 12, 4, 4
289, forest, biomeswevegone:black_forest, CREATURE, minecraft:pig, 10, 4, 4
290, forest, biomeswevegone:black_forest, CREATURE, minecraft:chicken, 10, 4, 4
291, forest, biomeswevegone:black_forest, CREATURE, minecraft:cow, 8, 4, 4
292, forest, biomeswevegone:black_forest, CREATURE, minecraft:wolf, 8, 4, 4
293, forest, biomeswevegone:black_forest, CREATURE, minecraft:rabbit, 5, 2, 3
294, forest, biomeswevegone:black_forest, CREATURE, minecraft:fox, 8, 2, 4
295, forest, biomeswevegone:black_forest, CREATURE, ars_nouveau:drygmy, 5, 1, 2
296, forest, biomeswevegone:black_forest, CREATURE, ars_nouveau:gift_starby, 5, 1, 1
297, forest, biomeswevegone:black_forest, CREATURE, ars_nouveau:starbuncle, 5, 1, 2
298, forest, biomeswevegone:black_forest, CREATURE, ars_nouveau:whirlisprig, 5, 1, 2
299, forest, biomeswevegone:black_forest, AMBIENT, minecraft:bat, 10, 8, 8
300, forest, ars_elemental:blazing_forest, MONSTER, minecraft:spider, 10, 4, 4
301, forest, ars_elemental:blazing_forest, MONSTER, minecraft:husk, 10, 2, 4
302, forest, ars_elemental:blazing_forest, MONSTER, minecraft:zombie, 10, 4, 4
303, forest, ars_elemental:blazing_forest, MONSTER, minecraft:zombie_villager, 5, 1, 1
304, forest, ars_elemental:blazing_forest, MONSTER, minecraft:skeleton, 10, 4, 4
305, forest, ars_elemental:blazing_forest, MONSTER, minecraft:creeper, 10, 4, 4
306, forest, ars_elemental:blazing_forest, MONSTER, minecraft:slime, 10, 4, 4
307, forest, ars_elemental:blazing_forest, MONSTER, minecraft:enderman, 5, 1, 4
308, forest, ars_elemental:blazing_forest, MONSTER, minecraft:witch, 5, 1, 1
309, forest, ars_elemental:blazing_forest, MONSTER, ars_elemental:fire_mage, 5, 1, 3
310, forest, ars_elemental:blazing_forest, MONSTER, irons_spellbooks:necromancer, 18, 1, 1
311, forest, ars_elemental:blazing_forest, CREATURE, ars_nouveau:starbuncle, 5, 3, 5
312, forest, ars_elemental:blazing_forest, CREATURE, ars_nouveau:drygmy, 5, 1, 3
313, forest, ars_elemental:blazing_forest, CREATURE, ars_nouveau:whirlisprig, 5, 1, 3
314, forest, ars_elemental:blazing_forest, CREATURE, minecraft:sheep, 12, 4, 4
315, forest, ars_elemental:blazing_forest, CREATURE, minecraft:pig, 10, 4, 4
316, forest, ars_elemental:blazing_forest, CREATURE, minecraft:chicken, 10, 4, 4
317, forest, ars_elemental:blazing_forest, CREATURE, minecraft:cow, 8, 4, 4
318, forest, ars_elemental:blazing_forest, CREATURE, minecraft:rabbit, 6, 2, 3
319, forest, ars_elemental:blazing_forest, CREATURE, ars_nouveau:blazing_weald_walker, 10, 1, 3
320, forest, ars_elemental:blazing_forest, CREATURE, minecraft:armadillo, 6, 1, 2
321, forest, ars_elemental:blazing_forest, CREATURE, ars_nouveau:drygmy, 5, 1, 2
322, forest, ars_elemental:blazing_forest, CREATURE, ars_nouveau:gift_starby, 5, 1, 1
323, forest, ars_elemental:blazing_forest, CREATURE, ars_nouveau:starbuncle, 5, 1, 2
324, forest, ars_elemental:blazing_forest, CREATURE, ars_nouveau:whirlisprig, 5, 1, 2
325, forest, ars_elemental:blazing_forest, AMBIENT, minecraft:bat, 10, 8, 8
326, forest, ars_elemental:blazing_forest, UNDERGROUND_WATER_CREATURE, minecraft:glow_squid, 10, 4, 6
327, forest, ars_elemental:blazing_forest, WATER_CREATURE, ars_elemental:siren_entity, 5, 1, 3
328, forest, biomeswevegone:canadian_shield, MONSTER, minecraft:spider, 10, 4, 4
329, forest, biomeswevegone:canadian_shield, MONSTER, minecraft:zombie, 10, 4, 4
330, forest, biomeswevegone:canadian_shield, MONSTER, minecraft:zombie_villager, 5, 1, 1
331, forest, biomeswevegone:canadian_shield, MONSTER, minecraft:skeleton, 10, 4, 4
332, forest, biomeswevegone:canadian_shield, MONSTER, minecraft:creeper, 10, 4, 4
333, forest, biomeswevegone:canadian_shield, MONSTER, minecraft:slime, 10, 4, 4
334, forest, biomeswevegone:canadian_shield, MONSTER, minecraft:enderman, 5, 1, 4
335, forest, biomeswevegone:canadian_shield, MONSTER, minecraft:witch, 5, 1, 1
336, forest, biomeswevegone:canadian_shield, MONSTER, irons_spellbooks:necromancer, 18, 1, 1
337, forest, biomeswevegone:canadian_shield, CREATURE, minecraft:sheep, 12, 4, 4
338, forest, biomeswevegone:canadian_shield, CREATURE, minecraft:pig, 10, 4, 4
339, forest, biomeswevegone:canadian_shield, CREATURE, minecraft:chicken, 10, 4, 4
340, forest, biomeswevegone:canadian_shield, CREATURE, minecraft:cow, 8, 4, 4
341, forest, biomeswevegone:canadian_shield, CREATURE, minecraft:wolf, 8, 4, 4
342, forest, biomeswevegone:canadian_shield, CREATURE, minecraft:rabbit, 5, 2, 3
343, forest, biomeswevegone:canadian_shield, CREATURE, minecraft:fox, 8, 2, 4
344, forest, biomeswevegone:canadian_shield, CREATURE, ars_nouveau:drygmy, 5, 1, 2
345, forest, biomeswevegone:canadian_shield, CREATURE, ars_nouveau:gift_starby, 5, 1, 1
346, forest, biomeswevegone:canadian_shield, CREATURE, ars_nouveau:starbuncle, 5, 1, 2
347, forest, biomeswevegone:canadian_shield, CREATURE, ars_nouveau:whirlisprig, 5, 1, 2
348, forest, biomeswevegone:canadian_shield, AMBIENT, minecraft:bat, 10, 8, 8
349, forest, ars_elemental:cascading_forest, MONSTER, minecraft:spider, 10, 4, 4
350, forest, ars_elemental:cascading_forest, MONSTER, minecraft:drowned, 10, 2, 4
351, forest, ars_elemental:cascading_forest, MONSTER, minecraft:zombie, 10, 4, 4
352, forest, ars_elemental:cascading_forest, MONSTER, minecraft:zombie_villager, 5, 1, 1
353, forest, ars_elemental:cascading_forest, MONSTER, minecraft:skeleton, 10, 4, 4
354, forest, ars_elemental:cascading_forest, MONSTER, minecraft:creeper, 10, 4, 4
355, forest, ars_elemental:cascading_forest, MONSTER, minecraft:slime, 10, 4, 4
356, forest, ars_elemental:cascading_forest, MONSTER, minecraft:enderman, 5, 1, 4
357, forest, ars_elemental:cascading_forest, MONSTER, minecraft:witch, 5, 1, 1
358, forest, ars_elemental:cascading_forest, MONSTER, ars_elemental:water_mage, 5, 1, 3
359, forest, ars_elemental:cascading_forest, MONSTER, irons_spellbooks:necromancer, 18, 1, 1
360, forest, ars_elemental:cascading_forest, CREATURE, ars_nouveau:starbuncle, 5, 3, 5
361, forest, ars_elemental:cascading_forest, CREATURE, ars_nouveau:drygmy, 5, 1, 3
362, forest, ars_elemental:cascading_forest, CREATURE, ars_nouveau:whirlisprig, 5, 1, 3
363, forest, ars_elemental:cascading_forest, CREATURE, minecraft:sheep, 12, 4, 4
364, forest, ars_elemental:cascading_forest, CREATURE, minecraft:pig, 10, 4, 4
365, forest, ars_elemental:cascading_forest, CREATURE, minecraft:chicken, 10, 4, 4
366, forest, ars_elemental:cascading_forest, CREATURE, minecraft:cow, 8, 4, 4
367, forest, ars_elemental:cascading_forest, CREATURE, minecraft:rabbit, 6, 2, 3
368, forest, ars_elemental:cascading_forest, CREATURE, ars_nouveau:cascading_weald_walker, 10, 1, 3
369, forest, ars_elemental:cascading_forest, CREATURE, minecraft:frog, 6, 1, 3
370, forest, ars_elemental:cascading_forest, CREATURE, ars_nouveau:alakarkinos, 5, 1, 1
371, forest, ars_elemental:cascading_forest, CREATURE, ars_nouveau:drygmy, 5, 1, 2
372, forest, ars_elemental:cascading_forest, CREATURE, ars_nouveau:gift_starby, 5, 1, 1
373, forest, ars_elemental:cascading_forest, CREATURE, ars_nouveau:starbuncle, 5, 1, 2
374, forest, ars_elemental:cascading_forest, CREATURE, ars_nouveau:whirlisprig, 5, 1, 2
375, forest, ars_elemental:cascading_forest, AMBIENT, minecraft:bat, 10, 8, 8
376, forest, ars_elemental:cascading_forest, UNDERGROUND_WATER_CREATURE, minecraft:glow_squid, 10, 4, 6
377, forest, ars_elemental:cascading_forest, WATER_CREATURE, ars_elemental:siren_entity, 5, 1, 3
378, forest, ars_elemental:cascading_forest, WATER_AMBIENT, minecraft:cod, 15, 3, 6
379, forest, ars_elemental:cascading_forest, WATER_AMBIENT, minecraft:salmon, 15, 1, 5
380, forest, ars_elemental:cascading_forest, WATER_AMBIENT, minecraft:tropical_fish, 10, 8, 8
381, private, enderscape:celestial_grove, MONSTER, minecraft:enderman, 10, 4, 4
382, private, enderscape:celestial_grove, CREATURE, enderscape:drifter, 6, 3, 6
383, private, enderscape:celestial_grove, CREATURE, enderscape:driftlet, 5, 2, 3
384, extreme_hills, minecraft:cherry_grove, MONSTER, minecraft:spider, 10, 4, 4
385, extreme_hills, minecraft:cherry_grove, MONSTER, minecraft:zombie, 10, 4, 4
386, extreme_hills, minecraft:cherry_grove, MONSTER, minecraft:zombie_villager, 5, 1, 1
387, extreme_hills, minecraft:cherry_grove, MONSTER, minecraft:skeleton, 10, 4, 4
388, extreme_hills, minecraft:cherry_grove, MONSTER, minecraft:creeper, 10, 4, 4
389, extreme_hills, minecraft:cherry_grove, MONSTER, minecraft:slime, 10, 4, 4
390, extreme_hills, minecraft:cherry_grove, MONSTER, minecraft:enderman, 5, 1, 4
391, extreme_hills, minecraft:cherry_grove, MONSTER, minecraft:witch, 5, 1, 1
392, extreme_hills, minecraft:cherry_grove, MONSTER, irons_spellbooks:necromancer, 18, 1, 1
393, extreme_hills, minecraft:cherry_grove, CREATURE, minecraft:pig, 5, 1, 2
394, extreme_hills, minecraft:cherry_grove, CREATURE, minecraft:rabbit, 5, 2, 6
395, extreme_hills, minecraft:cherry_grove, CREATURE, minecraft:sheep, 5, 2, 4
396, extreme_hills, minecraft:cherry_grove, CREATURE, ars_nouveau:drygmy, 5, 1, 2
397, extreme_hills, minecraft:cherry_grove, CREATURE, ars_nouveau:gift_starby, 5, 1, 1
398, extreme_hills, minecraft:cherry_grove, CREATURE, ars_nouveau:starbuncle, 5, 1, 2
399, extreme_hills, minecraft:cherry_grove, CREATURE, ars_nouveau:whirlisprig, 5, 1, 2
400, extreme_hills, minecraft:cherry_grove, AMBIENT, minecraft:bat, 10, 8, 8
401, extreme_hills, minecraft:cherry_grove, UNDERGROUND_WATER_CREATURE, minecraft:glow_squid, 10, 4, 6
402, forest, biomeswevegone:cika_woods, MONSTER, minecraft:spider, 10, 4, 4
403, forest, biomeswevegone:cika_woods, MONSTER, minecraft:zombie, 10, 4, 4
404, forest, biomeswevegone:cika_woods, MONSTER, minecraft:zombie_villager, 5, 1, 1
405, forest, biomeswevegone:cika_woods, MONSTER, minecraft:skeleton, 10, 4, 4
406, forest, biomeswevegone:cika_woods, MONSTER, minecraft:creeper, 10, 4, 4
407, forest, biomeswevegone:cika_woods, MONSTER, minecraft:slime, 10, 4, 4
408, forest, biomeswevegone:cika_woods, MONSTER, minecraft:enderman, 5, 1, 4
409, forest, biomeswevegone:cika_woods, MONSTER, minecraft:witch, 5, 1, 1
410, forest, biomeswevegone:cika_woods, MONSTER, irons_spellbooks:necromancer, 18, 1, 1
411, forest, biomeswevegone:cika_woods, CREATURE, minecraft:sheep, 10, 4, 4
412, forest, biomeswevegone:cika_woods, CREATURE, minecraft:pig, 10, 4, 4
413, forest, biomeswevegone:cika_woods, CREATURE, minecraft:chicken, 10, 4, 4
414, forest, biomeswevegone:cika_woods, CREATURE, minecraft:cow, 8, 4, 4
415, forest, biomeswevegone:cika_woods, CREATURE, ars_nouveau:drygmy, 5, 1, 2
416, forest, biomeswevegone:cika_woods, CREATURE, ars_nouveau:gift_starby, 5, 1, 1
417, forest, biomeswevegone:cika_woods, CREATURE, ars_nouveau:starbuncle, 5, 1, 2
418, forest, biomeswevegone:cika_woods, CREATURE, ars_nouveau:whirlisprig, 5, 1, 2
419, forest, biomeswevegone:cika_woods, AMBIENT, minecraft:bat, 10, 8, 8
420, private, biomeswevegone:coconino_meadow, MONSTER, minecraft:spider, 10, 4, 4
421, private, biomeswevegone:coconino_meadow, MONSTER, minecraft:zombie, 10, 4, 4
422, private, biomeswevegone:coconino_meadow, MONSTER, minecraft:zombie_villager, 5, 1, 1
423, private, biomeswevegone:coconino_meadow, MONSTER, minecraft:skeleton, 10, 4, 4
424, private, biomeswevegone:coconino_meadow, MONSTER, minecraft:creeper, 10, 4, 4
425, private, biomeswevegone:coconino_meadow, MONSTER, minecraft:slime, 10, 4, 4
426, private, biomeswevegone:coconino_meadow, MONSTER, minecraft:enderman, 5, 1, 4
427, private, biomeswevegone:coconino_meadow, MONSTER, minecraft:witch, 5, 1, 1
428, private, biomeswevegone:coconino_meadow, MONSTER, irons_spellbooks:necromancer, 18, 1, 1
429, private, biomeswevegone:coconino_meadow, CREATURE, minecraft:sheep, 12, 4, 4
430, private, biomeswevegone:coconino_meadow, CREATURE, minecraft:pig, 10, 4, 4
431, private, biomeswevegone:coconino_meadow, CREATURE, minecraft:chicken, 10, 4, 4
432, private, biomeswevegone:coconino_meadow, CREATURE, minecraft:cow, 8, 4, 4
433, private, biomeswevegone:coconino_meadow, CREATURE, minecraft:wolf, 8, 4, 4
434, private, biomeswevegone:coconino_meadow, CREATURE, minecraft:rabbit, 5, 2, 3
435, private, biomeswevegone:coconino_meadow, CREATURE, minecraft:fox, 8, 2, 4
436, private, biomeswevegone:coconino_meadow, CREATURE, ars_nouveau:drygmy, 5, 1, 2
437, private, biomeswevegone:coconino_meadow, CREATURE, ars_nouveau:gift_starby, 5, 1, 1
438, private, biomeswevegone:coconino_meadow, CREATURE, ars_nouveau:starbuncle, 5, 1, 2
439, private, biomeswevegone:coconino_meadow, CREATURE, ars_nouveau:whirlisprig, 5, 1, 2
440, private, biomeswevegone:coconino_meadow, AMBIENT, minecraft:bat, 10, 8, 8
441, private, biomeswevegone:coconino_meadow, UNDERGROUND_WATER_CREATURE, minecraft:glow_squid, 10, 4, 6
442, ocean, minecraft:cold_ocean, MONSTER, minecraft:spider, 10, 4, 4
443, ocean, minecraft:cold_ocean, MONSTER, minecraft:zombie, 10, 4, 4
444, ocean, minecraft:cold_ocean, MONSTER, minecraft:zombie_villager, 5, 1, 1
445, ocean, minecraft:cold_ocean, MONSTER, minecraft:skeleton, 10, 4, 4
446, ocean, minecraft:cold_ocean, MONSTER, minecraft:creeper, 10, 4, 4
447, ocean, minecraft:cold_ocean, MONSTER, minecraft:slime, 10, 4, 4
448, ocean, minecraft:cold_ocean, MONSTER, minecraft:enderman, 5, 1, 4
449, ocean, minecraft:cold_ocean, MONSTER, minecraft:witch, 5, 1, 1
450, ocean, minecraft:cold_ocean, MONSTER, minecraft:drowned, 5, 1, 1
451, ocean, minecraft:cold_ocean, MONSTER, irons_spellbooks:necromancer, 18, 1, 1
452, ocean, minecraft:cold_ocean, CREATURE, ars_nouveau:drygmy, 5, 1, 2
453, ocean, minecraft:cold_ocean, CREATURE, ars_nouveau:gift_starby, 5, 1, 1
454, ocean, minecraft:cold_ocean, CREATURE, ars_nouveau:starbuncle, 5, 1, 2
455, ocean, minecraft:cold_ocean, CREATURE, ars_nouveau:whirlisprig, 5, 1, 2
456, ocean, minecraft:cold_ocean, AMBIENT, minecraft:bat, 10, 8, 8
457, ocean, minecraft:cold_ocean, UNDERGROUND_WATER_CREATURE, minecraft:glow_squid, 10, 4, 6
458, ocean, minecraft:cold_ocean, WATER_CREATURE, minecraft:squid, 5, 1, 4
459, ocean, minecraft:cold_ocean, WATER_AMBIENT, minecraft:cod, 15, 3, 6
460, ocean, minecraft:cold_ocean, WATER_AMBIENT, minecraft:salmon, 15, 1, 5
461, forest, biomeswevegone:coniferous_forest, MONSTER, minecraft:spider, 10, 4, 4
462, forest, biomeswevegone:coniferous_forest, MONSTER, minecraft:zombie, 10, 4, 4
463, forest, biomeswevegone:coniferous_forest, MONSTER, minecraft:skeleton, 10, 4, 4
464, forest, biomeswevegone:coniferous_forest, MONSTER, minecraft:zombie_villager, 25, 1, 1
465, forest, biomeswevegone:coniferous_forest, MONSTER, minecraft:creeper, 10, 4, 4
466, forest, biomeswevegone:coniferous_forest, MONSTER, minecraft:slime, 10, 4, 4
467, forest, biomeswevegone:coniferous_forest, MONSTER, minecraft:enderman, 5, 1, 4
468, forest, biomeswevegone:coniferous_forest, MONSTER, minecraft:witch, 5, 1, 1
469, forest, biomeswevegone:coniferous_forest, MONSTER, irons_spellbooks:necromancer, 18, 1, 1
470, forest, biomeswevegone:coniferous_forest, CREATURE, minecraft:sheep, 12, 4, 4
471, forest, biomeswevegone:coniferous_forest, CREATURE, minecraft:pig, 10, 4, 4
472, forest, biomeswevegone:coniferous_forest, CREATURE, minecraft:chicken, 10, 4, 4
473, forest, biomeswevegone:coniferous_forest, CREATURE, minecraft:cow, 8, 4, 4
474, forest, biomeswevegone:coniferous_forest, CREATURE, minecraft:wolf, 8, 4, 4
475, forest, biomeswevegone:coniferous_forest, CREATURE, minecraft:rabbit, 5, 2, 3
476, forest, biomeswevegone:coniferous_forest, CREATURE, minecraft:fox, 8, 2, 4
477, forest, biomeswevegone:coniferous_forest, CREATURE, ars_nouveau:drygmy, 5, 1, 2
478, forest, biomeswevegone:coniferous_forest, CREATURE, ars_nouveau:gift_starby, 5, 1, 1
479, forest, biomeswevegone:coniferous_forest, CREATURE, ars_nouveau:starbuncle, 5, 1, 2
480, forest, biomeswevegone:coniferous_forest, CREATURE, ars_nouveau:whirlisprig, 5, 1, 2
481, forest, biomeswevegone:coniferous_forest, AMBIENT, minecraft:bat, 10, 8, 8
482, private, enderscape:corrupt_barrens, MONSTER, minecraft:endermite, 5, 1, 1
483, private, enderscape:corrupt_barrens, MONSTER, enderscape:rubblemite, 5, 1, 1
484, jungle, biomeswevegone:crag_gardens, MONSTER, minecraft:spider, 10, 4, 4
485, jungle, biomeswevegone:crag_gardens, MONSTER, minecraft:zombie, 10, 4, 4
486, jungle, biomeswevegone:crag_gardens, MONSTER, minecraft:zombie_villager, 5, 1, 1
487, jungle, biomeswevegone:crag_gardens, MONSTER, minecraft:skeleton, 10, 4, 4
488, jungle, biomeswevegone:crag_gardens, MONSTER, minecraft:creeper, 10, 4, 4
489, jungle, biomeswevegone:crag_gardens, MONSTER, minecraft:slime, 10, 4, 4
490, jungle, biomeswevegone:crag_gardens, MONSTER, minecraft:enderman, 5, 1, 4
491, jungle, biomeswevegone:crag_gardens, MONSTER, minecraft:witch, 5, 1, 1
492, jungle, biomeswevegone:crag_gardens, MONSTER, irons_spellbooks:necromancer, 18, 1, 1
493, jungle, biomeswevegone:crag_gardens, CREATURE, minecraft:sheep, 12, 4, 4
494, jungle, biomeswevegone:crag_gardens, CREATURE, minecraft:pig, 10, 4, 4
495, jungle, biomeswevegone:crag_gardens, CREATURE, minecraft:chicken, 10, 4, 4
496, jungle, biomeswevegone:crag_gardens, CREATURE, minecraft:cow, 8, 4, 4
497, jungle, biomeswevegone:crag_gardens, CREATURE, minecraft:chicken, 10, 4, 4
498, jungle, biomeswevegone:crag_gardens, CREATURE, minecraft:parrot, 10, 1, 2
499, jungle, biomeswevegone:crag_gardens, CREATURE, minecraft:ocelot, 5, 1, 1
500, jungle, biomeswevegone:crag_gardens, CREATURE, ars_nouveau:drygmy, 5, 1, 2
501, jungle, biomeswevegone:crag_gardens, CREATURE, ars_nouveau:gift_starby, 5, 1, 1
502, jungle, biomeswevegone:crag_gardens, CREATURE, ars_nouveau:starbuncle, 5, 1, 2
503, jungle, biomeswevegone:crag_gardens, CREATURE, ars_nouveau:whirlisprig, 5, 1, 2
504, jungle, biomeswevegone:crag_gardens, AMBIENT, minecraft:bat, 10, 8, 8
505, jungle, biomeswevegone:crag_gardens, AMBIENT, minecraft:bat, 10, 8, 8
506, jungle, biomeswevegone:crag_gardens, UNDERGROUND_WATER_CREATURE, minecraft:glow_squid, 10, 4, 6
507, nether, minecraft:crimson_forest, MONSTER, minecraft:zombified_piglin, 5, 2, 4
508, nether, minecraft:crimson_forest, MONSTER, minecraft:hoglin, 9, 3, 4
509, nether, minecraft:crimson_forest, MONSTER, minecraft:piglin, 5, 3, 4
510, nether, minecraft:crimson_forest, MONSTER, minecraft:ghast, 5, 4, 4
511, nether, minecraft:crimson_forest, CREATURE, minecraft:strider, 10, 1, 2
512, nether, minecraft:crimson_forest, WATER_AMBIENT, netherdepthsupgrade:bonefish, 8, 1, 5
513, nether, minecraft:crimson_forest, WATER_AMBIENT, netherdepthsupgrade:eyeball_fish, 5, 2, 4
514, nether, minecraft:crimson_forest, WATER_AMBIENT, netherdepthsupgrade:fortressgrouper, 5, 1, 2
515, nether, minecraft:crimson_forest, WATER_AMBIENT, netherdepthsupgrade:lava_pufferfish, 15, 1, 5
516, nether, minecraft:crimson_forest, WATER_AMBIENT, netherdepthsupgrade:searing_cod, 10, 3, 6
517, nether, minecraft:crimson_forest, WATER_AMBIENT, netherdepthsupgrade:wither_bonefish, 5, 1, 3
518, private, biomeswevegone:crimson_tundra, MONSTER, minecraft:spider, 10, 4, 4
519, private, biomeswevegone:crimson_tundra, MONSTER, minecraft:zombie, 10, 4, 4
520, private, biomeswevegone:crimson_tundra, MONSTER, minecraft:zombie_villager, 5, 1, 1
521, private, biomeswevegone:crimson_tundra, MONSTER, minecraft:skeleton, 10, 4, 4
522, private, biomeswevegone:crimson_tundra, MONSTER, minecraft:creeper, 10, 4, 4
523, private, biomeswevegone:crimson_tundra, MONSTER, minecraft:slime, 10, 4, 4
524, private, biomeswevegone:crimson_tundra, MONSTER, minecraft:enderman, 5, 1, 4
525, private, biomeswevegone:crimson_tundra, MONSTER, minecraft:witch, 5, 1, 1
526, private, biomeswevegone:crimson_tundra, MONSTER, minecraft:stray, 10, 2, 3
527, private, biomeswevegone:crimson_tundra, MONSTER, irons_spellbooks:necromancer, 18, 1, 1
528, private, biomeswevegone:crimson_tundra, CREATURE, minecraft:sheep, 12, 4, 4
529, private, biomeswevegone:crimson_tundra, CREATURE, minecraft:pig, 10, 4, 4
530, private, biomeswevegone:crimson_tundra, CREATURE, minecraft:chicken, 10, 4, 4
531, private, biomeswevegone:crimson_tundra, CREATURE, minecraft:cow, 8, 4, 4
532, private, biomeswevegone:crimson_tundra, CREATURE, minecraft:rabbit, 10, 2, 3
533, private, biomeswevegone:crimson_tundra, CREATURE, minecraft:fox, 8, 2, 4
534, private, biomeswevegone:crimson_tundra, CREATURE, minecraft:polar_bear, 5, 1, 2
535, private, biomeswevegone:crimson_tundra, CREATURE, ars_nouveau:drygmy, 5, 1, 2
536, private, biomeswevegone:crimson_tundra, CREATURE, ars_nouveau:gift_starby, 5, 1, 1
537, private, biomeswevegone:crimson_tundra, CREATURE, ars_nouveau:starbuncle, 5, 1, 2
538, private, biomeswevegone:crimson_tundra, CREATURE, ars_nouveau:whirlisprig, 5, 1, 2
539, swamp, biomeswevegone:cypress_swamplands, MONSTER, minecraft:spider, 10, 4, 4
540, swamp, biomeswevegone:cypress_swamplands, MONSTER, minecraft:zombie, 10, 4, 4
541, swamp, biomeswevegone:cypress_swamplands, MONSTER, minecraft:zombie_villager, 5, 1, 1
542, swamp, biomeswevegone:cypress_swamplands, MONSTER, minecraft:skeleton, 10, 4, 4
543, swamp, biomeswevegone:cypress_swamplands, MONSTER, minecraft:creeper, 10, 4, 4
544, swamp, biomeswevegone:cypress_swamplands, MONSTER, minecraft:slime, 10, 4, 4
545, swamp, biomeswevegone:cypress_swamplands, MONSTER, minecraft:enderman, 5, 1, 4
546, swamp, biomeswevegone:cypress_swamplands, MONSTER, minecraft:witch, 5, 1, 1
547, swamp, biomeswevegone:cypress_swamplands, MONSTER, minecraft:slime, 5, 1, 1
548, swamp, biomeswevegone:cypress_swamplands, MONSTER, irons_spellbooks:necromancer, 18, 1, 1
549, swamp, biomeswevegone:cypress_swamplands, CREATURE, minecraft:frog, 10, 2, 5
550, swamp, biomeswevegone:cypress_swamplands, CREATURE, ars_nouveau:drygmy, 5, 1, 2
551, swamp, biomeswevegone:cypress_swamplands, CREATURE, ars_nouveau:gift_starby, 5, 1, 1
552, swamp, biomeswevegone:cypress_swamplands, CREATURE, ars_nouveau:starbuncle, 5, 1, 2
553, swamp, biomeswevegone:cypress_swamplands, CREATURE, ars_nouveau:whirlisprig, 5, 1, 2
554, swamp, biomeswevegone:cypress_swamplands, AMBIENT, minecraft:bat, 10, 8, 8
555, swamp, biomeswevegone:cypress_swamplands, UNDERGROUND_WATER_CREATURE, minecraft:glow_squid, 10, 4, 6
556, swamp, biomeswevegone:cypress_swamplands, WATER_AMBIENT, minecraft:tropical_fish, 10, 8, 8
557, swamp, biomeswevegone:cypress_wetlands, MONSTER, minecraft:spider, 10, 4, 4
558, swamp, biomeswevegone:cypress_wetlands, MONSTER, minecraft:zombie, 10, 4, 4
559, swamp, biomeswevegone:cypress_wetlands, MONSTER, minecraft:zombie_villager, 5, 1, 1
560, swamp, biomeswevegone:cypress_wetlands, MONSTER, minecraft:skeleton, 10, 4, 4
561, swamp, biomeswevegone:cypress_wetlands, MONSTER, minecraft:creeper, 10, 4, 4
562, swamp, biomeswevegone:cypress_wetlands, MONSTER, minecraft:slime, 10, 4, 4
563, swamp, biomeswevegone:cypress_wetlands, MONSTER, minecraft:enderman, 5, 1, 4
564, swamp, biomeswevegone:cypress_wetlands, MONSTER, minecraft:witch, 5, 1, 1
565, swamp, biomeswevegone:cypress_wetlands, MONSTER, minecraft:slime, 5, 1, 1
566, swamp, biomeswevegone:cypress_wetlands, MONSTER, irons_spellbooks:necromancer, 18, 1, 1
567, swamp, biomeswevegone:cypress_wetlands, CREATURE, minecraft:frog, 10, 2, 5
568, swamp, biomeswevegone:cypress_wetlands, CREATURE, ars_nouveau:drygmy, 5, 1, 2
569, swamp, biomeswevegone:cypress_wetlands, CREATURE, ars_nouveau:gift_starby, 5, 1, 1
570, swamp, biomeswevegone:cypress_wetlands, CREATURE, ars_nouveau:starbuncle, 5, 1, 2
571, swamp, biomeswevegone:cypress_wetlands, CREATURE, ars_nouveau:whirlisprig, 5, 1, 2
572, swamp, biomeswevegone:cypress_wetlands, AMBIENT, minecraft:bat, 10, 8, 8
573, swamp, biomeswevegone:cypress_wetlands, UNDERGROUND_WATER_CREATURE, minecraft:glow_squid, 10, 4, 6
574, swamp, biomeswevegone:cypress_wetlands, WATER_AMBIENT, minecraft:tropical_fish, 10, 8, 8
575, forest, biomeswevegone:dacite_ridges, MONSTER, minecraft:spider, 10, 4, 4
576, forest, biomeswevegone:dacite_ridges, MONSTER, minecraft:zombie, 10, 4, 4
577, forest, biomeswevegone:dacite_ridges, MONSTER, minecraft:zombie_villager, 5, 1, 1
578, forest, biomeswevegone:dacite_ridges, MONSTER, minecraft:skeleton, 10, 4, 4
579, forest, biomeswevegone:dacite_ridges, MONSTER, minecraft:creeper, 10, 4, 4
580, forest, biomeswevegone:dacite_ridges, MONSTER, minecraft:slime, 10, 4, 4
581, forest, biomeswevegone:dacite_ridges, MONSTER, minecraft:enderman, 5, 1, 4
582, forest, biomeswevegone:dacite_ridges, MONSTER, minecraft:witch, 5, 1, 1
583, forest, biomeswevegone:dacite_ridges, MONSTER, irons_spellbooks:necromancer, 18, 1, 1
584, forest, biomeswevegone:dacite_ridges, CREATURE, minecraft:sheep, 12, 4, 4
585, forest, biomeswevegone:dacite_ridges, CREATURE, minecraft:wolf, 8, 4, 4
586, forest, biomeswevegone:dacite_ridges, CREATURE, minecraft:rabbit, 5, 2, 3
587, forest, biomeswevegone:dacite_ridges, CREATURE, minecraft:fox, 8, 2, 4
588, forest, biomeswevegone:dacite_ridges, CREATURE, ars_nouveau:drygmy, 5, 1, 2
589, forest, biomeswevegone:dacite_ridges, CREATURE, ars_nouveau:gift_starby, 5, 1, 1
590, forest, biomeswevegone:dacite_ridges, CREATURE, ars_nouveau:starbuncle, 5, 1, 2
591, forest, biomeswevegone:dacite_ridges, CREATURE, ars_nouveau:whirlisprig, 5, 1, 2
592, forest, biomeswevegone:dacite_ridges, AMBIENT, minecraft:bat, 10, 8, 8
593, beach, biomeswevegone:dacite_shore, MONSTER, minecraft:spider, 10, 4, 4
594, beach, biomeswevegone:dacite_shore, MONSTER, minecraft:zombie, 10, 4, 4
595, beach, biomeswevegone:dacite_shore, MONSTER, minecraft:zombie_villager, 5, 1, 1
596, beach, biomeswevegone:dacite_shore, MONSTER, minecraft:skeleton, 10, 4, 4
597, beach, biomeswevegone:dacite_shore, MONSTER, minecraft:creeper, 10, 4, 4
598, beach, biomeswevegone:dacite_shore, MONSTER, minecraft:slime, 10, 4, 4
599, beach, biomeswevegone:dacite_shore, MONSTER, minecraft:enderman, 5, 1, 4
600, beach, biomeswevegone:dacite_shore, MONSTER, minecraft:witch, 5, 1, 1
601, beach, biomeswevegone:dacite_shore, MONSTER, irons_spellbooks:necromancer, 18, 1, 1
602, beach, biomeswevegone:dacite_shore, CREATURE, minecraft:sheep, 12, 4, 4
603, beach, biomeswevegone:dacite_shore, CREATURE, minecraft:wolf, 8, 4, 4
604, beach, biomeswevegone:dacite_shore, CREATURE, minecraft:rabbit, 5, 2, 3
605, beach, biomeswevegone:dacite_shore, CREATURE, minecraft:fox, 8, 2, 4
606, beach, biomeswevegone:dacite_shore, CREATURE, ars_nouveau:alakarkinos, 5, 1, 1
607, beach, biomeswevegone:dacite_shore, CREATURE, ars_nouveau:drygmy, 5, 1, 2
608, beach, biomeswevegone:dacite_shore, CREATURE, ars_nouveau:gift_starby, 5, 1, 1
609, beach, biomeswevegone:dacite_shore, CREATURE, ars_nouveau:starbuncle, 5, 1, 2
610, beach, biomeswevegone:dacite_shore, CREATURE, ars_nouveau:whirlisprig, 5, 1, 2
611, forest, minecraft:dark_forest, MONSTER, minecraft:spider, 10, 4, 4
612, forest, minecraft:dark_forest, MONSTER, minecraft:zombie, 10, 4, 4
613, forest, minecraft:dark_forest, MONSTER, minecraft:zombie_villager, 5, 1, 1
614, forest, minecraft:dark_forest, MONSTER, minecraft:skeleton, 10, 4, 4
615, forest, minecraft:dark_forest, MONSTER, minecraft:creeper, 10, 4, 4
616, forest, minecraft:dark_forest, MONSTER, minecraft:slime, 10, 4, 4
617, forest, minecraft:dark_forest, MONSTER, minecraft:enderman, 5, 1, 4
618, forest, minecraft:dark_forest, MONSTER, minecraft:witch, 5, 1, 1
619, forest, minecraft:dark_forest, MONSTER, irons_spellbooks:necromancer, 18, 1, 1
620, forest, minecraft:dark_forest, CREATURE, minecraft:sheep, 12, 4, 4
621, forest, minecraft:dark_forest, CREATURE, minecraft:pig, 10, 4, 4
622, forest, minecraft:dark_forest, CREATURE, minecraft:chicken, 10, 4, 4
623, forest, minecraft:dark_forest, CREATURE, minecraft:cow, 8, 4, 4
624, forest, minecraft:dark_forest, CREATURE, ars_nouveau:drygmy, 5, 1, 2
625, forest, minecraft:dark_forest, CREATURE, ars_nouveau:gift_starby, 5, 1, 1
626, forest, minecraft:dark_forest, CREATURE, ars_nouveau:starbuncle, 5, 1, 2
627, forest, minecraft:dark_forest, CREATURE, ars_nouveau:whirlisprig, 5, 1, 2
628, forest, minecraft:dark_forest, AMBIENT, minecraft:bat, 10, 8, 8
629, forest, minecraft:dark_forest, UNDERGROUND_WATER_CREATURE, minecraft:glow_squid, 10, 4, 6
630, ocean, biomeswevegone:dead_sea, MONSTER, minecraft:spider, 10, 4, 4
631, ocean, biomeswevegone:dead_sea, MONSTER, minecraft:drowned, 10, 4, 4
632, ocean, biomeswevegone:dead_sea, MONSTER, minecraft:zombie_villager, 5, 1, 1
633, ocean, biomeswevegone:dead_sea, MONSTER, minecraft:skeleton, 10, 4, 4
634, ocean, biomeswevegone:dead_sea, MONSTER, minecraft:creeper, 10, 4, 4
635, ocean, biomeswevegone:dead_sea, MONSTER, minecraft:slime, 10, 4, 4
636, ocean, biomeswevegone:dead_sea, MONSTER, minecraft:enderman, 5, 1, 4
637, ocean, biomeswevegone:dead_sea, MONSTER, minecraft:witch, 5, 1, 1
638, ocean, biomeswevegone:dead_sea, MONSTER, irons_spellbooks:necromancer, 18, 1, 1
639, ocean, biomeswevegone:dead_sea, CREATURE, ars_nouveau:drygmy, 5, 1, 2
640, ocean, biomeswevegone:dead_sea, CREATURE, ars_nouveau:gift_starby, 5, 1, 1
641, ocean, biomeswevegone:dead_sea, CREATURE, ars_nouveau:starbuncle, 5, 1, 2
642, ocean, biomeswevegone:dead_sea, CREATURE, ars_nouveau:whirlisprig, 5, 1, 2
643, ocean, biomeswevegone:dead_sea, AMBIENT, minecraft:bat, 10, 8, 8
644, ocean, minecraft:deep_cold_ocean, MONSTER, minecraft:spider, 30, 4, 4
645, ocean, minecraft:deep_cold_ocean, MONSTER, minecraft:zombie, 30, 4, 4
646, ocean, minecraft:deep_cold_ocean, MONSTER, minecraft:zombie_villager, 5, 1, 1
647, ocean, minecraft:deep_cold_ocean, MONSTER, minecraft:skeleton, 30, 4, 4
648, ocean, minecraft:deep_cold_ocean, MONSTER, minecraft:creeper, 30, 4, 4
649, ocean, minecraft:deep_cold_ocean, MONSTER, minecraft:slime, 30, 4, 4
650, ocean, minecraft:deep_cold_ocean, MONSTER, minecraft:enderman, 5, 1, 4
651, ocean, minecraft:deep_cold_ocean, MONSTER, minecraft:witch, 5, 1, 1
652, ocean, minecraft:deep_cold_ocean, MONSTER, minecraft:drowned, 5, 1, 1
653, ocean, minecraft:deep_cold_ocean, MONSTER, cataclysm:deepling, 5, 1, 1
654, ocean, minecraft:deep_cold_ocean, MONSTER, cataclysm:deepling_angler, 5, 1, 1
655, ocean, minecraft:deep_cold_ocean, MONSTER, cataclysm:deepling_brute, 5, 1, 1
656, ocean, minecraft:deep_cold_ocean, MONSTER, cataclysm:deepling_priest, 5, 1, 1
657, ocean, minecraft:deep_cold_ocean, MONSTER, cataclysm:deepling_warlock, 5, 1, 1
658, ocean, minecraft:deep_cold_ocean, MONSTER, cataclysm:coral_golem, 5, 1, 1
659, ocean, minecraft:deep_cold_ocean, MONSTER, irons_spellbooks:necromancer, 18, 1, 1
660, ocean, minecraft:deep_cold_ocean, CREATURE, ars_nouveau:drygmy, 5, 1, 2
661, ocean, minecraft:deep_cold_ocean, CREATURE, ars_nouveau:gift_starby, 5, 1, 1
662, ocean, minecraft:deep_cold_ocean, CREATURE, ars_nouveau:starbuncle, 5, 1, 2
663, ocean, minecraft:deep_cold_ocean, CREATURE, ars_nouveau:whirlisprig, 5, 1, 2
664, ocean, minecraft:deep_cold_ocean, AMBIENT, minecraft:bat, 10, 8, 8
665, ocean, minecraft:deep_cold_ocean, UNDERGROUND_WATER_CREATURE, minecraft:glow_squid, 10, 4, 6
666, ocean, minecraft:deep_cold_ocean, WATER_CREATURE, minecraft:squid, 5, 1, 4
667, ocean, minecraft:deep_cold_ocean, WATER_AMBIENT, minecraft:cod, 15, 3, 6
668, ocean, minecraft:deep_cold_ocean, WATER_AMBIENT, minecraft:salmon, 15, 1, 5
669, private, minecraft:deep_dark, MONSTER, irons_spellbooks:necromancer, 18, 1, 1
670, private, minecraft:deep_dark, CREATURE, ars_nouveau:drygmy, 5, 1, 2
671, private, minecraft:deep_dark, CREATURE, ars_nouveau:gift_starby, 5, 1, 1
672, private, minecraft:deep_dark, CREATURE, ars_nouveau:starbuncle, 5, 1, 2
673, private, minecraft:deep_dark, CREATURE, ars_nouveau:whirlisprig, 5, 1, 2
674, ocean, minecraft:deep_frozen_ocean, MONSTER, minecraft:spider, 30, 4, 4
675, ocean, minecraft:deep_frozen_ocean, MONSTER, minecraft:zombie, 30, 4, 4
676, ocean, minecraft:deep_frozen_ocean, MONSTER, minecraft:zombie_villager, 5, 1, 1
677, ocean, minecraft:deep_frozen_ocean, MONSTER, minecraft:skeleton, 30, 4, 4
678, ocean, minecraft:deep_frozen_ocean, MONSTER, minecraft:creeper, 30, 4, 4
679, ocean, minecraft:deep_frozen_ocean, MONSTER, minecraft:slime, 30, 4, 4
680, ocean, minecraft:deep_frozen_ocean, MONSTER, minecraft:enderman, 5, 1, 4
681, ocean, minecraft:deep_frozen_ocean, MONSTER, minecraft:witch, 5, 1, 1
682, ocean, minecraft:deep_frozen_ocean, MONSTER, minecraft:drowned, 5, 1, 1
683, ocean, minecraft:deep_frozen_ocean, MONSTER, cataclysm:deepling, 5, 1, 1
684, ocean, minecraft:deep_frozen_ocean, MONSTER, cataclysm:deepling_angler, 5, 1, 1
685, ocean, minecraft:deep_frozen_ocean, MONSTER, cataclysm:deepling_brute, 5, 1, 1
686, ocean, minecraft:deep_frozen_ocean, MONSTER, cataclysm:deepling_priest, 5, 1, 1
687, ocean, minecraft:deep_frozen_ocean, MONSTER, cataclysm:deepling_warlock, 5, 1, 1
688, ocean, minecraft:deep_frozen_ocean, MONSTER, cataclysm:coral_golem, 5, 1, 1
689, ocean, minecraft:deep_frozen_ocean, MONSTER, irons_spellbooks:necromancer, 18, 1, 1
690, ocean, minecraft:deep_frozen_ocean, CREATURE, minecraft:polar_bear, 5, 1, 2
691, ocean, minecraft:deep_frozen_ocean, CREATURE, ars_nouveau:drygmy, 5, 1, 2
692, ocean, minecraft:deep_frozen_ocean, CREATURE, ars_nouveau:gift_starby, 5, 1, 1
693, ocean, minecraft:deep_frozen_ocean, CREATURE, ars_nouveau:starbuncle, 5, 1, 2
694, ocean, minecraft:deep_frozen_ocean, CREATURE, ars_nouveau:whirlisprig, 5, 1, 2
695, ocean, minecraft:deep_frozen_ocean, AMBIENT, minecraft:bat, 10, 8, 8
696, ocean, minecraft:deep_frozen_ocean, UNDERGROUND_WATER_CREATURE, minecraft:glow_squid, 10, 4, 6
697, ocean, minecraft:deep_frozen_ocean, WATER_CREATURE, minecraft:squid, 5, 1, 4
698, ocean, minecraft:deep_frozen_ocean, WATER_AMBIENT, minecraft:salmon, 15, 1, 5
699, ocean, minecraft:deep_lukewarm_ocean, MONSTER, minecraft:spider, 30, 4, 4
700, ocean, minecraft:deep_lukewarm_ocean, MONSTER, minecraft:zombie, 30, 4, 4
701, ocean, minecraft:deep_lukewarm_ocean, MONSTER, minecraft:zombie_villager, 5, 1, 1
702, ocean, minecraft:deep_lukewarm_ocean, MONSTER, minecraft:skeleton, 30, 4, 4
703, ocean, minecraft:deep_lukewarm_ocean, MONSTER, minecraft:creeper, 30, 4, 4
704, ocean, minecraft:deep_lukewarm_ocean, MONSTER, minecraft:slime, 30, 4, 4
705, ocean, minecraft:deep_lukewarm_ocean, MONSTER, minecraft:enderman, 5, 1, 4
706, ocean, minecraft:deep_lukewarm_ocean, MONSTER, minecraft:witch, 5, 1, 1
707, ocean, minecraft:deep_lukewarm_ocean, MONSTER, minecraft:drowned, 5, 1, 1
708, ocean, minecraft:deep_lukewarm_ocean, MONSTER, cataclysm:deepling, 5, 1, 1
709, ocean, minecraft:deep_lukewarm_ocean, MONSTER, cataclysm:deepling_angler, 5, 1, 1
710, ocean, minecraft:deep_lukewarm_ocean, MONSTER, cataclysm:deepling_brute, 5, 1, 1
711, ocean, minecraft:deep_lukewarm_ocean, MONSTER, cataclysm:deepling_priest, 5, 1, 1
712, ocean, minecraft:deep_lukewarm_ocean, MONSTER, cataclysm:deepling_warlock, 5, 1, 1
713, ocean, minecraft:deep_lukewarm_ocean, MONSTER, cataclysm:coral_golem, 5, 1, 1
714, ocean, minecraft:deep_lukewarm_ocean, MONSTER, variantsandventures:murk, 5, 1, 1
715, ocean, minecraft:deep_lukewarm_ocean, MONSTER, irons_spellbooks:necromancer, 18, 1, 1
716, ocean, minecraft:deep_lukewarm_ocean, CREATURE, ars_nouveau:drygmy, 5, 1, 2
717, ocean, minecraft:deep_lukewarm_ocean, CREATURE, ars_nouveau:gift_starby, 5, 1, 1
718, ocean, minecraft:deep_lukewarm_ocean, CREATURE, ars_nouveau:starbuncle, 5, 1, 2
719, ocean, minecraft:deep_lukewarm_ocean, CREATURE, ars_nouveau:whirlisprig, 5, 1, 2
720, ocean, minecraft:deep_lukewarm_ocean, AMBIENT, minecraft:bat, 10, 8, 8
721, ocean, minecraft:deep_lukewarm_ocean, UNDERGROUND_WATER_CREATURE, minecraft:glow_squid, 10, 4, 6
722, ocean, minecraft:deep_lukewarm_ocean, WATER_CREATURE, minecraft:squid, 8, 1, 4
723, ocean, minecraft:deep_lukewarm_ocean, WATER_CREATURE, minecraft:dolphin, 5, 1, 2
724, ocean, minecraft:deep_lukewarm_ocean, WATER_AMBIENT, minecraft:cod, 8, 3, 6
725, ocean, minecraft:deep_lukewarm_ocean, WATER_AMBIENT, minecraft:pufferfish, 5, 1, 3
726, ocean, minecraft:deep_lukewarm_ocean, WATER_AMBIENT, minecraft:tropical_fish, 25, 8, 8
727, ocean, minecraft:deep_ocean, MONSTER, minecraft:spider, 30, 4, 4
728, ocean, minecraft:deep_ocean, MONSTER, minecraft:zombie, 30, 4, 4
729, ocean, minecraft:deep_ocean, MONSTER, minecraft:zombie_villager, 5, 1, 1
730, ocean, minecraft:deep_ocean, MONSTER, minecraft:skeleton, 30, 4, 4
731, ocean, minecraft:deep_ocean, MONSTER, minecraft:creeper, 30, 4, 4
732, ocean, minecraft:deep_ocean, MONSTER, minecraft:slime, 30, 4, 4
733, ocean, minecraft:deep_ocean, MONSTER, minecraft:enderman, 5, 1, 4
734, ocean, minecraft:deep_ocean, MONSTER, minecraft:witch, 5, 1, 1
735, ocean, minecraft:deep_ocean, MONSTER, minecraft:drowned, 5, 1, 1
736, ocean, minecraft:deep_ocean, MONSTER, cataclysm:deepling, 5, 1, 1
737, ocean, minecraft:deep_ocean, MONSTER, cataclysm:deepling_angler, 5, 1, 1
738, ocean, minecraft:deep_ocean, MONSTER, cataclysm:deepling_brute, 5, 1, 1
739, ocean, minecraft:deep_ocean, MONSTER, cataclysm:deepling_priest, 5, 1, 1
740, ocean, minecraft:deep_ocean, MONSTER, cataclysm:deepling_warlock, 5, 1, 1
741, ocean, minecraft:deep_ocean, MONSTER, cataclysm:coral_golem, 5, 1, 1
742, ocean, minecraft:deep_ocean, MONSTER, irons_spellbooks:necromancer, 18, 1, 1
743, ocean, minecraft:deep_ocean, CREATURE, ars_nouveau:drygmy, 5, 1, 2
744, ocean, minecraft:deep_ocean, CREATURE, ars_nouveau:gift_starby, 5, 1, 1
745, ocean, minecraft:deep_ocean, CREATURE, ars_nouveau:starbuncle, 5, 1, 2
746, ocean, minecraft:deep_ocean, CREATURE, ars_nouveau:whirlisprig, 5, 1, 2
747, ocean, minecraft:deep_ocean, AMBIENT, minecraft:bat, 10, 8, 8
748, ocean, minecraft:deep_ocean, UNDERGROUND_WATER_CREATURE, minecraft:glow_squid, 10, 4, 6
749, ocean, minecraft:deep_ocean, WATER_CREATURE, minecraft:squid, 5, 1, 4
750, ocean, minecraft:deep_ocean, WATER_CREATURE, minecraft:dolphin, 5, 1, 2
751, ocean, minecraft:deep_ocean, WATER_AMBIENT, minecraft:cod, 10, 3, 6
752, desert, minecraft:desert, MONSTER, minecraft:spider, 30, 4, 4
753, desert, minecraft:desert, MONSTER, minecraft:zombie, 19, 4, 4
754, desert, minecraft:desert, MONSTER, minecraft:zombie_villager, 5, 1, 1
755, desert, minecraft:desert, MONSTER, minecraft:skeleton, 30, 4, 4
756, desert, minecraft:desert, MONSTER, minecraft:creeper, 30, 4, 4
757, desert, minecraft:desert, MONSTER, minecraft:slime, 30, 4, 4
758, desert, minecraft:desert, MONSTER, minecraft:enderman, 5, 1, 4
759, desert, minecraft:desert, MONSTER, minecraft:witch, 5, 1, 1
760, desert, minecraft:desert, MONSTER, minecraft:husk, 30, 4, 4
761, desert, minecraft:desert, MONSTER, cataclysm:koboleton, 15, 2, 3
762, desert, minecraft:desert, MONSTER, irons_spellbooks:necromancer, 18, 1, 1
763, desert, minecraft:desert, CREATURE, minecraft:rabbit, 5, 2, 3
764, desert, minecraft:desert, CREATURE, ars_nouveau:drygmy, 5, 1, 2
765, desert, minecraft:desert, CREATURE, ars_nouveau:gift_starby, 5, 1, 1
766, desert, minecraft:desert, CREATURE, ars_nouveau:starbuncle, 5, 1, 2
767, desert, minecraft:desert, CREATURE, ars_nouveau:whirlisprig, 5, 1, 2
768, desert, minecraft:desert, AMBIENT, minecraft:bat, 10, 8, 8
769, desert, minecraft:desert, UNDERGROUND_WATER_CREATURE, minecraft:glow_squid, 10, 4, 6
770, private, minecraft:dripstone_caves, MONSTER, minecraft:spider, 30, 4, 4
771, private, minecraft:dripstone_caves, MONSTER, minecraft:zombie, 30, 4, 4
772, private, minecraft:dripstone_caves, MONSTER, minecraft:zombie_villager, 5, 1, 1
773, private, minecraft:dripstone_caves, MONSTER, minecraft:skeleton, 30, 4, 4
774, private, minecraft:dripstone_caves, MONSTER, minecraft:creeper, 30, 4, 4
775, private, minecraft:dripstone_caves, MONSTER, minecraft:slime, 30, 4, 4
776, private, minecraft:dripstone_caves, MONSTER, minecraft:enderman, 5, 1, 4
777, private, minecraft:dripstone_caves, MONSTER, minecraft:witch, 5, 1, 1
778, private, minecraft:dripstone_caves, MONSTER, minecraft:drowned, 30, 4, 4
779, private, minecraft:dripstone_caves, MONSTER, irons_spellbooks:necromancer, 18, 1, 1
780, private, minecraft:dripstone_caves, CREATURE, ars_nouveau:drygmy, 5, 1, 2
781, private, minecraft:dripstone_caves, CREATURE, ars_nouveau:gift_starby, 5, 1, 1
782, private, minecraft:dripstone_caves, CREATURE, ars_nouveau:starbuncle, 5, 1, 2
783, private, minecraft:dripstone_caves, CREATURE, ars_nouveau:whirlisprig, 5, 1, 2
784, private, minecraft:dripstone_caves, AMBIENT, minecraft:bat, 10, 8, 8
785, private, minecraft:dripstone_caves, UNDERGROUND_WATER_CREATURE, minecraft:glow_squid, 10, 4, 6
786, forest, biomeswevegone:ebony_woods, MONSTER, irons_spellbooks:necromancer, 18, 1, 1
787, forest, biomeswevegone:ebony_woods, CREATURE, minecraft:sheep, 12, 4, 4
788, forest, biomeswevegone:ebony_woods, CREATURE, minecraft:pig, 10, 4, 4
789, forest, biomeswevegone:ebony_woods, CREATURE, minecraft:chicken, 10, 4, 4
790, forest, biomeswevegone:ebony_woods, CREATURE, minecraft:cow, 8, 4, 4
791, forest, biomeswevegone:ebony_woods, CREATURE, minecraft:wolf, 8, 4, 4
792, forest, biomeswevegone:ebony_woods, CREATURE, minecraft:rabbit, 5, 2, 3
793, forest, biomeswevegone:ebony_woods, CREATURE, minecraft:fox, 8, 2, 4
794, forest, biomeswevegone:ebony_woods, CREATURE, ars_nouveau:drygmy, 5, 1, 2
795, forest, biomeswevegone:ebony_woods, CREATURE, ars_nouveau:gift_starby, 5, 1, 1
796, forest, biomeswevegone:ebony_woods, CREATURE, ars_nouveau:starbuncle, 5, 1, 2
797, forest, biomeswevegone:ebony_woods, CREATURE, ars_nouveau:whirlisprig, 5, 1, 2
798, forest, biomeswevegone:ebony_woods, AMBIENT, minecraft:bat, 10, 8, 8
799, forest, biomeswevegone:enchanted_tangle, MONSTER, minecraft:enderman, 5, 1, 4
800, forest, biomeswevegone:enchanted_tangle, MONSTER, minecraft:spider, 30, 4, 4
801, forest, biomeswevegone:enchanted_tangle, MONSTER, minecraft:zombie, 30, 4, 4
802, forest, biomeswevegone:enchanted_tangle, MONSTER, minecraft:zombie_villager, 5, 1, 1
803, forest, biomeswevegone:enchanted_tangle, MONSTER, minecraft:skeleton, 30, 4, 4
804, forest, biomeswevegone:enchanted_tangle, MONSTER, minecraft:creeper, 30, 4, 4
805, forest, biomeswevegone:enchanted_tangle, MONSTER, minecraft:slime, 30, 4, 4
806, forest, biomeswevegone:enchanted_tangle, MONSTER, minecraft:enderman, 5, 1, 4
807, forest, biomeswevegone:enchanted_tangle, MONSTER, minecraft:witch, 5, 1, 1
808, forest, biomeswevegone:enchanted_tangle, MONSTER, irons_spellbooks:necromancer, 18, 1, 1
809, forest, biomeswevegone:enchanted_tangle, CREATURE, minecraft:sheep, 10, 4, 4
810, forest, biomeswevegone:enchanted_tangle, CREATURE, minecraft:pig, 15, 4, 4
811, forest, biomeswevegone:enchanted_tangle, CREATURE, minecraft:chicken, 12, 4, 4
812, forest, biomeswevegone:enchanted_tangle, CREATURE, minecraft:cow, 10, 4, 4
813, forest, biomeswevegone:enchanted_tangle, CREATURE, minecraft:ocelot, 10, 1, 1
814, forest, biomeswevegone:enchanted_tangle, CREATURE, minecraft:parrot, 10, 1, 2
815, forest, biomeswevegone:enchanted_tangle, CREATURE, minecraft:sheep, 12, 4, 4
816, forest, biomeswevegone:enchanted_tangle, CREATURE, minecraft:pig, 10, 4, 4
817, forest, biomeswevegone:enchanted_tangle, CREATURE, minecraft:chicken, 10, 4, 4
818, forest, biomeswevegone:enchanted_tangle, CREATURE, minecraft:cow, 8, 4, 4
819, forest, biomeswevegone:enchanted_tangle, CREATURE, minecraft:chicken, 10, 4, 4
820, forest, biomeswevegone:enchanted_tangle, CREATURE, minecraft:parrot, 10, 1, 2
821, forest, biomeswevegone:enchanted_tangle, CREATURE, minecraft:ocelot, 5, 1, 3
822, forest, biomeswevegone:enchanted_tangle, CREATURE, minecraft:panda, 5, 1, 2
823, forest, biomeswevegone:enchanted_tangle, CREATURE, ars_nouveau:drygmy, 5, 1, 2
824, forest, biomeswevegone:enchanted_tangle, CREATURE, ars_nouveau:gift_starby, 5, 1, 1
825, forest, biomeswevegone:enchanted_tangle, CREATURE, ars_nouveau:starbuncle, 5, 1, 2
826, forest, biomeswevegone:enchanted_tangle, CREATURE, ars_nouveau:whirlisprig, 5, 1, 2
827, forest, biomeswevegone:enchanted_tangle, AMBIENT, minecraft:bat, 10, 8, 8
828, forest, biomeswevegone:enchanted_tangle, AMBIENT, minecraft:bat, 10, 8, 8
829, forest, biomeswevegone:enchanted_tangle, UNDERGROUND_WATER_CREATURE, minecraft:glow_squid, 10, 4, 6
830, private, minecraft:end_barrens, MONSTER, minecraft:zombie, 30, 4, 4
831, private, minecraft:end_barrens, MONSTER, minecraft:enderman, 5, 4, 4
832, private, minecraft:end_highlands, MONSTER, minecraft:enderman, 5, 4, 4
833, private, minecraft:end_midlands, MONSTER, minecraft:enderman, 5, 4, 4
834, badlands, minecraft:eroded_badlands, MONSTER, minecraft:spider, 30, 4, 4
835, badlands, minecraft:eroded_badlands, MONSTER, minecraft:zombie, 30, 4, 4
836, badlands, minecraft:eroded_badlands, MONSTER, minecraft:zombie_villager, 5, 1, 1
837, badlands, minecraft:eroded_badlands, MONSTER, minecraft:skeleton, 30, 4, 4
838, badlands, minecraft:eroded_badlands, MONSTER, minecraft:creeper, 30, 4, 4
839, badlands, minecraft:eroded_badlands, MONSTER, minecraft:slime, 30, 4, 4
840, badlands, minecraft:eroded_badlands, MONSTER, minecraft:enderman, 5, 1, 4
841, badlands, minecraft:eroded_badlands, MONSTER, minecraft:witch, 5, 1, 1
842, badlands, minecraft:eroded_badlands, MONSTER, cataclysm:koboleton, 15, 2, 3
843, badlands, minecraft:eroded_badlands, MONSTER, irons_spellbooks:necromancer, 18, 1, 1
844, badlands, minecraft:eroded_badlands, CREATURE, minecraft:armadillo, 6, 1, 2
845, badlands, minecraft:eroded_badlands, CREATURE, ars_nouveau:drygmy, 5, 1, 2
846, badlands, minecraft:eroded_badlands, CREATURE, ars_nouveau:gift_starby, 5, 1, 1
847, badlands, minecraft:eroded_badlands, CREATURE, ars_nouveau:starbuncle, 5, 1, 2
848, badlands, minecraft:eroded_badlands, CREATURE, ars_nouveau:whirlisprig, 5, 1, 2
849, badlands, minecraft:eroded_badlands, AMBIENT, minecraft:bat, 10, 8, 8
850, badlands, minecraft:eroded_badlands, UNDERGROUND_WATER_CREATURE, minecraft:glow_squid, 10, 4, 6
851, forest, biomeswevegone:eroded_borealis, MONSTER, minecraft:spider, 30, 4, 4
852, forest, biomeswevegone:eroded_borealis, MONSTER, minecraft:zombie, 30, 4, 4
853, forest, biomeswevegone:eroded_borealis, MONSTER, minecraft:zombie_villager, 5, 1, 1
854, forest, biomeswevegone:eroded_borealis, MONSTER, minecraft:skeleton, 30, 4, 4
855, forest, biomeswevegone:eroded_borealis, MONSTER, minecraft:creeper, 30, 4, 4
856, forest, biomeswevegone:eroded_borealis, MONSTER, minecraft:slime, 30, 4, 4
857, forest, biomeswevegone:eroded_borealis, MONSTER, minecraft:enderman, 5, 1, 4
858, forest, biomeswevegone:eroded_borealis, MONSTER, minecraft:witch, 5, 1, 1
859, forest, biomeswevegone:eroded_borealis, MONSTER, minecraft:stray, 30, 2, 3
860, forest, biomeswevegone:eroded_borealis, MONSTER, irons_spellbooks:necromancer, 18, 1, 1
861, forest, biomeswevegone:eroded_borealis, CREATURE, minecraft:allay, 5, 1, 1
862, forest, biomeswevegone:eroded_borealis, CREATURE, minecraft:rabbit, 10, 2, 3
863, forest, biomeswevegone:eroded_borealis, CREATURE, minecraft:fox, 8, 2, 4
864, forest, biomeswevegone:eroded_borealis, CREATURE, minecraft:wolf, 8, 3, 4
865, forest, biomeswevegone:eroded_borealis, CREATURE, minecraft:polar_bear, 5, 1, 2
866, forest, biomeswevegone:eroded_borealis, CREATURE, ars_nouveau:drygmy, 5, 1, 2
867, forest, biomeswevegone:eroded_borealis, CREATURE, ars_nouveau:gift_starby, 5, 1, 1
868, forest, biomeswevegone:eroded_borealis, CREATURE, ars_nouveau:starbuncle, 5, 1, 2
869, forest, biomeswevegone:eroded_borealis, CREATURE, ars_nouveau:whirlisprig, 5, 1, 2
870, forest, biomeswevegone:eroded_borealis, AMBIENT, minecraft:bat, 10, 8, 8
871, forest, biomeswevegone:eroded_borealis, UNDERGROUND_WATER_CREATURE, minecraft:glow_squid, 10, 4, 6
872, private, biomeswevegone:firecracker_chaparral, MONSTER, minecraft:spider, 30, 4, 4
873, private, biomeswevegone:firecracker_chaparral, MONSTER, minecraft:zombie, 30, 4, 4
874, private, biomeswevegone:firecracker_chaparral, MONSTER, minecraft:zombie_villager, 5, 1, 1
875, private, biomeswevegone:firecracker_chaparral, MONSTER, minecraft:skeleton, 30, 4, 4
876, private, biomeswevegone:firecracker_chaparral, MONSTER, minecraft:creeper, 30, 4, 4
877, private, biomeswevegone:firecracker_chaparral, MONSTER, minecraft:slime, 30, 4, 4
878, private, biomeswevegone:firecracker_chaparral, MONSTER, minecraft:enderman, 5, 1, 4
879, private, biomeswevegone:firecracker_chaparral, MONSTER, minecraft:witch, 5, 1, 1
880, private, biomeswevegone:firecracker_chaparral, MONSTER, irons_spellbooks:necromancer, 18, 1, 1
881, private, biomeswevegone:firecracker_chaparral, CREATURE, minecraft:sheep, 12, 4, 4
882, private, biomeswevegone:firecracker_chaparral, CREATURE, minecraft:pig, 10, 4, 4
883, private, biomeswevegone:firecracker_chaparral, CREATURE, minecraft:chicken, 10, 4, 4
884, private, biomeswevegone:firecracker_chaparral, CREATURE, minecraft:cow, 8, 4, 4
885, private, biomeswevegone:firecracker_chaparral, CREATURE, minecraft:horse, 5, 2, 6
886, private, biomeswevegone:firecracker_chaparral, CREATURE, minecraft:donkey, 5, 1, 3
887, private, biomeswevegone:firecracker_chaparral, CREATURE, ars_nouveau:drygmy, 5, 1, 2
888, private, biomeswevegone:firecracker_chaparral, CREATURE, ars_nouveau:gift_starby, 5, 1, 1
889, private, biomeswevegone:firecracker_chaparral, CREATURE, ars_nouveau:starbuncle, 5, 1, 2
890, private, biomeswevegone:firecracker_chaparral, CREATURE, ars_nouveau:whirlisprig, 5, 1, 2
891, private, biomeswevegone:firecracker_chaparral, AMBIENT, minecraft:bat, 10, 8, 8
892, forest, ars_elemental:flashing_forest, MONSTER, minecraft:spider, 30, 4, 4
893, forest, ars_elemental:flashing_forest, MONSTER, minecraft:zombie, 20, 4, 4
894, forest, ars_elemental:flashing_forest, MONSTER, minecraft:zombie_villager, 5, 1, 1
895, forest, ars_elemental:flashing_forest, MONSTER, minecraft:skeleton, 30, 4, 4
896, forest, ars_elemental:flashing_forest, MONSTER, minecraft:creeper, 30, 4, 4
897, forest, ars_elemental:flashing_forest, MONSTER, minecraft:slime, 30, 4, 4
898, forest, ars_elemental:flashing_forest, MONSTER, minecraft:enderman, 5, 1, 4
899, forest, ars_elemental:flashing_forest, MONSTER, minecraft:witch, 5, 1, 1
900, forest, ars_elemental:flashing_forest, MONSTER, ars_elemental:air_mage, 5, 1, 3
901, forest, ars_elemental:flashing_forest, MONSTER, minecraft:breeze, 5, 1, 1
902, forest, ars_elemental:flashing_forest, MONSTER, irons_spellbooks:necromancer, 18, 1, 1
903, forest, ars_elemental:flashing_forest, CREATURE, ars_nouveau:starbuncle, 5, 3, 5
904, forest, ars_elemental:flashing_forest, CREATURE, ars_nouveau:drygmy, 5, 1, 3
905, forest, ars_elemental:flashing_forest, CREATURE, ars_nouveau:whirlisprig, 5, 1, 3
906, forest, ars_elemental:flashing_forest, CREATURE, minecraft:sheep, 12, 4, 4
907, forest, ars_elemental:flashing_forest, CREATURE, minecraft:pig, 10, 4, 4
908, forest, ars_elemental:flashing_forest, CREATURE, minecraft:chicken, 10, 4, 4
909, forest, ars_elemental:flashing_forest, CREATURE, minecraft:cow, 8, 4, 4
910, forest, ars_elemental:flashing_forest, CREATURE, minecraft:rabbit, 6, 2, 3
911, forest, ars_elemental:flashing_forest, CREATURE, ars_elemental:flashing_weald_walker, 10, 1, 3
912, forest, ars_elemental:flashing_forest, CREATURE, minecraft:goat, 6, 1, 2
913, forest, ars_elemental:flashing_forest, CREATURE, ars_nouveau:drygmy, 5, 1, 2
914, forest, ars_elemental:flashing_forest, CREATURE, ars_nouveau:gift_starby, 5, 1, 1
915, forest, ars_elemental:flashing_forest, CREATURE, ars_nouveau:starbuncle, 5, 1, 2
916, forest, ars_elemental:flashing_forest, CREATURE, ars_nouveau:whirlisprig, 5, 1, 2
917, forest, ars_elemental:flashing_forest, AMBIENT, minecraft:bat, 10, 8, 8
918, forest, ars_elemental:flashing_forest, UNDERGROUND_WATER_CREATURE, minecraft:glow_squid, 10, 4, 6
919, forest, ars_elemental:flashing_forest, WATER_CREATURE, ars_elemental:siren_entity, 5, 1, 3
920, forest, ars_elemental:flourishing_forest, MONSTER, minecraft:spider, 30, 4, 4
921, forest, ars_elemental:flourishing_forest, MONSTER, minecraft:bogged, 30, 2, 4
922, forest, ars_elemental:flourishing_forest, MONSTER, minecraft:zombie, 20, 4, 4
923, forest, ars_elemental:flourishing_forest, MONSTER, minecraft:zombie_villager, 5, 1, 1
924, forest, ars_elemental:flourishing_forest, MONSTER, minecraft:skeleton, 30, 4, 4
925, forest, ars_elemental:flourishing_forest, MONSTER, minecraft:creeper, 30, 4, 4
926, forest, ars_elemental:flourishing_forest, MONSTER, minecraft:slime, 30, 4, 4
927, forest, ars_elemental:flourishing_forest, MONSTER, minecraft:enderman, 5, 1, 4
928, forest, ars_elemental:flourishing_forest, MONSTER, minecraft:witch, 5, 1, 1
929, forest, ars_elemental:flourishing_forest, MONSTER, ars_elemental:earth_mage, 5, 1, 3
930, forest, ars_elemental:flourishing_forest, MONSTER, irons_spellbooks:necromancer, 18, 1, 1
931, forest, ars_elemental:flourishing_forest, CREATURE, ars_nouveau:starbuncle, 5, 3, 5
932, forest, ars_elemental:flourishing_forest, CREATURE, ars_nouveau:drygmy, 5, 1, 3
933, forest, ars_elemental:flourishing_forest, CREATURE, ars_nouveau:whirlisprig, 5, 1, 3
934, forest, ars_elemental:flourishing_forest, CREATURE, minecraft:sheep, 12, 4, 4
935, forest, ars_elemental:flourishing_forest, CREATURE, minecraft:pig, 10, 4, 4
936, forest, ars_elemental:flourishing_forest, CREATURE, minecraft:chicken, 10, 4, 4
937, forest, ars_elemental:flourishing_forest, CREATURE, minecraft:cow, 8, 4, 4
938, forest, ars_elemental:flourishing_forest, CREATURE, minecraft:rabbit, 6, 2, 3
939, forest, ars_elemental:flourishing_forest, CREATURE, ars_nouveau:flourishing_weald_walker, 10, 1, 3
940, forest, ars_elemental:flourishing_forest, CREATURE, minecraft:panda, 6, 1, 3
941, forest, ars_elemental:flourishing_forest, CREATURE, ars_nouveau:drygmy, 5, 1, 2
942, forest, ars_elemental:flourishing_forest, CREATURE, ars_nouveau:gift_starby, 5, 1, 1
943, forest, ars_elemental:flourishing_forest, CREATURE, ars_nouveau:starbuncle, 5, 1, 2
944, forest, ars_elemental:flourishing_forest, CREATURE, ars_nouveau:whirlisprig, 5, 1, 2
945, forest, ars_elemental:flourishing_forest, AMBIENT, minecraft:bat, 10, 8, 8
946, forest, ars_elemental:flourishing_forest, UNDERGROUND_WATER_CREATURE, minecraft:glow_squid, 10, 4, 6
947, forest, ars_elemental:flourishing_forest, WATER_CREATURE, ars_elemental:siren_entity, 5, 1, 3
948, forest, minecraft:flower_forest, MONSTER, minecraft:spider, 30, 4, 4
949, forest, minecraft:flower_forest, MONSTER, minecraft:zombie, 30, 4, 4
950, forest, minecraft:flower_forest, MONSTER, minecraft:zombie_villager, 5, 1, 1
951, forest, minecraft:flower_forest, MONSTER, minecraft:skeleton, 30, 4, 4
952, forest, minecraft:flower_forest, MONSTER, minecraft:creeper, 30, 4, 4
953, forest, minecraft:flower_forest, MONSTER, minecraft:slime, 30, 4, 4
954, forest, minecraft:flower_forest, MONSTER, minecraft:enderman, 5, 1, 4
955, forest, minecraft:flower_forest, MONSTER, minecraft:witch, 5, 1, 1
956, forest, minecraft:flower_forest, MONSTER, irons_spellbooks:necromancer, 18, 1, 1
957, forest, minecraft:flower_forest, CREATURE, minecraft:sheep, 12, 4, 4
958, forest, minecraft:flower_forest, CREATURE, minecraft:pig, 10, 4, 4
959, forest, minecraft:flower_forest, CREATURE, minecraft:chicken, 10, 4, 4
960, forest, minecraft:flower_forest, CREATURE, minecraft:cow, 8, 4, 4
961, forest, minecraft:flower_forest, CREATURE, minecraft:rabbit, 5, 2, 3
962, forest, minecraft:flower_forest, CREATURE, ars_nouveau:drygmy, 5, 1, 2
963, forest, minecraft:flower_forest, CREATURE, ars_nouveau:gift_starby, 5, 1, 1
964, forest, minecraft:flower_forest, CREATURE, ars_nouveau:starbuncle, 5, 1, 2
965, forest, minecraft:flower_forest, CREATURE, ars_nouveau:whirlisprig, 5, 1, 2
966, forest, minecraft:flower_forest, AMBIENT, minecraft:bat, 10, 8, 8
967, forest, minecraft:flower_forest, UNDERGROUND_WATER_CREATURE, minecraft:glow_squid, 10, 4, 6
968, forest, minecraft:forest, MONSTER, minecraft:spider, 30, 4, 4
969, forest, minecraft:forest, MONSTER, minecraft:zombie, 30, 4, 4
970, forest, minecraft:forest, MONSTER, minecraft:zombie_villager, 5, 1, 1
971, forest, minecraft:forest, MONSTER, minecraft:skeleton, 30, 4, 4
972, forest, minecraft:forest, MONSTER, minecraft:creeper, 30, 4, 4
973, forest, minecraft:forest, MONSTER, minecraft:slime, 30, 4, 4
974, forest, minecraft:forest, MONSTER, minecraft:enderman, 5, 1, 4
975, forest, minecraft:forest, MONSTER, minecraft:witch, 5, 1, 1
976, forest, minecraft:forest, MONSTER, irons_spellbooks:necromancer, 18, 1, 1
977, forest, minecraft:forest, CREATURE, minecraft:sheep, 12, 4, 4
978, forest, minecraft:forest, CREATURE, minecraft:pig, 10, 4, 4
979, forest, minecraft:forest, CREATURE, minecraft:chicken, 10, 4, 4
980, forest, minecraft:forest, CREATURE, minecraft:cow, 8, 4, 4
981, forest, minecraft:forest, CREATURE, minecraft:wolf, 5, 4, 4
982, forest, minecraft:forest, CREATURE, ars_nouveau:drygmy, 5, 1, 2
983, forest, minecraft:forest, CREATURE, ars_nouveau:gift_starby, 5, 1, 1
984, forest, minecraft:forest, CREATURE, ars_nouveau:starbuncle, 5, 1, 2
985, forest, minecraft:forest, CREATURE, ars_nouveau:whirlisprig, 5, 1, 2
986, forest, minecraft:forest, AMBIENT, minecraft:bat, 10, 8, 8
987, forest, minecraft:forest, UNDERGROUND_WATER_CREATURE, minecraft:glow_squid, 10, 4, 6
988, forest, biomeswevegone:forgotten_forest, MONSTER, minecraft:cave_spider, 30, 2, 3
989, forest, biomeswevegone:forgotten_forest, MONSTER, irons_spellbooks:necromancer, 18, 1, 1
990, forest, biomeswevegone:forgotten_forest, CREATURE, minecraft:allay, 5, 1, 1
991, forest, biomeswevegone:forgotten_forest, CREATURE, minecraft:rabbit, 5, 2, 3
992, forest, biomeswevegone:forgotten_forest, CREATURE, minecraft:fox, 8, 2, 4
993, forest, biomeswevegone:forgotten_forest, CREATURE, ars_nouveau:drygmy, 5, 1, 2
994, forest, biomeswevegone:forgotten_forest, CREATURE, ars_nouveau:gift_starby, 5, 1, 1
995, forest, biomeswevegone:forgotten_forest, CREATURE, ars_nouveau:starbuncle, 5, 1, 2
996, forest, biomeswevegone:forgotten_forest, CREATURE, ars_nouveau:whirlisprig, 5, 1, 2
997, jungle, biomeswevegone:fragment_jungle, MONSTER, minecraft:spider, 30, 4, 4
998, jungle, biomeswevegone:fragment_jungle, MONSTER, minecraft:zombie, 30, 4, 4
999, jungle, biomeswevegone:fragment_jungle, MONSTER, minecraft:zombie_villager, 5, 1, 1
1000, jungle, biomeswevegone:fragment_jungle, MONSTER, minecraft:skeleton, 30, 4, 4
1001, jungle, biomeswevegone:fragment_jungle, MONSTER, minecraft:creeper, 30, 4, 4
1002, jungle, biomeswevegone:fragment_jungle, MONSTER, minecraft:slime, 30, 4, 4
1003, jungle, biomeswevegone:fragment_jungle, MONSTER, minecraft:enderman, 5, 1, 4
1004, jungle, biomeswevegone:fragment_jungle, MONSTER, minecraft:witch, 5, 1, 1
1005, jungle, biomeswevegone:fragment_jungle, MONSTER, irons_spellbooks:necromancer, 18, 1, 1
1006, jungle, biomeswevegone:fragment_jungle, CREATURE, minecraft:sheep, 12, 4, 4
1007, jungle, biomeswevegone:fragment_jungle, CREATURE, minecraft:pig, 10, 4, 4
1008, jungle, biomeswevegone:fragment_jungle, CREATURE, minecraft:chicken, 10, 4, 4
1009, jungle, biomeswevegone:fragment_jungle, CREATURE, minecraft:cow, 8, 4, 4
1010, jungle, biomeswevegone:fragment_jungle, CREATURE, minecraft:parrot, 10, 1, 2
1011, jungle, biomeswevegone:fragment_jungle, CREATURE, minecraft:chicken, 10, 4, 4
1012, jungle, biomeswevegone:fragment_jungle, CREATURE, minecraft:ocelot, 5, 1, 1
1013, jungle, biomeswevegone:fragment_jungle, CREATURE, ars_nouveau:drygmy, 5, 1, 2
1014, jungle, biomeswevegone:fragment_jungle, CREATURE, ars_nouveau:gift_starby, 5, 1, 1
1015, jungle, biomeswevegone:fragment_jungle, CREATURE, ars_nouveau:starbuncle, 5, 1, 2
1016, jungle, biomeswevegone:fragment_jungle, CREATURE, ars_nouveau:whirlisprig, 5, 1, 2
1017, jungle, biomeswevegone:fragment_jungle, AMBIENT, minecraft:bat, 10, 8, 8
1018, forest, biomeswevegone:frosted_coniferous_forest, MONSTER, minecraft:spider, 30, 4, 4
1019, forest, biomeswevegone:frosted_coniferous_forest, MONSTER, minecraft:husk, 30, 4, 4
1020, forest, biomeswevegone:frosted_coniferous_forest, MONSTER, minecraft:skeleton, 30, 4, 4
1021, forest, biomeswevegone:frosted_coniferous_forest, MONSTER, minecraft:zombie_villager, 25, 1, 1
1022, forest, biomeswevegone:frosted_coniferous_forest, MONSTER, minecraft:creeper, 30, 4, 4
1023, forest, biomeswevegone:frosted_coniferous_forest, MONSTER, minecraft:slime, 30, 4, 4
1024, forest, biomeswevegone:frosted_coniferous_forest, MONSTER, minecraft:enderman, 5, 1, 4
1025, forest, biomeswevegone:frosted_coniferous_forest, MONSTER, minecraft:witch, 5, 1, 1
1026, forest, biomeswevegone:frosted_coniferous_forest, MONSTER, irons_spellbooks:necromancer, 18, 1, 1
1027, forest, biomeswevegone:frosted_coniferous_forest, CREATURE, minecraft:sheep, 12, 4, 4
1028, forest, biomeswevegone:frosted_coniferous_forest, CREATURE, minecraft:pig, 10, 4, 4
1029, forest, biomeswevegone:frosted_coniferous_forest, CREATURE, minecraft:chicken, 10, 4, 4
1030, forest, biomeswevegone:frosted_coniferous_forest, CREATURE, minecraft:cow, 8, 4, 4
1031, forest, biomeswevegone:frosted_coniferous_forest, CREATURE, minecraft:wolf, 8, 4, 4
1032, forest, biomeswevegone:frosted_coniferous_forest, CREATURE, minecraft:rabbit, 5, 2, 3
1033, forest, biomeswevegone:frosted_coniferous_forest, CREATURE, minecraft:fox, 8, 2, 4
1034, forest, biomeswevegone:frosted_coniferous_forest, CREATURE, ars_nouveau:drygmy, 5, 1, 2
1035, forest, biomeswevegone:frosted_coniferous_forest, CREATURE, ars_nouveau:gift_starby, 5, 1, 1
1036, forest, biomeswevegone:frosted_coniferous_forest, CREATURE, ars_nouveau:starbuncle, 5, 1, 2
1037, forest, biomeswevegone:frosted_coniferous_forest, CREATURE, ars_nouveau:whirlisprig, 5, 1, 2
1038, forest, biomeswevegone:frosted_coniferous_forest, AMBIENT, minecraft:bat, 10, 8, 8
1039, icy, biomeswevegone:frosted_taiga, MONSTER, minecraft:spider, 30, 4, 4
1040, icy, biomeswevegone:frosted_taiga, MONSTER, minecraft:zombie, 30, 4, 4
1041, icy, biomeswevegone:frosted_taiga, MONSTER, minecraft:zombie_villager, 5, 1, 1
1042, icy, biomeswevegone:frosted_taiga, MONSTER, minecraft:skeleton, 30, 4, 4
1043, icy, biomeswevegone:frosted_taiga, MONSTER, minecraft:creeper, 30, 4, 4
1044, icy, biomeswevegone:frosted_taiga, MONSTER, minecraft:slime, 30, 4, 4
1045, icy, biomeswevegone:frosted_taiga, MONSTER, minecraft:enderman, 5, 1, 4
1046, icy, biomeswevegone:frosted_taiga, MONSTER, minecraft:witch, 5, 1, 1
1047, icy, biomeswevegone:frosted_taiga, MONSTER, irons_spellbooks:necromancer, 18, 1, 1
1048, icy, biomeswevegone:frosted_taiga, CREATURE, minecraft:sheep, 12, 4, 4
1049, icy, biomeswevegone:frosted_taiga, CREATURE, minecraft:pig, 10, 4, 4
1050, icy, biomeswevegone:frosted_taiga, CREATURE, minecraft:chicken, 10, 4, 4
1051, icy, biomeswevegone:frosted_taiga, CREATURE, minecraft:cow, 8, 4, 4
1052, icy, biomeswevegone:frosted_taiga, CREATURE, minecraft:wolf, 8, 4, 4
1053, icy, biomeswevegone:frosted_taiga, CREATURE, minecraft:rabbit, 5, 2, 3
1054, icy, biomeswevegone:frosted_taiga, CREATURE, minecraft:fox, 8, 2, 4
1055, icy, biomeswevegone:frosted_taiga, CREATURE, ars_nouveau:drygmy, 5, 1, 2
1056, icy, biomeswevegone:frosted_taiga, CREATURE, ars_nouveau:gift_starby, 5, 1, 1
1057, icy, biomeswevegone:frosted_taiga, CREATURE, ars_nouveau:starbuncle, 5, 1, 2
1058, icy, biomeswevegone:frosted_taiga, CREATURE, ars_nouveau:whirlisprig, 5, 1, 2
1059, icy, biomeswevegone:frosted_taiga, AMBIENT, minecraft:bat, 10, 8, 8
1060, ocean, minecraft:frozen_ocean, MONSTER, minecraft:spider, 30, 4, 4
1061, ocean, minecraft:frozen_ocean, MONSTER, minecraft:zombie, 30, 4, 4
1062, ocean, minecraft:frozen_ocean, MONSTER, minecraft:zombie_villager, 5, 1, 1
1063, ocean, minecraft:frozen_ocean, MONSTER, minecraft:skeleton, 30, 4, 4
1064, ocean, minecraft:frozen_ocean, MONSTER, minecraft:creeper, 30, 4, 4
1065, ocean, minecraft:frozen_ocean, MONSTER, minecraft:slime, 30, 4, 4
1066, ocean, minecraft:frozen_ocean, MONSTER, minecraft:enderman, 5, 1, 4
1067, ocean, minecraft:frozen_ocean, MONSTER, minecraft:witch, 5, 1, 1
1068, ocean, minecraft:frozen_ocean, MONSTER, minecraft:drowned, 5, 1, 1
1069, ocean, minecraft:frozen_ocean, MONSTER, irons_spellbooks:necromancer, 18, 1, 1
1070, ocean, minecraft:frozen_ocean, CREATURE, minecraft:polar_bear, 5, 1, 2
1071, ocean, minecraft:frozen_ocean, CREATURE, ars_nouveau:drygmy, 5, 1, 2
1072, ocean, minecraft:frozen_ocean, CREATURE, ars_nouveau:gift_starby, 5, 1, 1
1073, ocean, minecraft:frozen_ocean, CREATURE, ars_nouveau:starbuncle, 5, 1, 2
1074, ocean, minecraft:frozen_ocean, CREATURE, ars_nouveau:whirlisprig, 5, 1, 2
1075, ocean, minecraft:frozen_ocean, AMBIENT, minecraft:bat, 10, 8, 8
1076, ocean, minecraft:frozen_ocean, UNDERGROUND_WATER_CREATURE, minecraft:glow_squid, 10, 4, 6
1077, ocean, minecraft:frozen_ocean, WATER_CREATURE, minecraft:squid, 5, 1, 4
1078, ocean, minecraft:frozen_ocean, WATER_AMBIENT, minecraft:salmon, 15, 1, 5
1079, extreme_hills, minecraft:frozen_peaks, MONSTER, minecraft:spider, 30, 4, 4
1080, extreme_hills, minecraft:frozen_peaks, MONSTER, minecraft:zombie, 30, 4, 4
1081, extreme_hills, minecraft:frozen_peaks, MONSTER, minecraft:zombie_villager, 5, 1, 1
1082, extreme_hills, minecraft:frozen_peaks, MONSTER, minecraft:skeleton, 30, 4, 4
1083, extreme_hills, minecraft:frozen_peaks, MONSTER, minecraft:creeper, 30, 4, 4
1084, extreme_hills, minecraft:frozen_peaks, MONSTER, minecraft:slime, 30, 4, 4
1085, extreme_hills, minecraft:frozen_peaks, MONSTER, minecraft:enderman, 5, 1, 4
1086, extreme_hills, minecraft:frozen_peaks, MONSTER, minecraft:witch, 5, 1, 1
1087, extreme_hills, minecraft:frozen_peaks, MONSTER, irons_spellbooks:necromancer, 18, 1, 1
1088, extreme_hills, minecraft:frozen_peaks, CREATURE, minecraft:goat, 5, 1, 3
1089, extreme_hills, minecraft:frozen_peaks, CREATURE, ars_nouveau:drygmy, 5, 1, 2
1090, extreme_hills, minecraft:frozen_peaks, CREATURE, ars_nouveau:gift_starby, 5, 1, 1
1091, extreme_hills, minecraft:frozen_peaks, CREATURE, ars_nouveau:starbuncle, 5, 1, 2
1092, extreme_hills, minecraft:frozen_peaks, CREATURE, ars_nouveau:whirlisprig, 5, 1, 2
1093, extreme_hills, minecraft:frozen_peaks, AMBIENT, minecraft:bat, 10, 8, 8
1094, extreme_hills, minecraft:frozen_peaks, UNDERGROUND_WATER_CREATURE, minecraft:glow_squid, 10, 4, 6
1095, river, minecraft:frozen_river, MONSTER, minecraft:spider, 30, 4, 4
1096, river, minecraft:frozen_river, MONSTER, minecraft:zombie, 30, 4, 4
1097, river, minecraft:frozen_river, MONSTER, minecraft:zombie_villager, 5, 1, 1
1098, river, minecraft:frozen_river, MONSTER, minecraft:skeleton, 30, 4, 4
1099, river, minecraft:frozen_river, MONSTER, minecraft:creeper, 30, 4, 4
1100, river, minecraft:frozen_river, MONSTER, minecraft:slime, 30, 4, 4
1101, river, minecraft:frozen_river, MONSTER, minecraft:enderman, 5, 1, 4
1102, river, minecraft:frozen_river, MONSTER, minecraft:witch, 5, 1, 1
1103, river, minecraft:frozen_river, MONSTER, minecraft:drowned, 5, 1, 1
1104, river, minecraft:frozen_river, MONSTER, irons_spellbooks:necromancer, 18, 1, 1
1105, river, minecraft:frozen_river, CREATURE, ars_nouveau:drygmy, 5, 1, 2
1106, river, minecraft:frozen_river, CREATURE, ars_nouveau:gift_starby, 5, 1, 1
1107, river, minecraft:frozen_river, CREATURE, ars_nouveau:starbuncle, 5, 1, 2
1108, river, minecraft:frozen_river, CREATURE, ars_nouveau:whirlisprig, 5, 1, 2
1109, river, minecraft:frozen_river, AMBIENT, minecraft:bat, 10, 8, 8
1110, river, minecraft:frozen_river, UNDERGROUND_WATER_CREATURE, minecraft:glow_squid, 10, 4, 6
1111, river, minecraft:frozen_river, WATER_CREATURE, minecraft:squid, 5, 1, 4
1112, river, minecraft:frozen_river, WATER_AMBIENT, minecraft:salmon, 5, 1, 5
1113, forest, minecraft:grove, MONSTER, minecraft:spider, 30, 4, 4
1114, forest, minecraft:grove, MONSTER, minecraft:zombie, 30, 4, 4
1115, forest, minecraft:grove, MONSTER, minecraft:zombie_villager, 5, 1, 1
1116, forest, minecraft:grove, MONSTER, minecraft:skeleton, 30, 4, 4
1117, forest, minecraft:grove, MONSTER, minecraft:creeper, 30, 4, 4
1118, forest, minecraft:grove, MONSTER, minecraft:slime, 30, 4, 4
1119, forest, minecraft:grove, MONSTER, minecraft:enderman, 5, 1, 4
1120, forest, minecraft:grove, MONSTER, minecraft:witch, 5, 1, 1
1121, forest, minecraft:grove, MONSTER, irons_spellbooks:necromancer, 18, 1, 1
1122, forest, minecraft:grove, CREATURE, minecraft:wolf, 5, 1, 1
1123, forest, minecraft:grove, CREATURE, minecraft:rabbit, 8, 2, 3
1124, forest, minecraft:grove, CREATURE, minecraft:fox, 5, 2, 4
1125, forest, minecraft:grove, CREATURE, ars_nouveau:drygmy, 5, 1, 2
1126, forest, minecraft:grove, CREATURE, ars_nouveau:gift_starby, 5, 1, 1
1127, forest, minecraft:grove, CREATURE, ars_nouveau:starbuncle, 5, 1, 2
1128, forest, minecraft:grove, CREATURE, ars_nouveau:whirlisprig, 5, 1, 2
1129, forest, minecraft:grove, AMBIENT, minecraft:bat, 10, 8, 8
1130, forest, minecraft:grove, UNDERGROUND_WATER_CREATURE, minecraft:glow_squid, 10, 4, 6
1131, forest, biomeswevegone:howling_peaks, MONSTER, minecraft:spider, 30, 4, 4
1132, forest, biomeswevegone:howling_peaks, MONSTER, minecraft:zombie, 30, 4, 4
1133, forest, biomeswevegone:howling_peaks, MONSTER, minecraft:zombie_villager, 5, 1, 1
1134, forest, biomeswevegone:howling_peaks, MONSTER, minecraft:skeleton, 30, 4, 4
1135, forest, biomeswevegone:howling_peaks, MONSTER, minecraft:creeper, 30, 4, 4
1136, forest, biomeswevegone:howling_peaks, MONSTER, minecraft:slime, 30, 4, 4
1137, forest, biomeswevegone:howling_peaks, MONSTER, minecraft:enderman, 5, 1, 4
1138, forest, biomeswevegone:howling_peaks, MONSTER, minecraft:witch, 5, 1, 1
1139, forest, biomeswevegone:howling_peaks, MONSTER, minecraft:stray, 30, 4, 4
1140, forest, biomeswevegone:howling_peaks, MONSTER, irons_spellbooks:necromancer, 18, 1, 1
1141, forest, biomeswevegone:howling_peaks, CREATURE, minecraft:sheep, 12, 4, 4
1142, forest, biomeswevegone:howling_peaks, CREATURE, minecraft:pig, 10, 4, 4
1143, forest, biomeswevegone:howling_peaks, CREATURE, minecraft:chicken, 10, 4, 4
1144, forest, biomeswevegone:howling_peaks, CREATURE, minecraft:cow, 8, 4, 4
1145, forest, biomeswevegone:howling_peaks, CREATURE, minecraft:wolf, 8, 4, 4
1146, forest, biomeswevegone:howling_peaks, CREATURE, minecraft:rabbit, 10, 2, 3
1147, forest, biomeswevegone:howling_peaks, CREATURE, minecraft:fox, 8, 2, 4
1148, forest, biomeswevegone:howling_peaks, CREATURE, minecraft:goat, 5, 1, 3
1149, forest, biomeswevegone:howling_peaks, CREATURE, ars_nouveau:drygmy, 5, 1, 2
1150, forest, biomeswevegone:howling_peaks, CREATURE, ars_nouveau:gift_starby, 5, 1, 1
1151, forest, biomeswevegone:howling_peaks, CREATURE, ars_nouveau:starbuncle, 5, 1, 2
1152, forest, biomeswevegone:howling_peaks, CREATURE, ars_nouveau:whirlisprig, 5, 1, 2
1153, forest, biomeswevegone:howling_peaks, AMBIENT, minecraft:bat, 10, 8, 8
1154, forest, biomeswevegone:howling_peaks, UNDERGROUND_WATER_CREATURE, minecraft:glow_squid, 10, 4, 6
1155, private, minecraft:ice_spikes, MONSTER, minecraft:spider, 30, 4, 4
1156, private, minecraft:ice_spikes, MONSTER, minecraft:zombie, 30, 4, 4
1157, private, minecraft:ice_spikes, MONSTER, minecraft:zombie_villager, 5, 1, 1
1158, private, minecraft:ice_spikes, MONSTER, minecraft:skeleton, 20, 4, 4
1159, private, minecraft:ice_spikes, MONSTER, minecraft:creeper, 30, 4, 4
1160, private, minecraft:ice_spikes, MONSTER, minecraft:slime, 30, 4, 4
1161, private, minecraft:ice_spikes, MONSTER, minecraft:enderman, 5, 1, 4
1162, private, minecraft:ice_spikes, MONSTER, minecraft:witch, 5, 1, 1
1163, private, minecraft:ice_spikes, MONSTER, minecraft:stray, 30, 4, 4
1164, private, minecraft:ice_spikes, MONSTER, irons_spellbooks:necromancer, 18, 1, 1
1165, private, minecraft:ice_spikes, CREATURE, minecraft:rabbit, 10, 2, 3
1166, private, minecraft:ice_spikes, CREATURE, minecraft:polar_bear, 5, 1, 2
1167, private, minecraft:ice_spikes, CREATURE, ars_nouveau:drygmy, 5, 1, 2
1168, private, minecraft:ice_spikes, CREATURE, ars_nouveau:gift_starby, 5, 1, 1
1169, private, minecraft:ice_spikes, CREATURE, ars_nouveau:starbuncle, 5, 1, 2
1170, private, minecraft:ice_spikes, CREATURE, ars_nouveau:whirlisprig, 5, 1, 2
1171, private, minecraft:ice_spikes, AMBIENT, minecraft:bat, 10, 8, 8
1172, private, minecraft:ice_spikes, UNDERGROUND_WATER_CREATURE, minecraft:glow_squid, 10, 4, 6
1173, savanna, biomeswevegone:ironwood_gour, MONSTER, minecraft:spider, 30, 4, 4
1174, savanna, biomeswevegone:ironwood_gour, MONSTER, minecraft:husk, 30, 4, 4
1175, savanna, biomeswevegone:ironwood_gour, MONSTER, minecraft:zombie_villager, 5, 1, 1
1176, savanna, biomeswevegone:ironwood_gour, MONSTER, minecraft:skeleton, 30, 4, 4
1177, savanna, biomeswevegone:ironwood_gour, MONSTER, minecraft:creeper, 30, 4, 4
1178, savanna, biomeswevegone:ironwood_gour, MONSTER, minecraft:slime, 30, 4, 4
1179, savanna, biomeswevegone:ironwood_gour, MONSTER, minecraft:enderman, 5, 1, 4
1180, savanna, biomeswevegone:ironwood_gour, MONSTER, minecraft:witch, 5, 1, 1
1181, savanna, biomeswevegone:ironwood_gour, MONSTER, cataclysm:koboleton, 15, 2, 3
1182, savanna, biomeswevegone:ironwood_gour, MONSTER, irons_spellbooks:necromancer, 18, 1, 1
1183, savanna, biomeswevegone:ironwood_gour, CREATURE, minecraft:rabbit, 5, 2, 3
1184, savanna, biomeswevegone:ironwood_gour, CREATURE, minecraft:armadillo, 10, 2, 3
1185, savanna, biomeswevegone:ironwood_gour, CREATURE, ars_nouveau:drygmy, 5, 1, 2
1186, savanna, biomeswevegone:ironwood_gour, CREATURE, ars_nouveau:gift_starby, 5, 1, 1
1187, savanna, biomeswevegone:ironwood_gour, CREATURE, ars_nouveau:starbuncle, 5, 1, 2
1188, savanna, biomeswevegone:ironwood_gour, CREATURE, ars_nouveau:whirlisprig, 5, 1, 2
1189, savanna, biomeswevegone:ironwood_gour, AMBIENT, minecraft:bat, 10, 8, 8
1190, jungle, biomeswevegone:jacaranda_jungle, MONSTER, minecraft:spider, 30, 4, 4
1191, jungle, biomeswevegone:jacaranda_jungle, MONSTER, minecraft:zombie, 30, 4, 4
1192, jungle, biomeswevegone:jacaranda_jungle, MONSTER, minecraft:zombie_villager, 5, 1, 1
1193, jungle, biomeswevegone:jacaranda_jungle, MONSTER, minecraft:skeleton, 30, 4, 4
1194, jungle, biomeswevegone:jacaranda_jungle, MONSTER, minecraft:creeper, 30, 4, 4
1195, jungle, biomeswevegone:jacaranda_jungle, MONSTER, minecraft:slime, 30, 4, 4
1196, jungle, biomeswevegone:jacaranda_jungle, MONSTER, minecraft:enderman, 5, 1, 4
1197, jungle, biomeswevegone:jacaranda_jungle, MONSTER, minecraft:witch, 5, 1, 1
1198, jungle, biomeswevegone:jacaranda_jungle, MONSTER, irons_spellbooks:necromancer, 18, 1, 1
1199, jungle, biomeswevegone:jacaranda_jungle, CREATURE, minecraft:sheep, 12, 4, 4
1200, jungle, biomeswevegone:jacaranda_jungle, CREATURE, minecraft:pig, 10, 4, 4
1201, jungle, biomeswevegone:jacaranda_jungle, CREATURE, minecraft:chicken, 10, 4, 4
1202, jungle, biomeswevegone:jacaranda_jungle, CREATURE, minecraft:cow, 8, 4, 4
1203, jungle, biomeswevegone:jacaranda_jungle, CREATURE, minecraft:wolf, 5, 4, 4
1204, jungle, biomeswevegone:jacaranda_jungle, CREATURE, ars_nouveau:drygmy, 5, 1, 2
1205, jungle, biomeswevegone:jacaranda_jungle, CREATURE, ars_nouveau:gift_starby, 5, 1, 1
1206, jungle, biomeswevegone:jacaranda_jungle, CREATURE, ars_nouveau:starbuncle, 5, 1, 2
1207, jungle, biomeswevegone:jacaranda_jungle, CREATURE, ars_nouveau:whirlisprig, 5, 1, 2
1208, jungle, biomeswevegone:jacaranda_jungle, AMBIENT, minecraft:bat, 10, 8, 8
1209, extreme_hills, minecraft:jagged_peaks, MONSTER, minecraft:spider, 30, 4, 4
1210, extreme_hills, minecraft:jagged_peaks, MONSTER, minecraft:zombie, 30, 4, 4
1211, extreme_hills, minecraft:jagged_peaks, MONSTER, minecraft:zombie_villager, 5, 1, 1
1212, extreme_hills, minecraft:jagged_peaks, MONSTER, minecraft:skeleton, 30, 4, 4
1213, extreme_hills, minecraft:jagged_peaks, MONSTER, minecraft:creeper, 30, 4, 4
1214, extreme_hills, minecraft:jagged_peaks, MONSTER, minecraft:slime, 30, 4, 4
1215, extreme_hills, minecraft:jagged_peaks, MONSTER, minecraft:enderman, 5, 1, 4
1216, extreme_hills, minecraft:jagged_peaks, MONSTER, minecraft:witch, 5, 1, 1
1217, extreme_hills, minecraft:jagged_peaks, MONSTER, irons_spellbooks:necromancer, 18, 1, 1
1218, extreme_hills, minecraft:jagged_peaks, CREATURE, minecraft:goat, 5, 1, 3
1219, extreme_hills, minecraft:jagged_peaks, CREATURE, ars_nouveau:drygmy, 5, 1, 2
1220, extreme_hills, minecraft:jagged_peaks, CREATURE, ars_nouveau:gift_starby, 5, 1, 1
1221, extreme_hills, minecraft:jagged_peaks, CREATURE, ars_nouveau:starbuncle, 5, 1, 2
1222, extreme_hills, minecraft:jagged_peaks, CREATURE, ars_nouveau:whirlisprig, 5, 1, 2
1223, extreme_hills, minecraft:jagged_peaks, AMBIENT, minecraft:bat, 10, 8, 8
1224, extreme_hills, minecraft:jagged_peaks, UNDERGROUND_WATER_CREATURE, minecraft:glow_squid, 10, 4, 6
1225, jungle, minecraft:jungle, MONSTER, minecraft:spider, 30, 4, 4
1226, jungle, minecraft:jungle, MONSTER, minecraft:zombie, 30, 4, 4
1227, jungle, minecraft:jungle, MONSTER, minecraft:zombie_villager, 5, 1, 1
1228, jungle, minecraft:jungle, MONSTER, minecraft:skeleton, 30, 4, 4
1229, jungle, minecraft:jungle, MONSTER, minecraft:creeper, 30, 4, 4
1230, jungle, minecraft:jungle, MONSTER, minecraft:slime, 30, 4, 4
1231, jungle, minecraft:jungle, MONSTER, minecraft:enderman, 5, 1, 4
1232, jungle, minecraft:jungle, MONSTER, minecraft:witch, 5, 1, 1
1233, jungle, minecraft:jungle, MONSTER, minecraft:ocelot, 5, 1, 3
1234, jungle, minecraft:jungle, MONSTER, irons_spellbooks:necromancer, 18, 1, 1
1235, jungle, minecraft:jungle, CREATURE, minecraft:sheep, 12, 4, 4
1236, jungle, minecraft:jungle, CREATURE, minecraft:pig, 10, 4, 4
1237, jungle, minecraft:jungle, CREATURE, minecraft:chicken, 10, 4, 4
1238, jungle, minecraft:jungle, CREATURE, minecraft:cow, 8, 4, 4
1239, jungle, minecraft:jungle, CREATURE, minecraft:chicken, 10, 4, 4
1240, jungle, minecraft:jungle, CREATURE, minecraft:parrot, 10, 1, 2
1241, jungle, minecraft:jungle, CREATURE, minecraft:panda, 5, 1, 2
1242, jungle, minecraft:jungle, CREATURE, ars_nouveau:drygmy, 5, 1, 2
1243, jungle, minecraft:jungle, CREATURE, ars_nouveau:gift_starby, 5, 1, 1
1244, jungle, minecraft:jungle, CREATURE, ars_nouveau:starbuncle, 5, 1, 2
1245, jungle, minecraft:jungle, CREATURE, ars_nouveau:whirlisprig, 5, 1, 2
1246, jungle, minecraft:jungle, AMBIENT, minecraft:bat, 10, 8, 8
1247, jungle, minecraft:jungle, UNDERGROUND_WATER_CREATURE, minecraft:glow_squid, 10, 4, 6
1248, ocean, minecraft:lukewarm_ocean, MONSTER, minecraft:spider, 30, 4, 4
1249, ocean, minecraft:lukewarm_ocean, MONSTER, minecraft:zombie, 30, 4, 4
1250, ocean, minecraft:lukewarm_ocean, MONSTER, minecraft:zombie_villager, 5, 1, 1
1251, ocean, minecraft:lukewarm_ocean, MONSTER, minecraft:skeleton, 30, 4, 4
1252, ocean, minecraft:lukewarm_ocean, MONSTER, minecraft:creeper, 30, 4, 4
1253, ocean, minecraft:lukewarm_ocean, MONSTER, minecraft:slime, 30, 4, 4
1254, ocean, minecraft:lukewarm_ocean, MONSTER, minecraft:enderman, 5, 1, 4
1255, ocean, minecraft:lukewarm_ocean, MONSTER, minecraft:witch, 5, 1, 1
1256, ocean, minecraft:lukewarm_ocean, MONSTER, minecraft:drowned, 5, 1, 1
1257, ocean, minecraft:lukewarm_ocean, MONSTER, variantsandventures:murk, 5, 1, 1
1258, ocean, minecraft:lukewarm_ocean, MONSTER, irons_spellbooks:necromancer, 18, 1, 1
1259, ocean, minecraft:lukewarm_ocean, CREATURE, ars_nouveau:drygmy, 5, 1, 2
1260, ocean, minecraft:lukewarm_ocean, CREATURE, ars_nouveau:gift_starby, 5, 1, 1
1261, ocean, minecraft:lukewarm_ocean, CREATURE, ars_nouveau:starbuncle, 5, 1, 2
1262, ocean, minecraft:lukewarm_ocean, CREATURE, ars_nouveau:whirlisprig, 5, 1, 2
1263, ocean, minecraft:lukewarm_ocean, AMBIENT, minecraft:bat, 10, 8, 8
1264, ocean, minecraft:lukewarm_ocean, UNDERGROUND_WATER_CREATURE, minecraft:glow_squid, 10, 4, 6
1265, ocean, minecraft:lukewarm_ocean, WATER_CREATURE, minecraft:squid, 10, 1, 2
1266, ocean, minecraft:lukewarm_ocean, WATER_CREATURE, minecraft:dolphin, 5, 1, 2
1267, ocean, minecraft:lukewarm_ocean, WATER_AMBIENT, minecraft:cod, 15, 3, 6
1268, ocean, minecraft:lukewarm_ocean, WATER_AMBIENT, minecraft:pufferfish, 5, 1, 3
1269, ocean, minecraft:lukewarm_ocean, WATER_AMBIENT, minecraft:tropical_fish, 25, 8, 8
1270, private, minecraft:lush_caves, MONSTER, minecraft:spider, 30, 4, 4
1271, private, minecraft:lush_caves, MONSTER, minecraft:zombie, 30, 4, 4
1272, private, minecraft:lush_caves, MONSTER, minecraft:zombie_villager, 5, 1, 1
1273, private, minecraft:lush_caves, MONSTER, minecraft:skeleton, 30, 4, 4
1274, private, minecraft:lush_caves, MONSTER, minecraft:creeper, 30, 4, 4
1275, private, minecraft:lush_caves, MONSTER, minecraft:slime, 30, 4, 4
1276, private, minecraft:lush_caves, MONSTER, minecraft:enderman, 5, 1, 4
1277, private, minecraft:lush_caves, MONSTER, minecraft:witch, 5, 1, 1
1278, private, minecraft:lush_caves, MONSTER, cataclysm:amethyst_crab, 5, 1, 1
1279, private, minecraft:lush_caves, MONSTER, irons_spellbooks:necromancer, 18, 1, 1
1280, private, minecraft:lush_caves, CREATURE, ars_nouveau:drygmy, 5, 1, 2
1281, private, minecraft:lush_caves, CREATURE, ars_nouveau:gift_starby, 5, 1, 1
1282, private, minecraft:lush_caves, CREATURE, ars_nouveau:starbuncle, 5, 1, 2
1283, private, minecraft:lush_caves, CREATURE, ars_nouveau:whirlisprig, 5, 1, 2
1284, private, minecraft:lush_caves, AMBIENT, minecraft:bat, 10, 8, 8
1285, private, minecraft:lush_caves, AXOLOTLS, minecraft:axolotl, 10, 4, 6
1286, private, minecraft:lush_caves, UNDERGROUND_WATER_CREATURE, minecraft:glow_squid, 10, 4, 6
1287, private, minecraft:lush_caves, WATER_AMBIENT, minecraft:tropical_fish, 25, 8, 8
1288, ocean, biomeswevegone:lush_stacks, MONSTER, minecraft:drowned, 5, 1, 1
1289, ocean, biomeswevegone:lush_stacks, MONSTER, minecraft:spider, 30, 4, 4
1290, ocean, biomeswevegone:lush_stacks, MONSTER, minecraft:zombie, 30, 4, 4
1291, ocean, biomeswevegone:lush_stacks, MONSTER, minecraft:zombie_villager, 5, 1, 1
1292, ocean, biomeswevegone:lush_stacks, MONSTER, minecraft:skeleton, 30, 4, 4
1293, ocean, biomeswevegone:lush_stacks, MONSTER, minecraft:creeper, 30, 4, 4
1294, ocean, biomeswevegone:lush_stacks, MONSTER, minecraft:slime, 30, 4, 4
1295, ocean, biomeswevegone:lush_stacks, MONSTER, minecraft:enderman, 5, 1, 4
1296, ocean, biomeswevegone:lush_stacks, MONSTER, minecraft:witch, 5, 1, 1
1297, ocean, biomeswevegone:lush_stacks, MONSTER, irons_spellbooks:necromancer, 18, 1, 1
1298, ocean, biomeswevegone:lush_stacks, CREATURE, ars_nouveau:drygmy, 5, 1, 2
1299, ocean, biomeswevegone:lush_stacks, CREATURE, ars_nouveau:gift_starby, 5, 1, 1
1300, ocean, biomeswevegone:lush_stacks, CREATURE, ars_nouveau:starbuncle, 5, 1, 2
1301, ocean, biomeswevegone:lush_stacks, CREATURE, ars_nouveau:whirlisprig, 5, 1, 2
1302, ocean, biomeswevegone:lush_stacks, AMBIENT, minecraft:bat, 10, 8, 8
1303, ocean, biomeswevegone:lush_stacks, UNDERGROUND_WATER_CREATURE, minecraft:glow_squid, 10, 4, 6
1304, ocean, biomeswevegone:lush_stacks, WATER_CREATURE, biomeswevegone:man_o_war, 30, 12, 12
1305, ocean, biomeswevegone:lush_stacks, WATER_CREATURE, minecraft:squid, 10, 4, 4
1306, ocean, biomeswevegone:lush_stacks, WATER_CREATURE, minecraft:dolphin, 5, 1, 2
1307, ocean, biomeswevegone:lush_stacks, WATER_AMBIENT, minecraft:tropical_fish, 25, 8, 8
1308, private, enderscape:magnia_crags, MONSTER, enderscape:rubblemite, 5, 2, 3
1309, private, enderscape:magnia_crags, MONSTER, minecraft:enderman, 10, 4, 4
1310, private, minecraft:mangrove_swamp, MONSTER, minecraft:spider, 30, 4, 4
1311, private, minecraft:mangrove_swamp, MONSTER, minecraft:zombie, 30, 4, 4
1312, private, minecraft:mangrove_swamp, MONSTER, minecraft:zombie_villager, 5, 1, 1
1313, private, minecraft:mangrove_swamp, MONSTER, minecraft:skeleton, 30, 4, 4
1314, private, minecraft:mangrove_swamp, MONSTER, minecraft:creeper, 30, 4, 4
1315, private, minecraft:mangrove_swamp, MONSTER, minecraft:slime, 30, 4, 4
1316, private, minecraft:mangrove_swamp, MONSTER, minecraft:enderman, 5, 1, 4
1317, private, minecraft:mangrove_swamp, MONSTER, minecraft:witch, 5, 1, 1
1318, private, minecraft:mangrove_swamp, MONSTER, minecraft:slime, 5, 1, 1
1319, private, minecraft:mangrove_swamp, MONSTER, minecraft:bogged, 30, 4, 4
1320, private, minecraft:mangrove_swamp, MONSTER, irons_spellbooks:necromancer, 18, 1, 1
1321, private, minecraft:mangrove_swamp, CREATURE, minecraft:frog, 10, 2, 5
1322, private, minecraft:mangrove_swamp, CREATURE, ars_nouveau:drygmy, 5, 1, 2
1323, private, minecraft:mangrove_swamp, CREATURE, ars_nouveau:gift_starby, 5, 1, 1
1324, private, minecraft:mangrove_swamp, CREATURE, ars_nouveau:starbuncle, 5, 1, 2
1325, private, minecraft:mangrove_swamp, CREATURE, ars_nouveau:whirlisprig, 5, 1, 2
1326, private, minecraft:mangrove_swamp, AMBIENT, minecraft:bat, 10, 8, 8
1327, private, minecraft:mangrove_swamp, UNDERGROUND_WATER_CREATURE, minecraft:glow_squid, 10, 4, 6
1328, private, minecraft:mangrove_swamp, WATER_AMBIENT, minecraft:tropical_fish, 25, 8, 8
1329, taiga, biomeswevegone:maple_taiga, MONSTER, minecraft:spider, 30, 4, 4
1330, taiga, biomeswevegone:maple_taiga, MONSTER, minecraft:zombie, 30, 4, 4
1331, taiga, biomeswevegone:maple_taiga, MONSTER, minecraft:zombie_villager, 5, 1, 1
1332, taiga, biomeswevegone:maple_taiga, MONSTER, minecraft:skeleton, 30, 4, 4
1333, taiga, biomeswevegone:maple_taiga, MONSTER, minecraft:creeper, 30, 4, 4
1334, taiga, biomeswevegone:maple_taiga, MONSTER, minecraft:slime, 30, 4, 4
1335, taiga, biomeswevegone:maple_taiga, MONSTER, minecraft:enderman, 5, 1, 4
1336, taiga, biomeswevegone:maple_taiga, MONSTER, minecraft:witch, 5, 1, 1
1337, taiga, biomeswevegone:maple_taiga, MONSTER, irons_spellbooks:necromancer, 18, 1, 1
1338, taiga, biomeswevegone:maple_taiga, CREATURE, minecraft:sheep, 12, 4, 4
1339, taiga, biomeswevegone:maple_taiga, CREATURE, minecraft:pig, 10, 4, 4
1340, taiga, biomeswevegone:maple_taiga, CREATURE, minecraft:chicken, 10, 4, 4
1341, taiga, biomeswevegone:maple_taiga, CREATURE, minecraft:cow, 8, 4, 4
1342, taiga, biomeswevegone:maple_taiga, CREATURE, minecraft:wolf, 8, 4, 4
1343, taiga, biomeswevegone:maple_taiga, CREATURE, minecraft:rabbit, 5, 2, 3
1344, taiga, biomeswevegone:maple_taiga, CREATURE, minecraft:fox, 8, 2, 4
1345, taiga, biomeswevegone:maple_taiga, CREATURE, ars_nouveau:drygmy, 5, 1, 2
1346, taiga, biomeswevegone:maple_taiga, CREATURE, ars_nouveau:gift_starby, 5, 1, 1
1347, taiga, biomeswevegone:maple_taiga, CREATURE, ars_nouveau:starbuncle, 5, 1, 2
1348, taiga, biomeswevegone:maple_taiga, CREATURE, ars_nouveau:whirlisprig, 5, 1, 2
1349, taiga, biomeswevegone:maple_taiga, AMBIENT, minecraft:bat, 10, 8, 8
1350, taiga, biomeswevegone:maple_taiga, UNDERGROUND_WATER_CREATURE, minecraft:glow_squid, 10, 4, 6
1351, plains, minecraft:meadow, MONSTER, minecraft:spider, 30, 4, 4
1352, plains, minecraft:meadow, MONSTER, minecraft:zombie, 30, 4, 4
1353, plains, minecraft:meadow, MONSTER, minecraft:zombie_villager, 5, 1, 1
1354, plains, minecraft:meadow, MONSTER, minecraft:skeleton, 30, 4, 4
1355, plains, minecraft:meadow, MONSTER, minecraft:creeper, 30, 4, 4
1356, plains, minecraft:meadow, MONSTER, minecraft:slime, 30, 4, 4
1357, plains, minecraft:meadow, MONSTER, minecraft:enderman, 5, 1, 4
1358, plains, minecraft:meadow, MONSTER, minecraft:witch, 5, 1, 1
1359, plains, minecraft:meadow, MONSTER, irons_spellbooks:necromancer, 18, 1, 1
1360, plains, minecraft:meadow, CREATURE, minecraft:donkey, 5, 1, 2
1361, plains, minecraft:meadow, CREATURE, minecraft:rabbit, 5, 2, 6
1362, plains, minecraft:meadow, CREATURE, minecraft:sheep, 5, 2, 4
1363, plains, minecraft:meadow, CREATURE, ars_nouveau:drygmy, 5, 1, 2
1364, plains, minecraft:meadow, CREATURE, ars_nouveau:gift_starby, 5, 1, 1
1365, plains, minecraft:meadow, CREATURE, ars_nouveau:starbuncle, 5, 1, 2
1366, plains, minecraft:meadow, CREATURE, ars_nouveau:whirlisprig, 5, 1, 2
1367, plains, minecraft:meadow, AMBIENT, minecraft:bat, 10, 8, 8
1368, plains, minecraft:meadow, UNDERGROUND_WATER_CREATURE, minecraft:glow_squid, 10, 4, 6
1369, desert, biomeswevegone:mojave_desert, MONSTER, minecraft:spider, 30, 4, 4
1370, desert, biomeswevegone:mojave_desert, MONSTER, minecraft:zombie, 30, 4, 4
1371, desert, biomeswevegone:mojave_desert, MONSTER, minecraft:zombie_villager, 5, 1, 1
1372, desert, biomeswevegone:mojave_desert, MONSTER, minecraft:skeleton, 30, 4, 4
1373, desert, biomeswevegone:mojave_desert, MONSTER, minecraft:creeper, 30, 4, 4
1374, desert, biomeswevegone:mojave_desert, MONSTER, minecraft:slime, 30, 4, 4
1375, desert, biomeswevegone:mojave_desert, MONSTER, minecraft:enderman, 5, 1, 4
1376, desert, biomeswevegone:mojave_desert, MONSTER, minecraft:witch, 5, 1, 1
1377, desert, biomeswevegone:mojave_desert, MONSTER, minecraft:husk, 30, 4, 4
1378, desert, biomeswevegone:mojave_desert, MONSTER, irons_spellbooks:necromancer, 18, 1, 1
1379, desert, biomeswevegone:mojave_desert, CREATURE, ars_nouveau:drygmy, 5, 1, 2
1380, desert, biomeswevegone:mojave_desert, CREATURE, ars_nouveau:gift_starby, 5, 1, 1
1381, desert, biomeswevegone:mojave_desert, CREATURE, ars_nouveau:starbuncle, 5, 1, 2
1382, desert, biomeswevegone:mojave_desert, CREATURE, ars_nouveau:whirlisprig, 5, 1, 2
1383, private, minecraft:mushroom_fields, MONSTER, irons_spellbooks:necromancer, 18, 1, 1
1384, private, minecraft:mushroom_fields, CREATURE, minecraft:mooshroom, 8, 4, 8
1385, private, minecraft:mushroom_fields, CREATURE, ars_nouveau:drygmy, 5, 1, 2
1386, private, minecraft:mushroom_fields, CREATURE, ars_nouveau:gift_starby, 5, 1, 1
1387, private, minecraft:mushroom_fields, CREATURE, ars_nouveau:starbuncle, 5, 1, 2
1388, private, minecraft:mushroom_fields, CREATURE, ars_nouveau:whirlisprig, 5, 1, 2
1389, private, minecraft:mushroom_fields, AMBIENT, minecraft:bat, 10, 8, 8
1390, private, minecraft:mushroom_fields, UNDERGROUND_WATER_CREATURE, minecraft:glow_squid, 10, 4, 6
1391, nether, minecraft:nether_wastes, MONSTER, minecraft:ghast, 30, 4, 4
1392, nether, minecraft:nether_wastes, MONSTER, minecraft:zombified_piglin, 30, 4, 4
1393, nether, minecraft:nether_wastes, MONSTER, minecraft:magma_cube, 5, 4, 4
1394, nether, minecraft:nether_wastes, MONSTER, minecraft:enderman, 5, 4, 4
1395, nether, minecraft:nether_wastes, MONSTER, minecraft:piglin, 15, 4, 4
1396, nether, minecraft:nether_wastes, CREATURE, minecraft:strider, 30, 1, 2
1397, nether, minecraft:nether_wastes, WATER_AMBIENT, netherdepthsupgrade:bonefish, 8, 1, 5
1398, nether, minecraft:nether_wastes, WATER_AMBIENT, netherdepthsupgrade:fortressgrouper, 5, 1, 2
1399, nether, minecraft:nether_wastes, WATER_AMBIENT, netherdepthsupgrade:glowdine, 8, 4, 6
1400, nether, minecraft:nether_wastes, WATER_AMBIENT, netherdepthsupgrade:searing_cod, 10, 3, 6
1401, ocean, minecraft:ocean, MONSTER, minecraft:spider, 30, 4, 4
1402, ocean, minecraft:ocean, MONSTER, minecraft:zombie, 30, 4, 4
1403, ocean, minecraft:ocean, MONSTER, minecraft:zombie_villager, 5, 1, 1
1404, ocean, minecraft:ocean, MONSTER, minecraft:skeleton, 30, 4, 4
1405, ocean, minecraft:ocean, MONSTER, minecraft:creeper, 30, 4, 4
1406, ocean, minecraft:ocean, MONSTER, minecraft:slime, 30, 4, 4
1407, ocean, minecraft:ocean, MONSTER, minecraft:enderman, 5, 1, 4
1408, ocean, minecraft:ocean, MONSTER, minecraft:witch, 5, 1, 1
1409, ocean, minecraft:ocean, MONSTER, minecraft:drowned, 5, 1, 1
1410, ocean, minecraft:ocean, MONSTER, irons_spellbooks:necromancer, 18, 1, 1
1411, ocean, minecraft:ocean, CREATURE, ars_nouveau:drygmy, 5, 1, 2
1412, ocean, minecraft:ocean, CREATURE, ars_nouveau:gift_starby, 5, 1, 1
1413, ocean, minecraft:ocean, CREATURE, ars_nouveau:starbuncle, 5, 1, 2
1414, ocean, minecraft:ocean, CREATURE, ars_nouveau:whirlisprig, 5, 1, 2
1415, ocean, minecraft:ocean, AMBIENT, minecraft:bat, 10, 8, 8
1416, ocean, minecraft:ocean, UNDERGROUND_WATER_CREATURE, minecraft:glow_squid, 10, 4, 6
1417, ocean, minecraft:ocean, WATER_CREATURE, minecraft:squid, 5, 1, 4
1418, ocean, minecraft:ocean, WATER_CREATURE, minecraft:dolphin, 5, 1, 2
1419, ocean, minecraft:ocean, WATER_AMBIENT, minecraft:cod, 10, 3, 6
1420, forest, minecraft:old_growth_birch_forest, MONSTER, minecraft:spider, 30, 4, 4
1421, forest, minecraft:old_growth_birch_forest, MONSTER, minecraft:zombie, 30, 4, 4
1422, forest, minecraft:old_growth_birch_forest, MONSTER, minecraft:zombie_villager, 5, 1, 1
1423, forest, minecraft:old_growth_birch_forest, MONSTER, minecraft:skeleton, 30, 4, 4
1424, forest, minecraft:old_growth_birch_forest, MONSTER, minecraft:creeper, 30, 4, 4
1425, forest, minecraft:old_growth_birch_forest, MONSTER, minecraft:slime, 30, 4, 4
1426, forest, minecraft:old_growth_birch_forest, MONSTER, minecraft:enderman, 5, 1, 4
1427, forest, minecraft:old_growth_birch_forest, MONSTER, minecraft:witch, 5, 1, 1
1428, forest, minecraft:old_growth_birch_forest, MONSTER, irons_spellbooks:necromancer, 18, 1, 1
1429, forest, minecraft:old_growth_birch_forest, CREATURE, minecraft:sheep, 12, 4, 4
1430, forest, minecraft:old_growth_birch_forest, CREATURE, minecraft:pig, 10, 4, 4
1431, forest, minecraft:old_growth_birch_forest, CREATURE, minecraft:chicken, 10, 4, 4
1432, forest, minecraft:old_growth_birch_forest, CREATURE, minecraft:cow, 8, 4, 4
1433, forest, minecraft:old_growth_birch_forest, CREATURE, ars_nouveau:drygmy, 5, 1, 2
1434, forest, minecraft:old_growth_birch_forest, CREATURE, ars_nouveau:gift_starby, 5, 1, 1
1435, forest, minecraft:old_growth_birch_forest, CREATURE, ars_nouveau:starbuncle, 5, 1, 2
1436, forest, minecraft:old_growth_birch_forest, CREATURE, ars_nouveau:whirlisprig, 5, 1, 2
1437, forest, minecraft:old_growth_birch_forest, AMBIENT, minecraft:bat, 10, 8, 8
1438, forest, minecraft:old_growth_birch_forest, UNDERGROUND_WATER_CREATURE, minecraft:glow_squid, 10, 4, 6
1439, taiga, minecraft:old_growth_pine_taiga, MONSTER, minecraft:spider, 30, 4, 4
1440, taiga, minecraft:old_growth_pine_taiga, MONSTER, minecraft:zombie, 30, 4, 4
1441, taiga, minecraft:old_growth_pine_taiga, MONSTER, minecraft:zombie_villager, 25, 1, 1
1442, taiga, minecraft:old_growth_pine_taiga, MONSTER, minecraft:skeleton, 30, 4, 4
1443, taiga, minecraft:old_growth_pine_taiga, MONSTER, minecraft:creeper, 30, 4, 4
1444, taiga, minecraft:old_growth_pine_taiga, MONSTER, minecraft:slime, 30, 4, 4
1445, taiga, minecraft:old_growth_pine_taiga, MONSTER, minecraft:enderman, 5, 1, 4
1446, taiga, minecraft:old_growth_pine_taiga, MONSTER, minecraft:witch, 5, 1, 1
1447, taiga, minecraft:old_growth_pine_taiga, MONSTER, irons_spellbooks:necromancer, 18, 1, 1
1448, taiga, minecraft:old_growth_pine_taiga, CREATURE, minecraft:sheep, 12, 4, 4
1449, taiga, minecraft:old_growth_pine_taiga, CREATURE, minecraft:pig, 10, 4, 4
1450, taiga, minecraft:old_growth_pine_taiga, CREATURE, minecraft:chicken, 10, 4, 4
1451, taiga, minecraft:old_growth_pine_taiga, CREATURE, minecraft:cow, 8, 4, 4
1452, taiga, minecraft:old_growth_pine_taiga, CREATURE, minecraft:wolf, 8, 4, 4
1453, taiga, minecraft:old_growth_pine_taiga, CREATURE, minecraft:rabbit, 5, 2, 3
1454, taiga, minecraft:old_growth_pine_taiga, CREATURE, minecraft:fox, 8, 2, 4
1455, taiga, minecraft:old_growth_pine_taiga, CREATURE, ars_nouveau:drygmy, 5, 1, 2
1456, taiga, minecraft:old_growth_pine_taiga, CREATURE, ars_nouveau:gift_starby, 5, 1, 1
1457, taiga, minecraft:old_growth_pine_taiga, CREATURE, ars_nouveau:starbuncle, 5, 1, 2
1458, taiga, minecraft:old_growth_pine_taiga, CREATURE, ars_nouveau:whirlisprig, 5, 1, 2
1459, taiga, minecraft:old_growth_pine_taiga, AMBIENT, minecraft:bat, 10, 8, 8
1460, taiga, minecraft:old_growth_pine_taiga, UNDERGROUND_WATER_CREATURE, minecraft:glow_squid, 10, 4, 6
1461, taiga, minecraft:old_growth_spruce_taiga, MONSTER, minecraft:spider, 30, 4, 4
1462, taiga, minecraft:old_growth_spruce_taiga, MONSTER, minecraft:zombie, 30, 4, 4
1463, taiga, minecraft:old_growth_spruce_taiga, MONSTER, minecraft:zombie_villager, 5, 1, 1
1464, taiga, minecraft:old_growth_spruce_taiga, MONSTER, minecraft:skeleton, 30, 4, 4
1465, taiga, minecraft:old_growth_spruce_taiga, MONSTER, minecraft:creeper, 30, 4, 4
1466, taiga, minecraft:old_growth_spruce_taiga, MONSTER, minecraft:slime, 30, 4, 4
1467, taiga, minecraft:old_growth_spruce_taiga, MONSTER, minecraft:enderman, 5, 1, 4
1468, taiga, minecraft:old_growth_spruce_taiga, MONSTER, minecraft:witch, 5, 1, 1
1469, taiga, minecraft:old_growth_spruce_taiga, MONSTER, irons_spellbooks:necromancer, 18, 1, 1
1470, taiga, minecraft:old_growth_spruce_taiga, CREATURE, minecraft:sheep, 12, 4, 4
1471, taiga, minecraft:old_growth_spruce_taiga, CREATURE, minecraft:pig, 10, 4, 4
1472, taiga, minecraft:old_growth_spruce_taiga, CREATURE, minecraft:chicken, 10, 4, 4
1473, taiga, minecraft:old_growth_spruce_taiga, CREATURE, minecraft:cow, 8, 4, 4
1474, taiga, minecraft:old_growth_spruce_taiga, CREATURE, minecraft:wolf, 8, 4, 4
1475, taiga, minecraft:old_growth_spruce_taiga, CREATURE, minecraft:rabbit, 5, 2, 3
1476, taiga, minecraft:old_growth_spruce_taiga, CREATURE, minecraft:fox, 8, 2, 4
1477, taiga, minecraft:old_growth_spruce_taiga, CREATURE, ars_nouveau:drygmy, 5, 1, 2
1478, taiga, minecraft:old_growth_spruce_taiga, CREATURE, ars_nouveau:gift_starby, 5, 1, 1
1479, taiga, minecraft:old_growth_spruce_taiga, CREATURE, ars_nouveau:starbuncle, 5, 1, 2
1480, taiga, minecraft:old_growth_spruce_taiga, CREATURE, ars_nouveau:whirlisprig, 5, 1, 2
1481, taiga, minecraft:old_growth_spruce_taiga, AMBIENT, minecraft:bat, 10, 8, 8
1482, taiga, minecraft:old_growth_spruce_taiga, UNDERGROUND_WATER_CREATURE, minecraft:glow_squid, 10, 4, 6
1483, forest, biomeswevegone:orchard, MONSTER, minecraft:spider, 30, 4, 4
1484, forest, biomeswevegone:orchard, MONSTER, minecraft:zombie, 30, 4, 4
1485, forest, biomeswevegone:orchard, MONSTER, minecraft:zombie_villager, 5, 1, 1
1486, forest, biomeswevegone:orchard, MONSTER, minecraft:skeleton, 30, 4, 4
1487, forest, biomeswevegone:orchard, MONSTER, minecraft:creeper, 30, 4, 4
1488, forest, biomeswevegone:orchard, MONSTER, minecraft:slime, 30, 4, 4
1489, forest, biomeswevegone:orchard, MONSTER, minecraft:enderman, 5, 1, 4
1490, forest, biomeswevegone:orchard, MONSTER, minecraft:witch, 5, 1, 1
1491, forest, biomeswevegone:orchard, MONSTER, irons_spellbooks:necromancer, 18, 1, 1
1492, forest, biomeswevegone:orchard, CREATURE, minecraft:sheep, 12, 4, 4
1493, forest, biomeswevegone:orchard, CREATURE, minecraft:pig, 10, 4, 4
1494, forest, biomeswevegone:orchard, CREATURE, minecraft:chicken, 10, 4, 4
1495, forest, biomeswevegone:orchard, CREATURE, minecraft:cow, 8, 4, 4
1496, forest, biomeswevegone:orchard, CREATURE, minecraft:horse, 5, 2, 6
1497, forest, biomeswevegone:orchard, CREATURE, minecraft:donkey, 5, 1, 3
1498, forest, biomeswevegone:orchard, CREATURE, ars_nouveau:drygmy, 5, 1, 2
1499, forest, biomeswevegone:orchard, CREATURE, ars_nouveau:gift_starby, 5, 1, 1
1500, forest, biomeswevegone:orchard, CREATURE, ars_nouveau:starbuncle, 5, 1, 2
1501, forest, biomeswevegone:orchard, CREATURE, ars_nouveau:whirlisprig, 5, 1, 2
1502, forest, biomeswevegone:orchard, AMBIENT, minecraft:bat, 10, 8, 8
1503, forest, biomeswevegone:orchard, UNDERGROUND_WATER_CREATURE, minecraft:glow_squid, 10, 4, 6
1504, forest, biomeswevegone:overgrowth_woodlands, MONSTER, minecraft:spider, 30, 4, 4
1505, forest, biomeswevegone:overgrowth_woodlands, MONSTER, minecraft:zombie, 30, 4, 4
1506, forest, biomeswevegone:overgrowth_woodlands, MONSTER, minecraft:zombie_villager, 5, 1, 1
1507, forest, biomeswevegone:overgrowth_woodlands, MONSTER, minecraft:skeleton, 30, 4, 4
1508, forest, biomeswevegone:overgrowth_woodlands, MONSTER, minecraft:creeper, 30, 4, 4
1509, forest, biomeswevegone:overgrowth_woodlands, MONSTER, minecraft:slime, 30, 4, 4
1510, forest, biomeswevegone:overgrowth_woodlands, MONSTER, minecraft:enderman, 5, 1, 4
1511, forest, biomeswevegone:overgrowth_woodlands, MONSTER, minecraft:witch, 5, 1, 1
1512, forest, biomeswevegone:overgrowth_woodlands, MONSTER, irons_spellbooks:necromancer, 18, 1, 1
1513, forest, biomeswevegone:overgrowth_woodlands, CREATURE, minecraft:sheep, 12, 4, 4
1514, forest, biomeswevegone:overgrowth_woodlands, CREATURE, minecraft:pig, 10, 4, 4
1515, forest, biomeswevegone:overgrowth_woodlands, CREATURE, minecraft:chicken, 10, 4, 4
1516, forest, biomeswevegone:overgrowth_woodlands, CREATURE, minecraft:cow, 8, 4, 4
1517, forest, biomeswevegone:overgrowth_woodlands, CREATURE, minecraft:wolf, 8, 4, 4
1518, forest, biomeswevegone:overgrowth_woodlands, CREATURE, minecraft:rabbit, 5, 2, 3
1519, forest, biomeswevegone:overgrowth_woodlands, CREATURE, minecraft:fox, 8, 2, 4
1520, forest, biomeswevegone:overgrowth_woodlands, CREATURE, ars_nouveau:drygmy, 5, 1, 2
1521, forest, biomeswevegone:overgrowth_woodlands, CREATURE, ars_nouveau:gift_starby, 5, 1, 1
1522, forest, biomeswevegone:overgrowth_woodlands, CREATURE, ars_nouveau:starbuncle, 5, 1, 2
1523, forest, biomeswevegone:overgrowth_woodlands, CREATURE, ars_nouveau:whirlisprig, 5, 1, 2
1524, forest, biomeswevegone:overgrowth_woodlands, AMBIENT, minecraft:bat, 10, 8, 8
1525, forest, biomeswevegone:overgrowth_woodlands, UNDERGROUND_WATER_CREATURE, minecraft:glow_squid, 10, 4, 6
1526, swamp, biomeswevegone:pale_bog, MONSTER, minecraft:drowned, 30, 2, 4
1527, swamp, biomeswevegone:pale_bog, MONSTER, minecraft:spider, 30, 3, 4
1528, swamp, biomeswevegone:pale_bog, MONSTER, minecraft:bogged, 30, 2, 4
1529, swamp, biomeswevegone:pale_bog, MONSTER, minecraft:slime, 5, 1, 1
1530, swamp, biomeswevegone:pale_bog, MONSTER, irons_spellbooks:necromancer, 18, 1, 1
1531, swamp, biomeswevegone:pale_bog, CREATURE, minecraft:frog, 10, 2, 5
1532, swamp, biomeswevegone:pale_bog, CREATURE, ars_nouveau:drygmy, 5, 1, 2
1533, swamp, biomeswevegone:pale_bog, CREATURE, ars_nouveau:gift_starby, 5, 1, 1
1534, swamp, biomeswevegone:pale_bog, CREATURE, ars_nouveau:starbuncle, 5, 1, 2
1535, swamp, biomeswevegone:pale_bog, CREATURE, ars_nouveau:whirlisprig, 5, 1, 2
1536, plains, minecraft:plains, MONSTER, minecraft:spider, 30, 4, 4
1537, plains, minecraft:plains, MONSTER, minecraft:zombie, 30, 4, 4
1538, plains, minecraft:plains, MONSTER, minecraft:zombie_villager, 5, 1, 1
1539, plains, minecraft:plains, MONSTER, minecraft:skeleton, 30, 4, 4
1540, plains, minecraft:plains, MONSTER, minecraft:creeper, 30, 4, 4
1541, plains, minecraft:plains, MONSTER, minecraft:slime, 30, 4, 4
1542, plains, minecraft:plains, MONSTER, minecraft:enderman, 5, 1, 4
1543, plains, minecraft:plains, MONSTER, minecraft:witch, 5, 1, 1
1544, plains, minecraft:plains, MONSTER, irons_spellbooks:necromancer, 18, 1, 1
1545, plains, minecraft:plains, CREATURE, minecraft:sheep, 12, 4, 4
1546, plains, minecraft:plains, CREATURE, minecraft:pig, 10, 4, 4
1547, plains, minecraft:plains, CREATURE, minecraft:chicken, 10, 4, 4
1548, plains, minecraft:plains, CREATURE, minecraft:cow, 8, 4, 4
1549, plains, minecraft:plains, CREATURE, minecraft:horse, 5, 2, 6
1550, plains, minecraft:plains, CREATURE, minecraft:donkey, 5, 1, 3
1551, plains, minecraft:plains, CREATURE, ars_nouveau:drygmy, 5, 1, 2
1552, plains, minecraft:plains, CREATURE, ars_nouveau:gift_starby, 5, 1, 1
1553, plains, minecraft:plains, CREATURE, ars_nouveau:starbuncle, 5, 1, 2
1554, plains, minecraft:plains, CREATURE, ars_nouveau:whirlisprig, 5, 1, 2
1555, plains, minecraft:plains, AMBIENT, minecraft:bat, 10, 8, 8
1556, plains, minecraft:plains, UNDERGROUND_WATER_CREATURE, minecraft:glow_squid, 10, 4, 6
1557, private, biomeswevegone:prairie, MONSTER, minecraft:spider, 30, 4, 4
1558, private, biomeswevegone:prairie, MONSTER, minecraft:zombie, 30, 4, 4
1559, private, biomeswevegone:prairie, MONSTER, minecraft:zombie_villager, 5, 1, 1
1560, private, biomeswevegone:prairie, MONSTER, minecraft:skeleton, 30, 4, 4
1561, private, biomeswevegone:prairie, MONSTER, minecraft:creeper, 30, 4, 4
1562, private, biomeswevegone:prairie, MONSTER, minecraft:slime, 30, 4, 4
1563, private, biomeswevegone:prairie, MONSTER, minecraft:enderman, 5, 1, 4
1564, private, biomeswevegone:prairie, MONSTER, minecraft:witch, 5, 1, 1
1565, private, biomeswevegone:prairie, MONSTER, minecraft:spider, 30, 4, 4
1566, private, biomeswevegone:prairie, MONSTER, minecraft:zombie, 30, 4, 4
1567, private, biomeswevegone:prairie, MONSTER, minecraft:zombie_villager, 5, 1, 1
1568, private, biomeswevegone:prairie, MONSTER, minecraft:skeleton, 30, 4, 4
1569, private, biomeswevegone:prairie, MONSTER, minecraft:creeper, 30, 4, 4
1570, private, biomeswevegone:prairie, MONSTER, minecraft:slime, 30, 4, 4
1571, private, biomeswevegone:prairie, MONSTER, minecraft:enderman, 5, 1, 4
1572, private, biomeswevegone:prairie, MONSTER, minecraft:witch, 5, 1, 1
1573, private, biomeswevegone:prairie, MONSTER, irons_spellbooks:necromancer, 18, 1, 1
1574, private, biomeswevegone:prairie, CREATURE, minecraft:sheep, 12, 4, 4
1575, private, biomeswevegone:prairie, CREATURE, minecraft:pig, 10, 4, 4
1576, private, biomeswevegone:prairie, CREATURE, minecraft:chicken, 10, 4, 4
1577, private, biomeswevegone:prairie, CREATURE, minecraft:cow, 8, 4, 4
1578, private, biomeswevegone:prairie, CREATURE, minecraft:horse, 5, 2, 6
1579, private, biomeswevegone:prairie, CREATURE, minecraft:donkey, 5, 1, 3
1580, private, biomeswevegone:prairie, CREATURE, ars_nouveau:drygmy, 5, 1, 2
1581, private, biomeswevegone:prairie, CREATURE, ars_nouveau:gift_starby, 5, 1, 1
1582, private, biomeswevegone:prairie, CREATURE, ars_nouveau:starbuncle, 5, 1, 2
1583, private, biomeswevegone:prairie, CREATURE, ars_nouveau:whirlisprig, 5, 1, 2
1584, private, biomeswevegone:prairie, AMBIENT, minecraft:bat, 10, 8, 8
1585, private, biomeswevegone:prairie, AMBIENT, minecraft:bat, 10, 8, 8
1586, private, biomeswevegone:prairie, UNDERGROUND_WATER_CREATURE, minecraft:glow_squid, 10, 4, 6
1587, private, biomeswevegone:prairie, UNDERGROUND_WATER_CREATURE, minecraft:glow_squid, 10, 4, 6
1588, private, biomeswevegone:pumpkin_valley, MONSTER, minecraft:spider, 30, 4, 4
1589, private, biomeswevegone:pumpkin_valley, MONSTER, minecraft:zombie, 30, 4, 4
1590, private, biomeswevegone:pumpkin_valley, MONSTER, minecraft:zombie_villager, 5, 1, 1
1591, private, biomeswevegone:pumpkin_valley, MONSTER, minecraft:skeleton, 30, 4, 4
1592, private, biomeswevegone:pumpkin_valley, MONSTER, minecraft:creeper, 30, 4, 4
1593, private, biomeswevegone:pumpkin_valley, MONSTER, minecraft:slime, 30, 4, 4
1594, private, biomeswevegone:pumpkin_valley, MONSTER, minecraft:enderman, 5, 1, 4
1595, private, biomeswevegone:pumpkin_valley, MONSTER, minecraft:witch, 5, 1, 1
1596, private, biomeswevegone:pumpkin_valley, MONSTER, irons_spellbooks:necromancer, 18, 1, 1
1597, private, biomeswevegone:pumpkin_valley, CREATURE, minecraft:sheep, 12, 4, 4
1598, private, biomeswevegone:pumpkin_valley, CREATURE, minecraft:pig, 10, 4, 4
1599, private, biomeswevegone:pumpkin_valley, CREATURE, minecraft:chicken, 10, 4, 4
1600, private, biomeswevegone:pumpkin_valley, CREATURE, minecraft:cow, 8, 4, 4
1601, private, biomeswevegone:pumpkin_valley, CREATURE, ars_nouveau:drygmy, 5, 1, 2
1602, private, biomeswevegone:pumpkin_valley, CREATURE, ars_nouveau:gift_starby, 5, 1, 1
1603, private, biomeswevegone:pumpkin_valley, CREATURE, ars_nouveau:starbuncle, 5, 1, 2
1604, private, biomeswevegone:pumpkin_valley, CREATURE, ars_nouveau:whirlisprig, 5, 1, 2
1605, private, biomeswevegone:pumpkin_valley, AMBIENT, minecraft:bat, 10, 8, 8
1606, private, biomeswevegone:pumpkin_valley, UNDERGROUND_WATER_CREATURE, minecraft:glow_squid, 10, 4, 6
1607, beach, biomeswevegone:rainbow_beach, MONSTER, minecraft:spider, 30, 4, 4
1608, beach, biomeswevegone:rainbow_beach, MONSTER, minecraft:zombie, 30, 4, 4
1609, beach, biomeswevegone:rainbow_beach, MONSTER, minecraft:zombie_villager, 5, 1, 1
1610, beach, biomeswevegone:rainbow_beach, MONSTER, minecraft:skeleton, 30, 4, 4
1611, beach, biomeswevegone:rainbow_beach, MONSTER, minecraft:creeper, 30, 4, 4
1612, beach, biomeswevegone:rainbow_beach, MONSTER, minecraft:slime, 30, 4, 4
1613, beach, biomeswevegone:rainbow_beach, MONSTER, minecraft:enderman, 5, 1, 4
1614, beach, biomeswevegone:rainbow_beach, MONSTER, minecraft:witch, 5, 1, 1
1615, beach, biomeswevegone:rainbow_beach, MONSTER, irons_spellbooks:necromancer, 18, 1, 1
1616, beach, biomeswevegone:rainbow_beach, CREATURE, ars_nouveau:alakarkinos, 5, 1, 1
1617, beach, biomeswevegone:rainbow_beach, CREATURE, ars_nouveau:drygmy, 5, 1, 2
1618, beach, biomeswevegone:rainbow_beach, CREATURE, ars_nouveau:gift_starby, 5, 1, 1
1619, beach, biomeswevegone:rainbow_beach, CREATURE, ars_nouveau:starbuncle, 5, 1, 2
1620, beach, biomeswevegone:rainbow_beach, CREATURE, ars_nouveau:whirlisprig, 5, 1, 2
1621, beach, biomeswevegone:rainbow_beach, AMBIENT, minecraft:bat, 10, 8, 8
1622, beach, biomeswevegone:rainbow_beach, UNDERGROUND_WATER_CREATURE, minecraft:glow_squid, 10, 4, 6
1623, badlands, biomeswevegone:red_rock_peaks, MONSTER, minecraft:spider, 30, 4, 4
1624, badlands, biomeswevegone:red_rock_peaks, MONSTER, minecraft:zombie, 30, 4, 4
1625, badlands, biomeswevegone:red_rock_peaks, MONSTER, minecraft:zombie_villager, 5, 1, 1
1626, badlands, biomeswevegone:red_rock_peaks, MONSTER, minecraft:skeleton, 30, 4, 4
1627, badlands, biomeswevegone:red_rock_peaks, MONSTER, minecraft:creeper, 30, 4, 4
1628, badlands, biomeswevegone:red_rock_peaks, MONSTER, minecraft:slime, 30, 4, 4
1629, badlands, biomeswevegone:red_rock_peaks, MONSTER, minecraft:enderman, 5, 1, 4
1630, badlands, biomeswevegone:red_rock_peaks, MONSTER, minecraft:witch, 5, 1, 1
1631, badlands, biomeswevegone:red_rock_peaks, MONSTER, cataclysm:koboleton, 15, 2, 3
1632, badlands, biomeswevegone:red_rock_peaks, MONSTER, irons_spellbooks:necromancer, 18, 1, 1
1633, badlands, biomeswevegone:red_rock_peaks, CREATURE, minecraft:sheep, 12, 4, 4
1634, badlands, biomeswevegone:red_rock_peaks, CREATURE, minecraft:pig, 10, 4, 4
1635, badlands, biomeswevegone:red_rock_peaks, CREATURE, minecraft:chicken, 10, 4, 4
1636, badlands, biomeswevegone:red_rock_peaks, CREATURE, minecraft:cow, 8, 4, 4
1637, badlands, biomeswevegone:red_rock_peaks, CREATURE, minecraft:rabbit, 5, 2, 3
1638, badlands, biomeswevegone:red_rock_peaks, CREATURE, minecraft:armadillo, 10, 2, 3
1639, badlands, biomeswevegone:red_rock_peaks, CREATURE, ars_nouveau:drygmy, 5, 1, 2
1640, badlands, biomeswevegone:red_rock_peaks, CREATURE, ars_nouveau:gift_starby, 5, 1, 1
1641, badlands, biomeswevegone:red_rock_peaks, CREATURE, ars_nouveau:starbuncle, 5, 1, 2
1642, badlands, biomeswevegone:red_rock_peaks, CREATURE, ars_nouveau:whirlisprig, 5, 1, 2
1643, badlands, biomeswevegone:red_rock_peaks, AMBIENT, minecraft:bat, 10, 8, 8
1644, badlands, biomeswevegone:red_rock_peaks, UNDERGROUND_WATER_CREATURE, minecraft:glow_squid, 10, 4, 6
1645, badlands, biomeswevegone:red_rock_valley, MONSTER, minecraft:spider, 30, 4, 4
1646, badlands, biomeswevegone:red_rock_valley, MONSTER, minecraft:zombie, 30, 4, 4
1647, badlands, biomeswevegone:red_rock_valley, MONSTER, minecraft:zombie_villager, 5, 1, 1
1648, badlands, biomeswevegone:red_rock_valley, MONSTER, minecraft:skeleton, 30, 4, 4
1649, badlands, biomeswevegone:red_rock_valley, MONSTER, minecraft:creeper, 30, 4, 4
1650, badlands, biomeswevegone:red_rock_valley, MONSTER, minecraft:slime, 30, 4, 4
1651, badlands, biomeswevegone:red_rock_valley, MONSTER, minecraft:enderman, 5, 1, 4
1652, badlands, biomeswevegone:red_rock_valley, MONSTER, minecraft:witch, 5, 1, 1
1653, badlands, biomeswevegone:red_rock_valley, MONSTER, cataclysm:koboleton, 15, 2, 3
1654, badlands, biomeswevegone:red_rock_valley, MONSTER, irons_spellbooks:necromancer, 18, 1, 1
1655, badlands, biomeswevegone:red_rock_valley, CREATURE, minecraft:sheep, 12, 4, 4
1656, badlands, biomeswevegone:red_rock_valley, CREATURE, minecraft:pig, 10, 4, 4
1657, badlands, biomeswevegone:red_rock_valley, CREATURE, minecraft:chicken, 10, 4, 4
1658, badlands, biomeswevegone:red_rock_valley, CREATURE, minecraft:cow, 8, 4, 4
1659, badlands, biomeswevegone:red_rock_valley, CREATURE, minecraft:rabbit, 5, 2, 3
1660, badlands, biomeswevegone:red_rock_valley, CREATURE, minecraft:armadillo, 10, 2, 3
1661, badlands, biomeswevegone:red_rock_valley, CREATURE, ars_nouveau:drygmy, 5, 1, 2
1662, badlands, biomeswevegone:red_rock_valley, CREATURE, ars_nouveau:gift_starby, 5, 1, 1
1663, badlands, biomeswevegone:red_rock_valley, CREATURE, ars_nouveau:starbuncle, 5, 1, 2
1664, badlands, biomeswevegone:red_rock_valley, CREATURE, ars_nouveau:whirlisprig, 5, 1, 2
1665, badlands, biomeswevegone:red_rock_valley, AMBIENT, minecraft:bat, 10, 8, 8
1666, badlands, biomeswevegone:red_rock_valley, UNDERGROUND_WATER_CREATURE, minecraft:glow_squid, 10, 4, 6
1667, forest, biomeswevegone:redwood_thicket, MONSTER, minecraft:spider, 30, 4, 4
1668, forest, biomeswevegone:redwood_thicket, MONSTER, minecraft:zombie, 30, 4, 4
1669, forest, biomeswevegone:redwood_thicket, MONSTER, minecraft:zombie_villager, 5, 1, 1
1670, forest, biomeswevegone:redwood_thicket, MONSTER, minecraft:skeleton, 30, 4, 4
1671, forest, biomeswevegone:redwood_thicket, MONSTER, minecraft:creeper, 30, 4, 4
1672, forest, biomeswevegone:redwood_thicket, MONSTER, minecraft:slime, 30, 4, 4
1673, forest, biomeswevegone:redwood_thicket, MONSTER, minecraft:enderman, 5, 1, 4
1674, forest, biomeswevegone:redwood_thicket, MONSTER, minecraft:witch, 5, 1, 1
1675, forest, biomeswevegone:redwood_thicket, MONSTER, irons_spellbooks:necromancer, 18, 1, 1
1676, forest, biomeswevegone:redwood_thicket, CREATURE, minecraft:sheep, 12, 4, 4
1677, forest, biomeswevegone:redwood_thicket, CREATURE, minecraft:pig, 10, 4, 4
1678, forest, biomeswevegone:redwood_thicket, CREATURE, minecraft:chicken, 10, 4, 4
1679, forest, biomeswevegone:redwood_thicket, CREATURE, minecraft:cow, 8, 4, 4
1680, forest, biomeswevegone:redwood_thicket, CREATURE, minecraft:wolf, 8, 4, 4
1681, forest, biomeswevegone:redwood_thicket, CREATURE, minecraft:rabbit, 5, 2, 3
1682, forest, biomeswevegone:redwood_thicket, CREATURE, minecraft:fox, 8, 2, 4
1683, forest, biomeswevegone:redwood_thicket, CREATURE, ars_nouveau:drygmy, 5, 1, 2
1684, forest, biomeswevegone:redwood_thicket, CREATURE, ars_nouveau:gift_starby, 5, 1, 1
1685, forest, biomeswevegone:redwood_thicket, CREATURE, ars_nouveau:starbuncle, 5, 1, 2
1686, forest, biomeswevegone:redwood_thicket, CREATURE, ars_nouveau:whirlisprig, 5, 1, 2
1687, forest, biomeswevegone:redwood_thicket, AMBIENT, minecraft:bat, 10, 8, 8
1688, forest, biomeswevegone:redwood_thicket, UNDERGROUND_WATER_CREATURE, minecraft:glow_squid, 10, 4, 6
1689, river, minecraft:river, MONSTER, minecraft:spider, 30, 4, 4
1690, river, minecraft:river, MONSTER, minecraft:zombie, 30, 4, 4
1691, river, minecraft:river, MONSTER, minecraft:zombie_villager, 5, 1, 1
1692, river, minecraft:river, MONSTER, minecraft:skeleton, 30, 4, 4
1693, river, minecraft:river, MONSTER, minecraft:creeper, 30, 4, 4
1694, river, minecraft:river, MONSTER, minecraft:slime, 30, 4, 4
1695, river, minecraft:river, MONSTER, minecraft:enderman, 5, 1, 4
1696, river, minecraft:river, MONSTER, minecraft:witch, 5, 1, 1
1697, river, minecraft:river, MONSTER, minecraft:drowned, 30, 1, 1
1698, river, minecraft:river, MONSTER, irons_spellbooks:necromancer, 18, 1, 1
1699, river, minecraft:river, CREATURE, ars_nouveau:drygmy, 5, 1, 2
1700, river, minecraft:river, CREATURE, ars_nouveau:gift_starby, 5, 1, 1
1701, river, minecraft:river, CREATURE, ars_nouveau:starbuncle, 5, 1, 2
1702, river, minecraft:river, CREATURE, ars_nouveau:whirlisprig, 5, 1, 2
1703, river, minecraft:river, AMBIENT, minecraft:bat, 10, 8, 8
1704, river, minecraft:river, UNDERGROUND_WATER_CREATURE, minecraft:glow_squid, 10, 4, 6
1705, river, minecraft:river, WATER_CREATURE, minecraft:squid, 5, 1, 4
1706, river, minecraft:river, WATER_AMBIENT, minecraft:salmon, 5, 1, 5
1707, private, biomeswevegone:rose_fields, MONSTER, minecraft:spider, 30, 4, 4
1708, private, biomeswevegone:rose_fields, MONSTER, minecraft:zombie, 30, 4, 4
1709, private, biomeswevegone:rose_fields, MONSTER, minecraft:zombie_villager, 5, 1, 1
1710, private, biomeswevegone:rose_fields, MONSTER, minecraft:skeleton, 30, 4, 4
1711, private, biomeswevegone:rose_fields, MONSTER, minecraft:creeper, 30, 4, 4
1712, private, biomeswevegone:rose_fields, MONSTER, minecraft:slime, 30, 4, 4
1713, private, biomeswevegone:rose_fields, MONSTER, minecraft:enderman, 5, 1, 4
1714, private, biomeswevegone:rose_fields, MONSTER, minecraft:witch, 5, 1, 1
1715, private, biomeswevegone:rose_fields, MONSTER, irons_spellbooks:necromancer, 18, 1, 1
1716, private, biomeswevegone:rose_fields, CREATURE, minecraft:sheep, 12, 4, 4
1717, private, biomeswevegone:rose_fields, CREATURE, minecraft:pig, 10, 4, 4
1718, private, biomeswevegone:rose_fields, CREATURE, minecraft:chicken, 10, 4, 4
1719, private, biomeswevegone:rose_fields, CREATURE, minecraft:cow, 8, 4, 4
1720, private, biomeswevegone:rose_fields, CREATURE, minecraft:horse, 5, 2, 6
1721, private, biomeswevegone:rose_fields, CREATURE, minecraft:donkey, 5, 1, 3
1722, private, biomeswevegone:rose_fields, CREATURE, minecraft:fox, 8, 2, 4
1723, private, biomeswevegone:rose_fields, CREATURE, ars_nouveau:drygmy, 5, 1, 2
1724, private, biomeswevegone:rose_fields, CREATURE, ars_nouveau:gift_starby, 5, 1, 1
1725, private, biomeswevegone:rose_fields, CREATURE, ars_nouveau:starbuncle, 5, 1, 2
1726, private, biomeswevegone:rose_fields, CREATURE, ars_nouveau:whirlisprig, 5, 1, 2
1727, private, biomeswevegone:rose_fields, AMBIENT, minecraft:bat, 10, 8, 8
1728, private, biomeswevegone:rose_fields, UNDERGROUND_WATER_CREATURE, minecraft:glow_squid, 10, 4, 6
1729, desert, biomeswevegone:rugged_badlands, MONSTER, minecraft:spider, 30, 4, 4
1730, desert, biomeswevegone:rugged_badlands, MONSTER, minecraft:husk, 30, 4, 4
1731, desert, biomeswevegone:rugged_badlands, MONSTER, minecraft:zombie_villager, 5, 1, 1
1732, desert, biomeswevegone:rugged_badlands, MONSTER, minecraft:skeleton, 30, 4, 4
1733, desert, biomeswevegone:rugged_badlands, MONSTER, minecraft:creeper, 30, 4, 4
1734, desert, biomeswevegone:rugged_badlands, MONSTER, minecraft:slime, 30, 4, 4
1735, desert, biomeswevegone:rugged_badlands, MONSTER, minecraft:enderman, 5, 1, 4
1736, desert, biomeswevegone:rugged_badlands, MONSTER, minecraft:witch, 5, 1, 1
1737, desert, biomeswevegone:rugged_badlands, MONSTER, minecraft:ravager, 5, 1, 2
1738, desert, biomeswevegone:rugged_badlands, MONSTER, cataclysm:koboleton, 15, 2, 3
1739, desert, biomeswevegone:rugged_badlands, MONSTER, irons_spellbooks:necromancer, 18, 1, 1
1740, desert, biomeswevegone:rugged_badlands, CREATURE, minecraft:rabbit, 5, 2, 3
1741, desert, biomeswevegone:rugged_badlands, CREATURE, ars_nouveau:drygmy, 5, 1, 2
1742, desert, biomeswevegone:rugged_badlands, CREATURE, ars_nouveau:gift_starby, 5, 1, 1
1743, desert, biomeswevegone:rugged_badlands, CREATURE, ars_nouveau:starbuncle, 5, 1, 2
1744, desert, biomeswevegone:rugged_badlands, CREATURE, ars_nouveau:whirlisprig, 5, 1, 2
1745, desert, biomeswevegone:rugged_badlands, AMBIENT, minecraft:bat, 10, 8, 8
1746, forest, biomeswevegone:sakura_grove, MONSTER, minecraft:spider, 30, 4, 4
1747, forest, biomeswevegone:sakura_grove, MONSTER, minecraft:zombie, 30, 4, 4
1748, forest, biomeswevegone:sakura_grove, MONSTER, minecraft:zombie_villager, 5, 1, 1
1749, forest, biomeswevegone:sakura_grove, MONSTER, minecraft:skeleton, 30, 4, 4
1750, forest, biomeswevegone:sakura_grove, MONSTER, minecraft:creeper, 30, 4, 4
1751, forest, biomeswevegone:sakura_grove, MONSTER, minecraft:slime, 30, 4, 4
1752, forest, biomeswevegone:sakura_grove, MONSTER, minecraft:enderman, 5, 1, 4
1753, forest, biomeswevegone:sakura_grove, MONSTER, minecraft:witch, 5, 1, 1
1754, forest, biomeswevegone:sakura_grove, MONSTER, irons_spellbooks:necromancer, 18, 1, 1
1755, forest, biomeswevegone:sakura_grove, CREATURE, minecraft:sheep, 12, 4, 4
1756, forest, biomeswevegone:sakura_grove, CREATURE, minecraft:pig, 10, 4, 4
1757, forest, biomeswevegone:sakura_grove, CREATURE, minecraft:chicken, 10, 4, 4
1758, forest, biomeswevegone:sakura_grove, CREATURE, minecraft:cow, 8, 4, 4
1759, forest, biomeswevegone:sakura_grove, CREATURE, minecraft:wolf, 5, 4, 4
1760, forest, biomeswevegone:sakura_grove, CREATURE, ars_nouveau:drygmy, 5, 1, 2
1761, forest, biomeswevegone:sakura_grove, CREATURE, ars_nouveau:gift_starby, 5, 1, 1
1762, forest, biomeswevegone:sakura_grove, CREATURE, ars_nouveau:starbuncle, 5, 1, 2
1763, forest, biomeswevegone:sakura_grove, CREATURE, ars_nouveau:whirlisprig, 5, 1, 2
1764, forest, biomeswevegone:sakura_grove, AMBIENT, minecraft:bat, 10, 8, 8
1765, savanna, minecraft:savanna, MONSTER, minecraft:spider, 30, 4, 4
1766, savanna, minecraft:savanna, MONSTER, minecraft:zombie, 30, 4, 4
1767, savanna, minecraft:savanna, MONSTER, minecraft:zombie_villager, 5, 1, 1
1768, savanna, minecraft:savanna, MONSTER, minecraft:skeleton, 30, 4, 4
1769, savanna, minecraft:savanna, MONSTER, minecraft:creeper, 30, 4, 4
1770, savanna, minecraft:savanna, MONSTER, minecraft:slime, 30, 4, 4
1771, savanna, minecraft:savanna, MONSTER, minecraft:enderman, 5, 1, 4
1772, savanna, minecraft:savanna, MONSTER, minecraft:witch, 5, 1, 1
1773, savanna, minecraft:savanna, MONSTER, cataclysm:koboleton, 15, 2, 3
1774, savanna, minecraft:savanna, MONSTER, irons_spellbooks:necromancer, 18, 1, 1
1775, savanna, minecraft:savanna, CREATURE, minecraft:sheep, 12, 4, 4
1776, savanna, minecraft:savanna, CREATURE, minecraft:pig, 10, 4, 4
1777, savanna, minecraft:savanna, CREATURE, minecraft:chicken, 10, 4, 4
1778, savanna, minecraft:savanna, CREATURE, minecraft:cow, 8, 4, 4
1779, savanna, minecraft:savanna, CREATURE, minecraft:horse, 5, 2, 6
1780, savanna, minecraft:savanna, CREATURE, minecraft:donkey, 5, 1, 1
1781, savanna, minecraft:savanna, CREATURE, minecraft:armadillo, 10, 2, 3
1782, savanna, minecraft:savanna, CREATURE, ars_nouveau:drygmy, 5, 1, 2
1783, savanna, minecraft:savanna, CREATURE, ars_nouveau:gift_starby, 5, 1, 1
1784, savanna, minecraft:savanna, CREATURE, ars_nouveau:starbuncle, 5, 1, 2
1785, savanna, minecraft:savanna, CREATURE, ars_nouveau:whirlisprig, 5, 1, 2
1786, savanna, minecraft:savanna, AMBIENT, minecraft:bat, 10, 8, 8
1787, savanna, minecraft:savanna, UNDERGROUND_WATER_CREATURE, minecraft:glow_squid, 10, 4, 6
1788, private, minecraft:savanna_plateau, MONSTER, minecraft:spider, 30, 4, 4
1789, private, minecraft:savanna_plateau, MONSTER, minecraft:zombie, 30, 4, 4
1790, private, minecraft:savanna_plateau, MONSTER, minecraft:zombie_villager, 5, 1, 1
1791, private, minecraft:savanna_plateau, MONSTER, minecraft:skeleton, 30, 4, 4
1792, private, minecraft:savanna_plateau, MONSTER, minecraft:creeper, 30, 4, 4
1793, private, minecraft:savanna_plateau, MONSTER, minecraft:slime, 30, 4, 4
1794, private, minecraft:savanna_plateau, MONSTER, minecraft:enderman, 5, 1, 4
1795, private, minecraft:savanna_plateau, MONSTER, minecraft:witch, 5, 1, 1
1796, private, minecraft:savanna_plateau, MONSTER, cataclysm:koboleton, 15, 2, 3
1797, private, minecraft:savanna_plateau, MONSTER, irons_spellbooks:necromancer, 18, 1, 1
1798, private, minecraft:savanna_plateau, CREATURE, minecraft:sheep, 12, 4, 4
1799, private, minecraft:savanna_plateau, CREATURE, minecraft:pig, 10, 4, 4
1800, private, minecraft:savanna_plateau, CREATURE, minecraft:chicken, 10, 4, 4
1801, private, minecraft:savanna_plateau, CREATURE, minecraft:cow, 8, 4, 4
1802, private, minecraft:savanna_plateau, CREATURE, minecraft:horse, 5, 2, 6
1803, private, minecraft:savanna_plateau, CREATURE, minecraft:donkey, 5, 1, 1
1804, private, minecraft:savanna_plateau, CREATURE, minecraft:armadillo, 10, 2, 3
1805, private, minecraft:savanna_plateau, CREATURE, minecraft:llama, 8, 4, 4
1806, private, minecraft:savanna_plateau, CREATURE, minecraft:wolf, 8, 4, 8
1807, private, minecraft:savanna_plateau, CREATURE, ars_nouveau:drygmy, 5, 1, 2
1808, private, minecraft:savanna_plateau, CREATURE, ars_nouveau:gift_starby, 5, 1, 1
1809, private, minecraft:savanna_plateau, CREATURE, ars_nouveau:starbuncle, 5, 1, 2
1810, private, minecraft:savanna_plateau, CREATURE, ars_nouveau:whirlisprig, 5, 1, 2
1811, private, minecraft:savanna_plateau, AMBIENT, minecraft:bat, 10, 8, 8
1812, private, minecraft:savanna_plateau, UNDERGROUND_WATER_CREATURE, minecraft:glow_squid, 10, 4, 6
1813, private, biomeswevegone:shattered_glacier, MONSTER, minecraft:spider, 30, 4, 4
1814, private, biomeswevegone:shattered_glacier, MONSTER, minecraft:zombie, 30, 4, 4
1815, private, biomeswevegone:shattered_glacier, MONSTER, minecraft:zombie_villager, 5, 1, 1
1816, private, biomeswevegone:shattered_glacier, MONSTER, minecraft:skeleton, 30, 4, 4
1817, private, biomeswevegone:shattered_glacier, MONSTER, minecraft:creeper, 30, 4, 4
1818, private, biomeswevegone:shattered_glacier, MONSTER, minecraft:slime, 30, 4, 4
1819, private, biomeswevegone:shattered_glacier, MONSTER, minecraft:enderman, 5, 1, 4
1820, private, biomeswevegone:shattered_glacier, MONSTER, minecraft:witch, 5, 1, 1
1821, private, biomeswevegone:shattered_glacier, MONSTER, minecraft:stray, 30, 4, 4
1822, private, biomeswevegone:shattered_glacier, MONSTER, irons_spellbooks:necromancer, 18, 1, 1
1823, private, biomeswevegone:shattered_glacier, CREATURE, ars_nouveau:drygmy, 5, 1, 2
1824, private, biomeswevegone:shattered_glacier, CREATURE, ars_nouveau:gift_starby, 5, 1, 1
1825, private, biomeswevegone:shattered_glacier, CREATURE, ars_nouveau:starbuncle, 5, 1, 2
1826, private, biomeswevegone:shattered_glacier, CREATURE, ars_nouveau:whirlisprig, 5, 1, 2
1827, private, biomeswevegone:shattered_glacier, AMBIENT, minecraft:bat, 10, 8, 8
1828, private, biomeswevegone:shattered_glacier, UNDERGROUND_WATER_CREATURE, minecraft:glow_squid, 10, 4, 6
1829, badlands, biomeswevegone:sierra_badlands, MONSTER, minecraft:spider, 30, 4, 4
1830, badlands, biomeswevegone:sierra_badlands, MONSTER, minecraft:husk, 30, 4, 4
1831, badlands, biomeswevegone:sierra_badlands, MONSTER, minecraft:zombie_villager, 5, 1, 1
1832, badlands, biomeswevegone:sierra_badlands, MONSTER, minecraft:skeleton, 30, 4, 4
1833, badlands, biomeswevegone:sierra_badlands, MONSTER, minecraft:creeper, 30, 4, 4
1834, badlands, biomeswevegone:sierra_badlands, MONSTER, minecraft:slime, 30, 4, 4
1835, badlands, biomeswevegone:sierra_badlands, MONSTER, minecraft:enderman, 5, 1, 4
1836, badlands, biomeswevegone:sierra_badlands, MONSTER, minecraft:witch, 5, 1, 1
1837, badlands, biomeswevegone:sierra_badlands, MONSTER, cataclysm:koboleton, 15, 2, 3
1838, badlands, biomeswevegone:sierra_badlands, MONSTER, irons_spellbooks:necromancer, 18, 1, 1
1839, badlands, biomeswevegone:sierra_badlands, CREATURE, minecraft:rabbit, 5, 2, 3
1840, badlands, biomeswevegone:sierra_badlands, CREATURE, ars_nouveau:drygmy, 5, 1, 2
1841, badlands, biomeswevegone:sierra_badlands, CREATURE, ars_nouveau:gift_starby, 5, 1, 1
1842, badlands, biomeswevegone:sierra_badlands, CREATURE, ars_nouveau:starbuncle, 5, 1, 2
1843, badlands, biomeswevegone:sierra_badlands, CREATURE, ars_nouveau:whirlisprig, 5, 1, 2
1844, badlands, biomeswevegone:sierra_badlands, AMBIENT, minecraft:bat, 10, 8, 8
1845, forest, biomeswevegone:skyris_vale, MONSTER, minecraft:spider, 30, 4, 4
1846, forest, biomeswevegone:skyris_vale, MONSTER, minecraft:skeleton, 30, 4, 4
1847, forest, biomeswevegone:skyris_vale, MONSTER, minecraft:slime, 30, 4, 4
1848, forest, biomeswevegone:skyris_vale, MONSTER, minecraft:enderman, 10, 1, 4
1849, forest, biomeswevegone:skyris_vale, MONSTER, minecraft:witch, 5, 1, 1
1850, forest, biomeswevegone:skyris_vale, MONSTER, irons_spellbooks:necromancer, 18, 1, 1
1851, forest, biomeswevegone:skyris_vale, CREATURE, minecraft:sheep, 12, 4, 4
1852, forest, biomeswevegone:skyris_vale, CREATURE, minecraft:pig, 10, 4, 4
1853, forest, biomeswevegone:skyris_vale, CREATURE, minecraft:chicken, 10, 4, 4
1854, forest, biomeswevegone:skyris_vale, CREATURE, minecraft:cow, 8, 4, 4
1855, forest, biomeswevegone:skyris_vale, CREATURE, minecraft:rabbit, 5, 2, 3
1856, forest, biomeswevegone:skyris_vale, CREATURE, minecraft:fox, 8, 2, 4
1857, forest, biomeswevegone:skyris_vale, CREATURE, ars_nouveau:drygmy, 5, 1, 2
1858, forest, biomeswevegone:skyris_vale, CREATURE, ars_nouveau:gift_starby, 5, 1, 1
1859, forest, biomeswevegone:skyris_vale, CREATURE, ars_nouveau:starbuncle, 5, 1, 2
1860, forest, biomeswevegone:skyris_vale, CREATURE, ars_nouveau:whirlisprig, 5, 1, 2
1861, forest, biomeswevegone:skyris_vale, AMBIENT, minecraft:bat, 10, 8, 8
1862, private, minecraft:small_end_islands, MONSTER, minecraft:enderman, 5, 4, 4
1863, beach, minecraft:snowy_beach, MONSTER, minecraft:spider, 30, 4, 4
1864, beach, minecraft:snowy_beach, MONSTER, minecraft:zombie, 30, 4, 4
1865, beach, minecraft:snowy_beach, MONSTER, minecraft:zombie_villager, 5, 1, 1
1866, beach, minecraft:snowy_beach, MONSTER, minecraft:skeleton, 30, 4, 4
1867, beach, minecraft:snowy_beach, MONSTER, minecraft:creeper, 30, 4, 4
1868, beach, minecraft:snowy_beach, MONSTER, minecraft:slime, 30, 4, 4
1869, beach, minecraft:snowy_beach, MONSTER, minecraft:enderman, 5, 1, 4
1870, beach, minecraft:snowy_beach, MONSTER, minecraft:witch, 5, 1, 1
1871, beach, minecraft:snowy_beach, MONSTER, irons_spellbooks:necromancer, 18, 1, 1
1872, beach, minecraft:snowy_beach, CREATURE, ars_nouveau:alakarkinos, 5, 1, 1
1873, beach, minecraft:snowy_beach, CREATURE, ars_nouveau:drygmy, 5, 1, 2
1874, beach, minecraft:snowy_beach, CREATURE, ars_nouveau:gift_starby, 5, 1, 1
1875, beach, minecraft:snowy_beach, CREATURE, ars_nouveau:starbuncle, 5, 1, 2
1876, beach, minecraft:snowy_beach, CREATURE, ars_nouveau:whirlisprig, 5, 1, 2
1877, beach, minecraft:snowy_beach, AMBIENT, minecraft:bat, 10, 8, 8
1878, beach, minecraft:snowy_beach, UNDERGROUND_WATER_CREATURE, minecraft:glow_squid, 10, 4, 6
1879, icy, minecraft:snowy_plains, MONSTER, minecraft:spider, 30, 4, 4
1880, icy, minecraft:snowy_plains, MONSTER, minecraft:zombie, 30, 4, 4
1881, icy, minecraft:snowy_plains, MONSTER, minecraft:zombie_villager, 5, 1, 1
1882, icy, minecraft:snowy_plains, MONSTER, minecraft:skeleton, 20, 4, 4
1883, icy, minecraft:snowy_plains, MONSTER, minecraft:creeper, 30, 4, 4
1884, icy, minecraft:snowy_plains, MONSTER, minecraft:slime, 30, 4, 4
1885, icy, minecraft:snowy_plains, MONSTER, minecraft:enderman, 5, 1, 4
1886, icy, minecraft:snowy_plains, MONSTER, minecraft:witch, 5, 1, 1
1887, icy, minecraft:snowy_plains, MONSTER, minecraft:stray, 30, 4, 4
1888, icy, minecraft:snowy_plains, MONSTER, irons_spellbooks:necromancer, 18, 1, 1
1889, icy, minecraft:snowy_plains, CREATURE, minecraft:rabbit, 10, 2, 3
1890, icy, minecraft:snowy_plains, CREATURE, minecraft:polar_bear, 5, 1, 2
1891, icy, minecraft:snowy_plains, CREATURE, ars_nouveau:drygmy, 5, 1, 2
1892, icy, minecraft:snowy_plains, CREATURE, ars_nouveau:gift_starby, 5, 1, 1
1893, icy, minecraft:snowy_plains, CREATURE, ars_nouveau:starbuncle, 5, 1, 2
1894, icy, minecraft:snowy_plains, CREATURE, ars_nouveau:whirlisprig, 5, 1, 2
1895, icy, minecraft:snowy_plains, AMBIENT, minecraft:bat, 10, 8, 8
1896, icy, minecraft:snowy_plains, UNDERGROUND_WATER_CREATURE, minecraft:glow_squid, 10, 4, 6
1897, icy, minecraft:snowy_slopes, MONSTER, minecraft:spider, 30, 4, 4
1898, icy, minecraft:snowy_slopes, MONSTER, minecraft:zombie, 30, 4, 4
1899, icy, minecraft:snowy_slopes, MONSTER, minecraft:zombie_villager, 5, 1, 1
1900, icy, minecraft:snowy_slopes, MONSTER, minecraft:skeleton, 30, 4, 4
1901, icy, minecraft:snowy_slopes, MONSTER, minecraft:creeper, 30, 4, 4
1902, icy, minecraft:snowy_slopes, MONSTER, minecraft:slime, 30, 4, 4
1903, icy, minecraft:snowy_slopes, MONSTER, minecraft:enderman, 5, 1, 4
1904, icy, minecraft:snowy_slopes, MONSTER, minecraft:witch, 5, 1, 1
1905, icy, minecraft:snowy_slopes, MONSTER, irons_spellbooks:necromancer, 18, 1, 1
1906, icy, minecraft:snowy_slopes, CREATURE, minecraft:rabbit, 5, 2, 3
1907, icy, minecraft:snowy_slopes, CREATURE, minecraft:goat, 5, 1, 3
1908, icy, minecraft:snowy_slopes, CREATURE, ars_nouveau:drygmy, 5, 1, 2
1909, icy, minecraft:snowy_slopes, CREATURE, ars_nouveau:gift_starby, 5, 1, 1
1910, icy, minecraft:snowy_slopes, CREATURE, ars_nouveau:starbuncle, 5, 1, 2
1911, icy, minecraft:snowy_slopes, CREATURE, ars_nouveau:whirlisprig, 5, 1, 2
1912, icy, minecraft:snowy_slopes, AMBIENT, minecraft:bat, 10, 8, 8
1913, icy, minecraft:snowy_slopes, UNDERGROUND_WATER_CREATURE, minecraft:glow_squid, 10, 4, 6
1914, icy, minecraft:snowy_taiga, MONSTER, minecraft:spider, 30, 4, 4
1915, icy, minecraft:snowy_taiga, MONSTER, minecraft:zombie, 30, 4, 4
1916, icy, minecraft:snowy_taiga, MONSTER, minecraft:zombie_villager, 5, 1, 1
1917, icy, minecraft:snowy_taiga, MONSTER, minecraft:skeleton, 30, 4, 4
1918, icy, minecraft:snowy_taiga, MONSTER, minecraft:creeper, 30, 4, 4
1919, icy, minecraft:snowy_taiga, MONSTER, minecraft:slime, 30, 4, 4
1920, icy, minecraft:snowy_taiga, MONSTER, minecraft:enderman, 5, 1, 4
1921, icy, minecraft:snowy_taiga, MONSTER, minecraft:witch, 5, 1, 1
1922, icy, minecraft:snowy_taiga, MONSTER, irons_spellbooks:necromancer, 18, 1, 1
1923, icy, minecraft:snowy_taiga, CREATURE, minecraft:sheep, 12, 4, 4
1924, icy, minecraft:snowy_taiga, CREATURE, minecraft:pig, 10, 4, 4
1925, icy, minecraft:snowy_taiga, CREATURE, minecraft:chicken, 10, 4, 4
1926, icy, minecraft:snowy_taiga, CREATURE, minecraft:cow, 8, 4, 4
1927, icy, minecraft:snowy_taiga, CREATURE, minecraft:wolf, 8, 4, 4
1928, icy, minecraft:snowy_taiga, CREATURE, minecraft:rabbit, 5, 2, 3
1929, icy, minecraft:snowy_taiga, CREATURE, minecraft:fox, 8, 2, 4
1930, icy, minecraft:snowy_taiga, CREATURE, ars_nouveau:drygmy, 5, 1, 2
1931, icy, minecraft:snowy_taiga, CREATURE, ars_nouveau:gift_starby, 5, 1, 1
1932, icy, minecraft:snowy_taiga, CREATURE, ars_nouveau:starbuncle, 5, 1, 2
1933, icy, minecraft:snowy_taiga, CREATURE, ars_nouveau:whirlisprig, 5, 1, 2
1934, icy, minecraft:snowy_taiga, AMBIENT, minecraft:bat, 10, 8, 8
1935, icy, minecraft:snowy_taiga, UNDERGROUND_WATER_CREATURE, minecraft:glow_squid, 10, 4, 6
1936, nether, minecraft:soul_sand_valley, MONSTER, minecraft:skeleton, 20, 5, 5
1937, nether, minecraft:soul_sand_valley, MONSTER, minecraft:ghast, 30, 4, 4
1938, nether, minecraft:soul_sand_valley, MONSTER, minecraft:enderman, 5, 4, 4
1939, nether, minecraft:soul_sand_valley, MONSTER, minecraft:zombified_piglin, 5, 1, 4
1940, nether, minecraft:soul_sand_valley, CREATURE, minecraft:strider, 30, 1, 2
1941, nether, minecraft:soul_sand_valley, WATER_AMBIENT, netherdepthsupgrade:bonefish, 8, 1, 5
1942, nether, minecraft:soul_sand_valley, WATER_AMBIENT, netherdepthsupgrade:fortressgrouper, 5, 1, 2
1943, nether, minecraft:soul_sand_valley, WATER_AMBIENT, netherdepthsupgrade:glowdine, 8, 4, 6
1944, nether, minecraft:soul_sand_valley, WATER_AMBIENT, netherdepthsupgrade:searing_cod, 10, 3, 6
1945, nether, minecraft:soul_sand_valley, WATER_AMBIENT, netherdepthsupgrade:soulsucker, 10, 1, 2
1946, nether, minecraft:soul_sand_valley, WATER_AMBIENT, netherdepthsupgrade:wither_bonefish, 5, 1, 3
1947, nether, gardens_of_the_dead:soulblight_forest, MONSTER, minecraft:skeleton, 5, 5, 5
1948, nether, gardens_of_the_dead:soulblight_forest, MONSTER, minecraft:enderman, 5, 4, 4
1949, nether, gardens_of_the_dead:soulblight_forest, MONSTER, minecraft:zombified_piglin, 5, 2, 4
1950, nether, gardens_of_the_dead:soulblight_forest, MONSTER, minecraft:hoglin, 21, 3, 4
1951, nether, gardens_of_the_dead:soulblight_forest, MONSTER, minecraft:piglin, 10, 3, 4
1952, nether, gardens_of_the_dead:soulblight_forest, MONSTER, minecraft:ghast, 5, 4, 4
1953, nether, gardens_of_the_dead:soulblight_forest, CREATURE, minecraft:strider, 30, 1, 2
1954, nether, gardens_of_the_dead:soulblight_forest, WATER_AMBIENT, netherdepthsupgrade:bonefish, 8, 1, 5
1955, nether, gardens_of_the_dead:soulblight_forest, WATER_AMBIENT, netherdepthsupgrade:fortressgrouper, 5, 1, 2
1956, nether, gardens_of_the_dead:soulblight_forest, WATER_AMBIENT, netherdepthsupgrade:searing_cod, 10, 3, 6
1957, nether, gardens_of_the_dead:soulblight_forest, WATER_AMBIENT, netherdepthsupgrade:soulsucker, 10, 1, 2
1958, jungle, minecraft:sparse_jungle, MONSTER, minecraft:spider, 30, 4, 4
1959, jungle, minecraft:sparse_jungle, MONSTER, minecraft:zombie, 30, 4, 4
1960, jungle, minecraft:sparse_jungle, MONSTER, minecraft:zombie_villager, 5, 1, 1
1961, jungle, minecraft:sparse_jungle, MONSTER, minecraft:skeleton, 30, 4, 4
1962, jungle, minecraft:sparse_jungle, MONSTER, minecraft:creeper, 30, 4, 4
1963, jungle, minecraft:sparse_jungle, MONSTER, minecraft:slime, 30, 4, 4
1964, jungle, minecraft:sparse_jungle, MONSTER, minecraft:enderman, 5, 1, 4
1965, jungle, minecraft:sparse_jungle, MONSTER, minecraft:witch, 5, 1, 1
1966, jungle, minecraft:sparse_jungle, MONSTER, irons_spellbooks:necromancer, 18, 1, 1
1967, jungle, minecraft:sparse_jungle, CREATURE, minecraft:sheep, 12, 4, 4
1968, jungle, minecraft:sparse_jungle, CREATURE, minecraft:pig, 10, 4, 4
1969, jungle, minecraft:sparse_jungle, CREATURE, minecraft:chicken, 10, 4, 4
1970, jungle, minecraft:sparse_jungle, CREATURE, minecraft:cow, 8, 4, 4
1971, jungle, minecraft:sparse_jungle, CREATURE, minecraft:chicken, 10, 4, 4
1972, jungle, minecraft:sparse_jungle, CREATURE, minecraft:wolf, 8, 2, 4
1973, jungle, minecraft:sparse_jungle, CREATURE, ars_nouveau:drygmy, 5, 1, 2
1974, jungle, minecraft:sparse_jungle, CREATURE, ars_nouveau:gift_starby, 5, 1, 1
1975, jungle, minecraft:sparse_jungle, CREATURE, ars_nouveau:starbuncle, 5, 1, 2
1976, jungle, minecraft:sparse_jungle, CREATURE, ars_nouveau:whirlisprig, 5, 1, 2
1977, jungle, minecraft:sparse_jungle, AMBIENT, minecraft:bat, 10, 8, 8
1978, jungle, minecraft:sparse_jungle, UNDERGROUND_WATER_CREATURE, minecraft:glow_squid, 10, 4, 6
1979, extreme_hills, minecraft:stony_peaks, MONSTER, minecraft:spider, 30, 4, 4
1980, extreme_hills, minecraft:stony_peaks, MONSTER, minecraft:zombie, 30, 4, 4
1981, extreme_hills, minecraft:stony_peaks, MONSTER, minecraft:zombie_villager, 5, 1, 1
1982, extreme_hills, minecraft:stony_peaks, MONSTER, minecraft:skeleton, 30, 4, 4
1983, extreme_hills, minecraft:stony_peaks, MONSTER, minecraft:creeper, 30, 4, 4
1984, extreme_hills, minecraft:stony_peaks, MONSTER, minecraft:slime, 30, 4, 4
1985, extreme_hills, minecraft:stony_peaks, MONSTER, minecraft:enderman, 5, 1, 4
1986, extreme_hills, minecraft:stony_peaks, MONSTER, minecraft:witch, 5, 1, 1
1987, extreme_hills, minecraft:stony_peaks, MONSTER, irons_spellbooks:necromancer, 18, 1, 1
1988, extreme_hills, minecraft:stony_peaks, CREATURE, ars_nouveau:drygmy, 5, 1, 2
1989, extreme_hills, minecraft:stony_peaks, CREATURE, ars_nouveau:gift_starby, 5, 1, 1
1990, extreme_hills, minecraft:stony_peaks, CREATURE, ars_nouveau:starbuncle, 5, 1, 2
1991, extreme_hills, minecraft:stony_peaks, CREATURE, ars_nouveau:whirlisprig, 5, 1, 2
1992, extreme_hills, minecraft:stony_peaks, AMBIENT, minecraft:bat, 10, 8, 8
1993, extreme_hills, minecraft:stony_peaks, UNDERGROUND_WATER_CREATURE, minecraft:glow_squid, 10, 4, 6
1994, private, minecraft:stony_shore, MONSTER, minecraft:spider, 30, 4, 4
1995, private, minecraft:stony_shore, MONSTER, minecraft:zombie, 30, 4, 4
1996, private, minecraft:stony_shore, MONSTER, minecraft:zombie_villager, 5, 1, 1
1997, private, minecraft:stony_shore, MONSTER, minecraft:skeleton, 30, 4, 4
1998, private, minecraft:stony_shore, MONSTER, minecraft:creeper, 30, 4, 4
1999, private, minecraft:stony_shore, MONSTER, minecraft:slime, 30, 4, 4
2000, private, minecraft:stony_shore, MONSTER, minecraft:enderman, 5, 1, 4
2001, private, minecraft:stony_shore, MONSTER, minecraft:witch, 5, 1, 1
2002, private, minecraft:stony_shore, MONSTER, irons_spellbooks:necromancer, 18, 1, 1
2003, private, minecraft:stony_shore, CREATURE, ars_nouveau:drygmy, 5, 1, 2
2004, private, minecraft:stony_shore, CREATURE, ars_nouveau:gift_starby, 5, 1, 1
2005, private, minecraft:stony_shore, CREATURE, ars_nouveau:starbuncle, 5, 1, 2
2006, private, minecraft:stony_shore, CREATURE, ars_nouveau:whirlisprig, 5, 1, 2
2007, private, minecraft:stony_shore, AMBIENT, minecraft:bat, 10, 8, 8
2008, private, minecraft:stony_shore, UNDERGROUND_WATER_CREATURE, minecraft:glow_squid, 10, 4, 6
2009, private, minecraft:sunflower_plains, MONSTER, minecraft:spider, 30, 4, 4
2010, private, minecraft:sunflower_plains, MONSTER, minecraft:zombie, 30, 4, 4
2011, private, minecraft:sunflower_plains, MONSTER, minecraft:zombie_villager, 5, 1, 1
2012, private, minecraft:sunflower_plains, MONSTER, minecraft:skeleton, 30, 4, 4
2013, private, minecraft:sunflower_plains, MONSTER, minecraft:creeper, 30, 4, 4
2014, private, minecraft:sunflower_plains, MONSTER, minecraft:slime, 30, 4, 4
2015, private, minecraft:sunflower_plains, MONSTER, minecraft:enderman, 5, 1, 4
2016, private, minecraft:sunflower_plains, MONSTER, minecraft:witch, 5, 1, 1
2017, private, minecraft:sunflower_plains, MONSTER, irons_spellbooks:necromancer, 18, 1, 1
2018, private, minecraft:sunflower_plains, CREATURE, minecraft:sheep, 12, 4, 4
2019, private, minecraft:sunflower_plains, CREATURE, minecraft:pig, 10, 4, 4
2020, private, minecraft:sunflower_plains, CREATURE, minecraft:chicken, 10, 4, 4
2021, private, minecraft:sunflower_plains, CREATURE, minecraft:cow, 8, 4, 4
2022, private, minecraft:sunflower_plains, CREATURE, minecraft:horse, 5, 2, 6
2023, private, minecraft:sunflower_plains, CREATURE, minecraft:donkey, 5, 1, 3
2024, private, minecraft:sunflower_plains, CREATURE, ars_nouveau:drygmy, 5, 1, 2
2025, private, minecraft:sunflower_plains, CREATURE, ars_nouveau:gift_starby, 5, 1, 1
2026, private, minecraft:sunflower_plains, CREATURE, ars_nouveau:starbuncle, 5, 1, 2
2027, private, minecraft:sunflower_plains, CREATURE, ars_nouveau:whirlisprig, 5, 1, 2
2028, private, minecraft:sunflower_plains, AMBIENT, minecraft:bat, 10, 8, 8
2029, private, minecraft:sunflower_plains, UNDERGROUND_WATER_CREATURE, minecraft:glow_squid, 10, 4, 6
2030, swamp, minecraft:swamp, MONSTER, minecraft:spider, 30, 4, 4
2031, swamp, minecraft:swamp, MONSTER, minecraft:zombie, 30, 4, 4
2032, swamp, minecraft:swamp, MONSTER, minecraft:zombie_villager, 5, 1, 1
2033, swamp, minecraft:swamp, MONSTER, minecraft:skeleton, 30, 4, 4
2034, swamp, minecraft:swamp, MONSTER, minecraft:creeper, 30, 4, 4
2035, swamp, minecraft:swamp, MONSTER, minecraft:slime, 30, 4, 4
2036, swamp, minecraft:swamp, MONSTER, minecraft:enderman, 5, 1, 4
2037, swamp, minecraft:swamp, MONSTER, minecraft:witch, 5, 1, 1
2038, swamp, minecraft:swamp, MONSTER, minecraft:slime, 5, 1, 1
2039, swamp, minecraft:swamp, MONSTER, minecraft:bogged, 30, 4, 4
2040, swamp, minecraft:swamp, MONSTER, irons_spellbooks:necromancer, 18, 1, 1
2041, swamp, minecraft:swamp, CREATURE, minecraft:sheep, 12, 4, 4
2042, swamp, minecraft:swamp, CREATURE, minecraft:pig, 10, 4, 4
2043, swamp, minecraft:swamp, CREATURE, minecraft:chicken, 10, 4, 4
2044, swamp, minecraft:swamp, CREATURE, minecraft:cow, 8, 4, 4
2045, swamp, minecraft:swamp, CREATURE, minecraft:frog, 10, 2, 5
2046, swamp, minecraft:swamp, CREATURE, ars_nouveau:drygmy, 5, 1, 2
2047, swamp, minecraft:swamp, CREATURE, ars_nouveau:gift_starby, 5, 1, 1
2048, swamp, minecraft:swamp, CREATURE, ars_nouveau:starbuncle, 5, 1, 2
2049, swamp, minecraft:swamp, CREATURE, ars_nouveau:whirlisprig, 5, 1, 2
2050, swamp, minecraft:swamp, AMBIENT, minecraft:bat, 10, 8, 8
2051, swamp, minecraft:swamp, UNDERGROUND_WATER_CREATURE, minecraft:glow_squid, 10, 4, 6
2052, taiga, minecraft:taiga, MONSTER, minecraft:spider, 30, 4, 4
2053, taiga, minecraft:taiga, MONSTER, minecraft:zombie, 30, 4, 4
2054, taiga, minecraft:taiga, MONSTER, minecraft:zombie_villager, 5, 1, 1
2055, taiga, minecraft:taiga, MONSTER, minecraft:skeleton, 30, 4, 4
2056, taiga, minecraft:taiga, MONSTER, minecraft:creeper, 30, 4, 4
2057, taiga, minecraft:taiga, MONSTER, minecraft:slime, 30, 4, 4
2058, taiga, minecraft:taiga, MONSTER, minecraft:enderman, 5, 1, 4
2059, taiga, minecraft:taiga, MONSTER, minecraft:witch, 5, 1, 1
2060, taiga, minecraft:taiga, MONSTER, irons_spellbooks:necromancer, 18, 1, 1
2061, taiga, minecraft:taiga, CREATURE, minecraft:sheep, 12, 4, 4
2062, taiga, minecraft:taiga, CREATURE, minecraft:pig, 10, 4, 4
2063, taiga, minecraft:taiga, CREATURE, minecraft:chicken, 10, 4, 4
2064, taiga, minecraft:taiga, CREATURE, minecraft:cow, 8, 4, 4
2065, taiga, minecraft:taiga, CREATURE, minecraft:wolf, 8, 4, 4
2066, taiga, minecraft:taiga, CREATURE, minecraft:rabbit, 5, 2, 3
2067, taiga, minecraft:taiga, CREATURE, minecraft:fox, 8, 2, 4
2068, taiga, minecraft:taiga, CREATURE, ars_nouveau:drygmy, 5, 1, 2
2069, taiga, minecraft:taiga, CREATURE, ars_nouveau:gift_starby, 5, 1, 1
2070, taiga, minecraft:taiga, CREATURE, ars_nouveau:starbuncle, 5, 1, 2
2071, taiga, minecraft:taiga, CREATURE, ars_nouveau:whirlisprig, 5, 1, 2
2072, taiga, minecraft:taiga, AMBIENT, minecraft:bat, 10, 8, 8
2073, taiga, minecraft:taiga, UNDERGROUND_WATER_CREATURE, minecraft:glow_squid, 10, 4, 6
2074, plains, biomeswevegone:temperate_grove, MONSTER, minecraft:spider, 30, 4, 4
2075, plains, biomeswevegone:temperate_grove, MONSTER, minecraft:zombie, 30, 4, 4
2076, plains, biomeswevegone:temperate_grove, MONSTER, minecraft:zombie_villager, 5, 1, 1
2077, plains, biomeswevegone:temperate_grove, MONSTER, minecraft:skeleton, 30, 4, 4
2078, plains, biomeswevegone:temperate_grove, MONSTER, minecraft:creeper, 30, 4, 4
2079, plains, biomeswevegone:temperate_grove, MONSTER, minecraft:slime, 30, 4, 4
2080, plains, biomeswevegone:temperate_grove, MONSTER, minecraft:enderman, 5, 1, 4
2081, plains, biomeswevegone:temperate_grove, MONSTER, minecraft:witch, 5, 1, 1
2082, plains, biomeswevegone:temperate_grove, MONSTER, irons_spellbooks:necromancer, 18, 1, 1
2083, plains, biomeswevegone:temperate_grove, CREATURE, minecraft:sheep, 12, 4, 4
2084, plains, biomeswevegone:temperate_grove, CREATURE, minecraft:pig, 10, 4, 4
2085, plains, biomeswevegone:temperate_grove, CREATURE, minecraft:chicken, 10, 4, 4
2086, plains, biomeswevegone:temperate_grove, CREATURE, minecraft:cow, 8, 4, 4
2087, plains, biomeswevegone:temperate_grove, CREATURE, ars_nouveau:drygmy, 5, 1, 2
2088, plains, biomeswevegone:temperate_grove, CREATURE, ars_nouveau:gift_starby, 5, 1, 1
2089, plains, biomeswevegone:temperate_grove, CREATURE, ars_nouveau:starbuncle, 5, 1, 2
2090, plains, biomeswevegone:temperate_grove, CREATURE, ars_nouveau:whirlisprig, 5, 1, 2
2091, plains, biomeswevegone:temperate_grove, AMBIENT, minecraft:bat, 10, 8, 8
2092, private, minecraft:the_end, MONSTER, minecraft:enderman, 5, 4, 4
2093, jungle, biomeswevegone:tropical_rainforest, MONSTER, minecraft:spider, 30, 4, 4
2094, jungle, biomeswevegone:tropical_rainforest, MONSTER, minecraft:zombie, 30, 4, 4
2095, jungle, biomeswevegone:tropical_rainforest, MONSTER, minecraft:zombie_villager, 5, 1, 1
2096, jungle, biomeswevegone:tropical_rainforest, MONSTER, minecraft:skeleton, 30, 4, 4
2097, jungle, biomeswevegone:tropical_rainforest, MONSTER, minecraft:creeper, 30, 4, 4
2098, jungle, biomeswevegone:tropical_rainforest, MONSTER, minecraft:slime, 30, 4, 4
2099, jungle, biomeswevegone:tropical_rainforest, MONSTER, minecraft:enderman, 5, 1, 4
2100, jungle, biomeswevegone:tropical_rainforest, MONSTER, minecraft:witch, 5, 1, 1
2101, jungle, biomeswevegone:tropical_rainforest, MONSTER, irons_spellbooks:necromancer, 18, 1, 1
2102, jungle, biomeswevegone:tropical_rainforest, CREATURE, minecraft:sheep, 12, 4, 4
2103, jungle, biomeswevegone:tropical_rainforest, CREATURE, minecraft:pig, 10, 4, 4
2104, jungle, biomeswevegone:tropical_rainforest, CREATURE, minecraft:chicken, 10, 4, 4
2105, jungle, biomeswevegone:tropical_rainforest, CREATURE, minecraft:cow, 8, 4, 4
2106, jungle, biomeswevegone:tropical_rainforest, CREATURE, minecraft:chicken, 10, 4, 4
2107, jungle, biomeswevegone:tropical_rainforest, CREATURE, minecraft:parrot, 10, 1, 2
2108, jungle, biomeswevegone:tropical_rainforest, CREATURE, minecraft:ocelot, 5, 1, 1
2109, jungle, biomeswevegone:tropical_rainforest, CREATURE, ars_nouveau:drygmy, 5, 1, 2
2110, jungle, biomeswevegone:tropical_rainforest, CREATURE, ars_nouveau:gift_starby, 5, 1, 1
2111, jungle, biomeswevegone:tropical_rainforest, CREATURE, ars_nouveau:starbuncle, 5, 1, 2
2112, jungle, biomeswevegone:tropical_rainforest, CREATURE, ars_nouveau:whirlisprig, 5, 1, 2
2113, jungle, biomeswevegone:tropical_rainforest, AMBIENT, minecraft:bat, 10, 8, 8
2114, jungle, biomeswevegone:tropical_rainforest, AMBIENT, minecraft:bat, 10, 8, 8
2115, jungle, biomeswevegone:tropical_rainforest, UNDERGROUND_WATER_CREATURE, minecraft:glow_squid, 10, 4, 6
2116, private, enderscape:veiled_woodlands, MONSTER, enderscape:rubblemite, 5, 2, 3
2117, private, enderscape:veiled_woodlands, MONSTER, minecraft:enderman, 10, 4, 4
2118, private, enderscape:veiled_woodlands, CREATURE, enderscape:rustle, 20, 2, 3
2119, forest, ars_elemental:vexing_caves, MONSTER, minecraft:spider, 30, 2, 4
2120, forest, ars_elemental:vexing_caves, MONSTER, minecraft:zombie, 30, 2, 4
2121, forest, ars_elemental:vexing_caves, MONSTER, minecraft:zombie_villager, 5, 1, 1
2122, forest, ars_elemental:vexing_caves, MONSTER, minecraft:skeleton, 30, 2, 4
2123, forest, ars_elemental:vexing_caves, MONSTER, minecraft:creeper, 30, 2, 4
2124, forest, ars_elemental:vexing_caves, MONSTER, minecraft:slime, 30, 4, 4
2125, forest, ars_elemental:vexing_caves, MONSTER, minecraft:enderman, 30, 1, 4
2126, forest, ars_elemental:vexing_caves, MONSTER, minecraft:witch, 15, 1, 1
2127, forest, ars_elemental:vexing_caves, MONSTER, ars_nouveau:wilden_hunter, 30, 3, 5
2128, forest, ars_elemental:vexing_caves, MONSTER, ars_nouveau:wilden_stalker, 30, 1, 3
2129, forest, ars_elemental:vexing_caves, MONSTER, ars_nouveau:wilden_guardian, 30, 2, 5
2130, forest, ars_elemental:vexing_caves, MONSTER, ars_elemental:air_mage, 5, 1, 3
2131, forest, ars_elemental:vexing_caves, MONSTER, ars_elemental:fire_mage, 5, 1, 3
2132, forest, ars_elemental:vexing_caves, MONSTER, ars_elemental:water_mage, 5, 1, 3
2133, forest, ars_elemental:vexing_caves, MONSTER, ars_elemental:earth_mage, 5, 1, 3
2134, forest, ars_elemental:vexing_caves, MONSTER, irons_spellbooks:necromancer, 18, 1, 1
2135, forest, ars_elemental:vexing_caves, CREATURE, ars_nouveau:starbuncle, 5, 3, 5
2136, forest, ars_elemental:vexing_caves, CREATURE, ars_nouveau:drygmy, 5, 1, 3
2137, forest, ars_elemental:vexing_caves, CREATURE, ars_nouveau:whirlisprig, 5, 1, 3
2138, forest, ars_elemental:vexing_caves, CREATURE, ars_nouveau:vexing_weald_walker, 10, 1, 3
2139, forest, ars_elemental:vexing_caves, CREATURE, ars_nouveau:drygmy, 5, 1, 2
2140, forest, ars_elemental:vexing_caves, CREATURE, ars_elemental:flashjack_entity, 7, 1, 2
2141, forest, ars_elemental:vexing_caves, CREATURE, ars_nouveau:gift_starby, 5, 1, 1
2142, forest, ars_elemental:vexing_caves, CREATURE, ars_nouveau:starbuncle, 5, 1, 2
2143, forest, ars_elemental:vexing_caves, CREATURE, ars_nouveau:whirlisprig, 5, 1, 2
2144, forest, ars_elemental:vexing_caves, WATER_CREATURE, ars_elemental:siren_entity, 5, 1, 3
2145, ocean, minecraft:warm_ocean, MONSTER, minecraft:drowned, 5, 1, 1
2146, ocean, minecraft:warm_ocean, MONSTER, minecraft:spider, 30, 4, 4
2147, ocean, minecraft:warm_ocean, MONSTER, minecraft:zombie, 30, 4, 4
2148, ocean, minecraft:warm_ocean, MONSTER, minecraft:zombie_villager, 5, 1, 1
2149, ocean, minecraft:warm_ocean, MONSTER, minecraft:skeleton, 30, 4, 4
2150, ocean, minecraft:warm_ocean, MONSTER, minecraft:creeper, 30, 4, 4
2151, ocean, minecraft:warm_ocean, MONSTER, minecraft:slime, 30, 4, 4
2152, ocean, minecraft:warm_ocean, MONSTER, minecraft:enderman, 5, 1, 4
2153, ocean, minecraft:warm_ocean, MONSTER, minecraft:witch, 5, 1, 1
2154, ocean, minecraft:warm_ocean, MONSTER, variantsandventures:murk, 5, 1, 1
2155, ocean, minecraft:warm_ocean, MONSTER, irons_spellbooks:necromancer, 18, 1, 1
2156, ocean, minecraft:warm_ocean, CREATURE, ars_nouveau:drygmy, 5, 1, 2
2157, ocean, minecraft:warm_ocean, CREATURE, ars_nouveau:gift_starby, 5, 1, 1
2158, ocean, minecraft:warm_ocean, CREATURE, ars_nouveau:starbuncle, 5, 1, 2
2159, ocean, minecraft:warm_ocean, CREATURE, ars_nouveau:whirlisprig, 5, 1, 2
2160, ocean, minecraft:warm_ocean, AMBIENT, minecraft:bat, 10, 8, 8
2161, ocean, minecraft:warm_ocean, UNDERGROUND_WATER_CREATURE, minecraft:glow_squid, 10, 4, 6
2162, ocean, minecraft:warm_ocean, WATER_CREATURE, minecraft:squid, 10, 4, 4
2163, ocean, minecraft:warm_ocean, WATER_CREATURE, minecraft:dolphin, 5, 1, 2
2164, ocean, minecraft:warm_ocean, WATER_CREATURE, ars_elemental:siren_entity, 5, 1, 3
2165, ocean, minecraft:warm_ocean, WATER_AMBIENT, minecraft:pufferfish, 15, 1, 3
2166, ocean, minecraft:warm_ocean, WATER_AMBIENT, minecraft:tropical_fish, 25, 8, 8
2167, nether, minecraft:warped_forest, MONSTER, minecraft:enderman, 5, 4, 4
2168, nether, minecraft:warped_forest, MONSTER, minecraft:zombified_piglin, 5, 1, 4
2169, nether, minecraft:warped_forest, MONSTER, minecraft:ghast, 5, 4, 4
2170, nether, minecraft:warped_forest, CREATURE, minecraft:strider, 30, 1, 2
2171, nether, minecraft:warped_forest, WATER_AMBIENT, netherdepthsupgrade:bonefish, 8, 1, 5
2172, nether, minecraft:warped_forest, WATER_AMBIENT, netherdepthsupgrade:fortressgrouper, 5, 1, 2
2173, nether, minecraft:warped_forest, WATER_AMBIENT, netherdepthsupgrade:lava_pufferfish, 15, 1, 5
2174, nether, minecraft:warped_forest, WATER_AMBIENT, netherdepthsupgrade:searing_cod, 10, 3, 6
2175, forest, biomeswevegone:weeping_witch_forest, MONSTER, minecraft:spider, 30, 4, 4
2176, forest, biomeswevegone:weeping_witch_forest, MONSTER, minecraft:zombie, 30, 4, 4
2177, forest, biomeswevegone:weeping_witch_forest, MONSTER, minecraft:zombie_villager, 5, 1, 1
2178, forest, biomeswevegone:weeping_witch_forest, MONSTER, minecraft:skeleton, 30, 4, 4
2179, forest, biomeswevegone:weeping_witch_forest, MONSTER, minecraft:creeper, 30, 4, 4
2180, forest, biomeswevegone:weeping_witch_forest, MONSTER, minecraft:slime, 30, 4, 4
2181, forest, biomeswevegone:weeping_witch_forest, MONSTER, minecraft:enderman, 5, 1, 4
2182, forest, biomeswevegone:weeping_witch_forest, MONSTER, minecraft:witch, 5, 1, 1
2183, forest, biomeswevegone:weeping_witch_forest, MONSTER, minecraft:witch, 6, 1, 1
2184, forest, biomeswevegone:weeping_witch_forest, MONSTER, minecraft:cave_spider, 30, 2, 4
2185, forest, biomeswevegone:weeping_witch_forest, MONSTER, irons_spellbooks:necromancer, 18, 1, 1
2186, forest, biomeswevegone:weeping_witch_forest, CREATURE, minecraft:sheep, 12, 4, 4
2187, forest, biomeswevegone:weeping_witch_forest, CREATURE, minecraft:pig, 10, 4, 4
2188, forest, biomeswevegone:weeping_witch_forest, CREATURE, minecraft:chicken, 10, 4, 4
2189, forest, biomeswevegone:weeping_witch_forest, CREATURE, minecraft:cow, 8, 4, 4
2190, forest, biomeswevegone:weeping_witch_forest, CREATURE, minecraft:wolf, 8, 4, 4
2191, forest, biomeswevegone:weeping_witch_forest, CREATURE, minecraft:rabbit, 5, 2, 3
2192, forest, biomeswevegone:weeping_witch_forest, CREATURE, minecraft:fox, 8, 2, 4
2193, forest, biomeswevegone:weeping_witch_forest, CREATURE, minecraft:allay, 5, 1, 2
2194, forest, biomeswevegone:weeping_witch_forest, CREATURE, ars_nouveau:drygmy, 5, 1, 2
2195, forest, biomeswevegone:weeping_witch_forest, CREATURE, ars_nouveau:gift_starby, 5, 1, 1
2196, forest, biomeswevegone:weeping_witch_forest, CREATURE, ars_nouveau:starbuncle, 5, 1, 2
2197, forest, biomeswevegone:weeping_witch_forest, CREATURE, ars_nouveau:whirlisprig, 5, 1, 2
2198, forest, biomeswevegone:weeping_witch_forest, AMBIENT, minecraft:bat, 10, 8, 8
2199, forest, biomeswevegone:weeping_witch_forest, UNDERGROUND_WATER_CREATURE, minecraft:glow_squid, 10, 4, 6
2200, nether, gardens_of_the_dead:whistling_woods, MONSTER, minecraft:zombified_piglin, 5, 2, 4
2201, nether, gardens_of_the_dead:whistling_woods, MONSTER, minecraft:hoglin, 9, 3, 4
2202, nether, gardens_of_the_dead:whistling_woods, MONSTER, minecraft:piglin, 5, 3, 4
2203, nether, gardens_of_the_dead:whistling_woods, MONSTER, minecraft:ghast, 5, 4, 4
2204, nether, gardens_of_the_dead:whistling_woods, CREATURE, minecraft:strider, 30, 1, 2
2205, nether, gardens_of_the_dead:whistling_woods, WATER_AMBIENT, netherdepthsupgrade:bonefish, 8, 1, 5
2206, nether, gardens_of_the_dead:whistling_woods, WATER_AMBIENT, netherdepthsupgrade:fortressgrouper, 5, 1, 2
2207, nether, gardens_of_the_dead:whistling_woods, WATER_AMBIENT, netherdepthsupgrade:searing_cod, 10, 3, 6
2208, nether, gardens_of_the_dead:whistling_woods, WATER_AMBIENT, netherdepthsupgrade:wither_bonefish, 5, 1, 3
2209, swamp, biomeswevegone:white_mangrove_marshes, MONSTER, minecraft:spider, 30, 4, 4
2210, swamp, biomeswevegone:white_mangrove_marshes, MONSTER, minecraft:zombie, 30, 4, 4
2211, swamp, biomeswevegone:white_mangrove_marshes, MONSTER, minecraft:zombie_villager, 5, 1, 1
2212, swamp, biomeswevegone:white_mangrove_marshes, MONSTER, minecraft:skeleton, 30, 4, 4
2213, swamp, biomeswevegone:white_mangrove_marshes, MONSTER, minecraft:creeper, 30, 4, 4
2214, swamp, biomeswevegone:white_mangrove_marshes, MONSTER, minecraft:slime, 30, 4, 4
2215, swamp, biomeswevegone:white_mangrove_marshes, MONSTER, minecraft:enderman, 5, 1, 4
2216, swamp, biomeswevegone:white_mangrove_marshes, MONSTER, minecraft:witch, 5, 1, 1
2217, swamp, biomeswevegone:white_mangrove_marshes, MONSTER, minecraft:slime, 5, 1, 1
2218, swamp, biomeswevegone:white_mangrove_marshes, MONSTER, irons_spellbooks:necromancer, 18, 1, 1
2219, swamp, biomeswevegone:white_mangrove_marshes, CREATURE, minecraft:frog, 10, 2, 5
2220, swamp, biomeswevegone:white_mangrove_marshes, CREATURE, ars_nouveau:drygmy, 5, 1, 2
2221, swamp, biomeswevegone:white_mangrove_marshes, CREATURE, ars_nouveau:gift_starby, 5, 1, 1
2222, swamp, biomeswevegone:white_mangrove_marshes, CREATURE, ars_nouveau:starbuncle, 5, 1, 2
2223, swamp, biomeswevegone:white_mangrove_marshes, CREATURE, ars_nouveau:whirlisprig, 5, 1, 2
2224, swamp, biomeswevegone:white_mangrove_marshes, AMBIENT, minecraft:bat, 10, 8, 8
2225, swamp, biomeswevegone:white_mangrove_marshes, UNDERGROUND_WATER_CREATURE, minecraft:glow_squid, 10, 4, 6
2226, swamp, biomeswevegone:white_mangrove_marshes, WATER_AMBIENT, minecraft:tropical_fish, 25, 8, 8
2227, private, biomeswevegone:windswept_desert, MONSTER, minecraft:spider, 30, 4, 4
2228, private, biomeswevegone:windswept_desert, MONSTER, minecraft:zombie, 19, 4, 4
2229, private, biomeswevegone:windswept_desert, MONSTER, minecraft:zombie_villager, 5, 1, 1
2230, private, biomeswevegone:windswept_desert, MONSTER, minecraft:skeleton, 30, 4, 4
2231, private, biomeswevegone:windswept_desert, MONSTER, minecraft:creeper, 30, 4, 4
2232, private, biomeswevegone:windswept_desert, MONSTER, minecraft:slime, 30, 4, 4
2233, private, biomeswevegone:windswept_desert, MONSTER, minecraft:enderman, 5, 1, 4
2234, private, biomeswevegone:windswept_desert, MONSTER, minecraft:witch, 5, 1, 1
2235, private, biomeswevegone:windswept_desert, MONSTER, minecraft:husk, 30, 4, 4
2236, private, biomeswevegone:windswept_desert, MONSTER, irons_spellbooks:necromancer, 18, 1, 1
2237, private, biomeswevegone:windswept_desert, CREATURE, minecraft:rabbit, 5, 2, 3
2238, private, biomeswevegone:windswept_desert, CREATURE, ars_nouveau:drygmy, 5, 1, 2
2239, private, biomeswevegone:windswept_desert, CREATURE, ars_nouveau:gift_starby, 5, 1, 1
2240, private, biomeswevegone:windswept_desert, CREATURE, ars_nouveau:starbuncle, 5, 1, 2
2241, private, biomeswevegone:windswept_desert, CREATURE, ars_nouveau:whirlisprig, 5, 1, 2
2242, private, biomeswevegone:windswept_desert, AMBIENT, minecraft:bat, 10, 8, 8
2243, private, biomeswevegone:windswept_desert, UNDERGROUND_WATER_CREATURE, minecraft:glow_squid, 10, 4, 6
2244, private, minecraft:windswept_forest, MONSTER, minecraft:spider, 30, 4, 4
2245, private, minecraft:windswept_forest, MONSTER, minecraft:zombie, 30, 4, 4
2246, private, minecraft:windswept_forest, MONSTER, minecraft:zombie_villager, 5, 1, 1
2247, private, minecraft:windswept_forest, MONSTER, minecraft:skeleton, 30, 4, 4
2248, private, minecraft:windswept_forest, MONSTER, minecraft:creeper, 30, 4, 4
2249, private, minecraft:windswept_forest, MONSTER, minecraft:slime, 30, 4, 4
2250, private, minecraft:windswept_forest, MONSTER, minecraft:enderman, 5, 1, 4
2251, private, minecraft:windswept_forest, MONSTER, minecraft:witch, 5, 1, 1
2252, private, minecraft:windswept_forest, MONSTER, irons_spellbooks:necromancer, 18, 1, 1
2253, private, minecraft:windswept_forest, CREATURE, minecraft:sheep, 12, 4, 4
2254, private, minecraft:windswept_forest, CREATURE, minecraft:pig, 10, 4, 4
2255, private, minecraft:windswept_forest, CREATURE, minecraft:chicken, 10, 4, 4
2256, private, minecraft:windswept_forest, CREATURE, minecraft:cow, 8, 4, 4
2257, private, minecraft:windswept_forest, CREATURE, minecraft:llama, 5, 4, 6
2258, private, minecraft:windswept_forest, CREATURE, ars_nouveau:drygmy, 5, 1, 2
2259, private, minecraft:windswept_forest, CREATURE, ars_nouveau:gift_starby, 5, 1, 1
2260, private, minecraft:windswept_forest, CREATURE, ars_nouveau:starbuncle, 5, 1, 2
2261, private, minecraft:windswept_forest, CREATURE, ars_nouveau:whirlisprig, 5, 1, 2
2262, private, minecraft:windswept_forest, AMBIENT, minecraft:bat, 10, 8, 8
2263, private, minecraft:windswept_forest, UNDERGROUND_WATER_CREATURE, minecraft:glow_squid, 10, 4, 6
2264, private, minecraft:windswept_gravelly_hills, MONSTER, minecraft:spider, 30, 4, 4
2265, private, minecraft:windswept_gravelly_hills, MONSTER, minecraft:zombie, 30, 4, 4
2266, private, minecraft:windswept_gravelly_hills, MONSTER, minecraft:zombie_villager, 5, 1, 1
2267, private, minecraft:windswept_gravelly_hills, MONSTER, minecraft:skeleton, 30, 4, 4
2268, private, minecraft:windswept_gravelly_hills, MONSTER, minecraft:creeper, 30, 4, 4
2269, private, minecraft:windswept_gravelly_hills, MONSTER, minecraft:slime, 30, 4, 4
2270, private, minecraft:windswept_gravelly_hills, MONSTER, minecraft:enderman, 5, 1, 4
2271, private, minecraft:windswept_gravelly_hills, MONSTER, minecraft:witch, 5, 1, 1
2272, private, minecraft:windswept_gravelly_hills, MONSTER, irons_spellbooks:necromancer, 18, 1, 1
2273, private, minecraft:windswept_gravelly_hills, CREATURE, minecraft:sheep, 12, 4, 4
2274, private, minecraft:windswept_gravelly_hills, CREATURE, minecraft:pig, 10, 4, 4
2275, private, minecraft:windswept_gravelly_hills, CREATURE, minecraft:chicken, 10, 4, 4
2276, private, minecraft:windswept_gravelly_hills, CREATURE, minecraft:cow, 8, 4, 4
2277, private, minecraft:windswept_gravelly_hills, CREATURE, minecraft:llama, 5, 4, 6
2278, private, minecraft:windswept_gravelly_hills, CREATURE, ars_nouveau:drygmy, 5, 1, 2
2279, private, minecraft:windswept_gravelly_hills, CREATURE, ars_nouveau:gift_starby, 5, 1, 1
2280, private, minecraft:windswept_gravelly_hills, CREATURE, ars_nouveau:starbuncle, 5, 1, 2
2281, private, minecraft:windswept_gravelly_hills, CREATURE, ars_nouveau:whirlisprig, 5, 1, 2
2282, private, minecraft:windswept_gravelly_hills, AMBIENT, minecraft:bat, 10, 8, 8
2283, private, minecraft:windswept_gravelly_hills, UNDERGROUND_WATER_CREATURE, minecraft:glow_squid, 10, 4, 6
2284, private, minecraft:windswept_hills, MONSTER, minecraft:spider, 30, 4, 4
2285, private, minecraft:windswept_hills, MONSTER, minecraft:zombie, 30, 4, 4
2286, private, minecraft:windswept_hills, MONSTER, minecraft:zombie_villager, 5, 1, 1
2287, private, minecraft:windswept_hills, MONSTER, minecraft:skeleton, 30, 4, 4
2288, private, minecraft:windswept_hills, MONSTER, minecraft:creeper, 30, 4, 4
2289, private, minecraft:windswept_hills, MONSTER, minecraft:slime, 30, 4, 4
2290, private, minecraft:windswept_hills, MONSTER, minecraft:enderman, 5, 1, 4
2291, private, minecraft:windswept_hills, MONSTER, minecraft:witch, 5, 1, 1
2292, private, minecraft:windswept_hills, MONSTER, irons_spellbooks:necromancer, 18, 1, 1
2293, private, minecraft:windswept_hills, CREATURE, minecraft:sheep, 12, 4, 4
2294, private, minecraft:windswept_hills, CREATURE, minecraft:pig, 10, 4, 4
2295, private, minecraft:windswept_hills, CREATURE, minecraft:chicken, 10, 4, 4
2296, private, minecraft:windswept_hills, CREATURE, minecraft:cow, 8, 4, 4
2297, private, minecraft:windswept_hills, CREATURE, minecraft:llama, 5, 4, 6
2298, private, minecraft:windswept_hills, CREATURE, ars_nouveau:drygmy, 5, 1, 2
2299, private, minecraft:windswept_hills, CREATURE, ars_nouveau:gift_starby, 5, 1, 1
2300, private, minecraft:windswept_hills, CREATURE, ars_nouveau:starbuncle, 5, 1, 2
2301, private, minecraft:windswept_hills, CREATURE, ars_nouveau:whirlisprig, 5, 1, 2
2302, private, minecraft:windswept_hills, AMBIENT, minecraft:bat, 10, 8, 8
2303, private, minecraft:windswept_hills, UNDERGROUND_WATER_CREATURE, minecraft:glow_squid, 10, 4, 6
2304, private, minecraft:windswept_savanna, MONSTER, minecraft:spider, 30, 4, 4
2305, private, minecraft:windswept_savanna, MONSTER, minecraft:zombie, 30, 4, 4
2306, private, minecraft:windswept_savanna, MONSTER, minecraft:zombie_villager, 5, 1, 1
2307, private, minecraft:windswept_savanna, MONSTER, minecraft:skeleton, 30, 4, 4
2308, private, minecraft:windswept_savanna, MONSTER, minecraft:creeper, 30, 4, 4
2309, private, minecraft:windswept_savanna, MONSTER, minecraft:slime, 30, 4, 4
2310, private, minecraft:windswept_savanna, MONSTER, minecraft:enderman, 5, 1, 4
2311, private, minecraft:windswept_savanna, MONSTER, minecraft:witch, 5, 1, 1
2312, private, minecraft:windswept_savanna, MONSTER, cataclysm:koboleton, 15, 2, 3
2313, private, minecraft:windswept_savanna, MONSTER, irons_spellbooks:necromancer, 18, 1, 1
2314, private, minecraft:windswept_savanna, CREATURE, minecraft:sheep, 12, 4, 4
2315, private, minecraft:windswept_savanna, CREATURE, minecraft:pig, 10, 4, 4
2316, private, minecraft:windswept_savanna, CREATURE, minecraft:chicken, 10, 4, 4
2317, private, minecraft:windswept_savanna, CREATURE, minecraft:cow, 8, 4, 4
2318, private, minecraft:windswept_savanna, CREATURE, minecraft:horse, 5, 2, 6
2319, private, minecraft:windswept_savanna, CREATURE, minecraft:donkey, 5, 1, 1
2320, private, minecraft:windswept_savanna, CREATURE, minecraft:armadillo, 10, 2, 3
2321, private, minecraft:windswept_savanna, CREATURE, ars_nouveau:drygmy, 5, 1, 2
2322, private, minecraft:windswept_savanna, CREATURE, ars_nouveau:gift_starby, 5, 1, 1
2323, private, minecraft:windswept_savanna, CREATURE, ars_nouveau:starbuncle, 5, 1, 2
2324, private, minecraft:windswept_savanna, CREATURE, ars_nouveau:whirlisprig, 5, 1, 2
2325, private, minecraft:windswept_savanna, AMBIENT, minecraft:bat, 10, 8, 8
2326, private, minecraft:windswept_savanna, UNDERGROUND_WATER_CREATURE, minecraft:glow_squid, 10, 4, 6
2327, badlands, minecraft:wooded_badlands, MONSTER, minecraft:spider, 30, 4, 4
2328, badlands, minecraft:wooded_badlands, MONSTER, minecraft:zombie, 30, 4, 4
2329, badlands, minecraft:wooded_badlands, MONSTER, minecraft:zombie_villager, 5, 1, 1
2330, badlands, minecraft:wooded_badlands, MONSTER, minecraft:skeleton, 30, 4, 4
2331, badlands, minecraft:wooded_badlands, MONSTER, minecraft:creeper, 30, 4, 4
2332, badlands, minecraft:wooded_badlands, MONSTER, minecraft:slime, 30, 4, 4
2333, badlands, minecraft:wooded_badlands, MONSTER, minecraft:enderman, 5, 1, 4
2334, badlands, minecraft:wooded_badlands, MONSTER, minecraft:witch, 5, 1, 1
2335, badlands, minecraft:wooded_badlands, MONSTER, cataclysm:koboleton, 15, 2, 3
2336, badlands, minecraft:wooded_badlands, MONSTER, irons_spellbooks:necromancer, 18, 1, 1
2337, badlands, minecraft:wooded_badlands, CREATURE, minecraft:armadillo, 6, 1, 2
2338, badlands, minecraft:wooded_badlands, CREATURE, minecraft:wolf, 5, 4, 8
2339, badlands, minecraft:wooded_badlands, CREATURE, ars_nouveau:drygmy, 5, 1, 2
2340, badlands, minecraft:wooded_badlands, CREATURE, ars_nouveau:gift_starby, 5, 1, 1
2341, badlands, minecraft:wooded_badlands, CREATURE, ars_nouveau:starbuncle, 5, 1, 2
2342, badlands, minecraft:wooded_badlands, CREATURE, ars_nouveau:whirlisprig, 5, 1, 2
2343, badlands, minecraft:wooded_badlands, AMBIENT, minecraft:bat, 10, 8, 8
2344, badlands, minecraft:wooded_badlands, UNDERGROUND_WATER_CREATURE, minecraft:glow_squid, 10, 4, 6
2345, forest, biomeswevegone:zelkova_forest, MONSTER, minecraft:spider, 30, 4, 4
2346, forest, biomeswevegone:zelkova_forest, MONSTER, minecraft:zombie, 30, 4, 4
2347, forest, biomeswevegone:zelkova_forest, MONSTER, minecraft:zombie_villager, 5, 1, 1
2348, forest, biomeswevegone:zelkova_forest, MONSTER, minecraft:skeleton, 30, 4, 4
2349, forest, biomeswevegone:zelkova_forest, MONSTER, minecraft:creeper, 30, 4, 4
2350, forest, biomeswevegone:zelkova_forest, MONSTER, minecraft:slime, 30, 4, 4
2351, forest, biomeswevegone:zelkova_forest, MONSTER, minecraft:enderman, 5, 1, 4
2352, forest, biomeswevegone:zelkova_forest, MONSTER, minecraft:witch, 5, 1, 1
2353, forest, biomeswevegone:zelkova_forest, MONSTER, irons_spellbooks:necromancer, 18, 1, 1
2354, forest, biomeswevegone:zelkova_forest, CREATURE, minecraft:sheep, 12, 4, 4
2355, forest, biomeswevegone:zelkova_forest, CREATURE, minecraft:pig, 10, 4, 4
2356, forest, biomeswevegone:zelkova_forest, CREATURE, minecraft:chicken, 10, 4, 4
2357, forest, biomeswevegone:zelkova_forest, CREATURE, minecraft:cow, 8, 4, 4
2358, forest, biomeswevegone:zelkova_forest, CREATURE, minecraft:wolf, 5, 4, 4
2359, forest, biomeswevegone:zelkova_forest, CREATURE, ars_nouveau:drygmy, 5, 1, 2
2360, forest, biomeswevegone:zelkova_forest, CREATURE, ars_nouveau:gift_starby, 5, 1, 1
2361, forest, biomeswevegone:zelkova_forest, CREATURE, ars_nouveau:starbuncle, 5, 1, 2
2362, forest, biomeswevegone:zelkova_forest, CREATURE, ars_nouveau:whirlisprig, 5, 1, 2
2363, forest, biomeswevegone:zelkova_forest, AMBIENT, minecraft:bat, 10, 8, 8
